id,level,scope,factor,snap_date,raw_value,percentile,window_days,sample_size
1,stock,600036,margin_buy,2026-06-27,339519949.0,,250,0
2,market,MARKET,limit_chain,2026-06-27,6.0,,250,0
3,market,MARKET,limit_count,2026-06-27,60.0,,250,0
4,market,MARKET,margin_balance,2026-06-27,801602446146.0,,250,0
5,stock,562500,fund_flow_main,2026-06-27,17997688.0,,250,0
6,stock,562500,margin_buy,2026-06-27,49514379.0,,250,0
7,stock,601919,fund_flow_main,2026-06-27,-90999602.0,,250,0
8,stock,601919,margin_buy,2026-06-27,57936673.0,,250,0
9,stock,515450,fund_flow_main,2026-06-27,-9033437.0,,250,0
10,stock,515450,margin_buy,2026-06-27,20578853.0,,250,0
11,stock,588870,fund_flow_main,2026-06-27,5471347.0,,250,0
12,stock,601899,fund_flow_main,2026-06-27,5254784.0,,250,0
13,stock,601899,margin_buy,2026-06-27,656009963.0,,250,0
14,stock,600900,fund_flow_main,2026-06-27,-184865832.0,,250,0
15,stock,600900,margin_buy,2026-06-27,231335719.0,,250,0
16,stock,600519,fund_flow_main,2026-06-27,-52656848.0,,250,0
17,stock,600519,margin_buy,2026-06-27,399270757.0,,250,0
18,stock,000858,fund_flow_main,2026-06-27,1825893888.0,,250,0
19,stock,601318,fund_flow_main,2026-06-27,-181602912.0,,250,0
20,stock,601318,margin_buy,2026-06-27,887953862.0,,250,0
21,stock,510300,fund_flow_main,2026-06-27,187967008.0,,250,0
22,stock,510300,margin_buy,2026-06-27,163152430.0,,250,0
23,stock,510500,fund_flow_main,2026-06-27,251151696.0,,250,0
24,stock,510500,margin_buy,2026-06-27,154802983.0,,250,0
25,stock,600886,fund_flow_main,2026-06-27,39814253.0,,250,0
26,stock,600886,margin_buy,2026-06-27,25322295.0,,250,0
27,market,MARKET,limit_chain,2026-06-26,6.0,,250,0
28,market,MARKET,limit_count,2026-06-26,60.0,,250,0
29,market,MARKET,limit_chain,2026-06-25,5.0,,250,0
30,market,MARKET,limit_count,2026-06-25,86.0,,250,0
31,market,MARKET,limit_chain,2026-06-24,4.0,,250,0
32,market,MARKET,limit_count,2026-06-24,98.0,,250,0
33,market,MARKET,limit_chain,2026-06-23,5.0,,250,0
34,market,MARKET,limit_count,2026-06-23,96.0,,250,0
35,market,MARKET,limit_chain,2026-06-22,5.0,,250,0
36,market,MARKET,limit_count,2026-06-22,134.0,,250,0
37,market,MARKET,limit_count,2026-06-21,0.0,,250,0
38,market,MARKET,limit_count,2026-06-20,0.0,,250,0
39,market,MARKET,limit_count,2026-06-19,0.0,,250,0
40,market,MARKET,limit_chain,2026-06-18,4.0,,250,0
41,market,MARKET,limit_count,2026-06-18,91.0,,250,0
42,market,MARKET,limit_chain,2026-06-17,3.0,,250,0
43,market,MARKET,limit_count,2026-06-17,86.0,,250,0
44,market,MARKET,limit_chain,2026-06-28,6.0,,250,0
45,market,MARKET,limit_count,2026-06-28,60.0,,250,0
46,market,MARKET,margin_balance,2026-06-28,801602446146.0,,250,0
47,market,MARKET,breadth_up,2026-06-28,0.14321972443799855,,250,0
48,market,MARKET,breadth_down,2026-06-28,0.8477157360406091,,250,0
49,stock,600519,fund_flow_main,2026-06-28,-52656848.0,,250,0
50,stock,600519,margin_buy,2026-06-28,399270757.0,,250,0
51,stock,000858,fund_flow_main,2026-06-28,1825893888.0,,250,0
52,stock,600036,fund_flow_main,2026-06-28,-155222164.0,,250,0
53,stock,600036,margin_buy,2026-06-28,327916159.0,,250,0
54,stock,601318,fund_flow_main,2026-06-28,-181602912.0,,250,0
55,stock,601318,margin_buy,2026-06-28,887953862.0,,250,0
56,stock,510300,fund_flow_main,2026-06-28,187967008.0,,250,0
57,stock,510300,margin_buy,2026-06-28,163152430.0,,250,0
58,stock,510500,fund_flow_main,2026-06-28,251151696.0,,250,0
59,stock,510500,margin_buy,2026-06-28,154802983.0,,250,0
60,stock,562500,fund_flow_main,2026-06-28,17997688.0,,250,0
61,stock,562500,margin_buy,2026-06-28,49514379.0,,250,0
62,stock,601919,fund_flow_main,2026-06-28,-90999602.0,,250,0
63,stock,601919,margin_buy,2026-06-28,57936673.0,,250,0
64,stock,515450,fund_flow_main,2026-06-28,-9033437.0,,250,0
65,stock,515450,margin_buy,2026-06-28,20578853.0,,250,0
66,stock,588870,fund_flow_main,2026-06-28,5471347.0,,250,0
67,stock,601899,fund_flow_main,2026-06-28,5254784.0,,250,0
68,stock,601899,margin_buy,2026-06-28,656009963.0,,250,0
69,stock,600900,fund_flow_main,2026-06-28,-184865832.0,,250,0
70,stock,600900,margin_buy,2026-06-28,231335719.0,,250,0
71,stock,600886,fund_flow_main,2026-06-28,39814253.0,,250,0
72,stock,600886,margin_buy,2026-06-28,25322295.0,,250,0
73,stock,600030,fund_flow_main,2026-06-28,-218544592.0,,250,0
74,stock,600030,margin_buy,2026-06-28,904273239.0,,250,0
75,stock,600276,fund_flow_main,2026-06-28,-280056163.0,,250,0
76,stock,600276,margin_buy,2026-06-28,348746409.0,,250,0
77,stock,600309,fund_flow_main,2026-06-28,18209840.0,,250,0
78,stock,600309,margin_buy,2026-06-28,169783950.0,,250,0
79,stock,600760,fund_flow_main,2026-06-28,79892109.0,,250,0
80,stock,600760,margin_buy,2026-06-28,196478442.0,,250,0
81,stock,600887,fund_flow_main,2026-06-28,-21401759.0,,250,0
82,stock,600887,margin_buy,2026-06-28,53787234.0,,250,0
83,stock,600941,fund_flow_main,2026-06-28,-200466560.0,,250,0
84,stock,600941,margin_buy,2026-06-28,57850663.0,,250,0
85,stock,601012,fund_flow_main,2026-06-28,5008784.0,,250,0
86,stock,601012,margin_buy,2026-06-28,201746485.0,,250,0
87,stock,601138,fund_flow_main,2026-06-28,1004784912.0,,250,0
88,stock,601138,margin_buy,2026-06-28,1916559781.0,,250,0
89,stock,601166,fund_flow_main,2026-06-28,66572138.0,,250,0
90,stock,601166,margin_buy,2026-06-28,156428578.0,,250,0
91,stock,601225,fund_flow_main,2026-06-28,-84963496.0,,250,0
92,stock,601225,margin_buy,2026-06-28,29279807.0,,250,0
93,stock,601857,fund_flow_main,2026-06-28,4406964.0,,250,0
94,stock,601857,margin_buy,2026-06-28,97653342.0,,250,0
95,stock,601816,fund_flow_main,2026-06-28,-17889026.0,,250,0
96,stock,601816,margin_buy,2026-06-28,59470871.0,,250,0
97,stock,603288,fund_flow_main,2026-06-28,-29017368.0,,250,0
98,stock,603288,margin_buy,2026-06-28,51457903.0,,250,0
99,stock,603501,fund_flow_main,2026-06-28,19718052.0,,250,0
100,stock,603501,margin_buy,2026-06-28,193033098.0,,250,0
101,stock,601088,fund_flow_main,2026-06-28,-8453888.0,,250,0
102,stock,601088,margin_buy,2026-06-28,112642800.0,,250,0
103,stock,688041,fund_flow_main,2026-06-28,-246563488.0,,250,0
104,stock,688041,margin_buy,2026-06-28,1603929231.0,,250,0
105,stock,688111,fund_flow_main,2026-06-28,-95672393.0,,250,0
106,stock,688111,margin_buy,2026-06-28,248195553.0,,250,0
107,stock,688981,fund_flow_main,2026-06-28,-74910144.0,,250,0
108,stock,688981,margin_buy,2026-06-28,2114882746.0,,250,0
109,stock,512710,fund_flow_main,2026-06-28,175362655.0,,250,0
110,stock,512710,margin_buy,2026-06-28,33263940.0,,250,0
111,stock,601127,fund_flow_main,2026-06-28,-200295564.0,,250,0
112,stock,601127,margin_buy,2026-06-28,135347322.0,,250,0
113,sector,半导体,sector_flow,2026-06-28,-26207293440.0,,250,0
114,market,MARKET,limit_chain,2026-06-29,3.0,,250,0
115,market,MARKET,limit_count,2026-06-29,107.0,,250,0
116,market,MARKET,margin_balance,2026-06-29,801602446146.0,,250,0
117,market,MARKET,breadth_up,2026-06-29,0.44785053509885725,,250,0
118,market,MARKET,breadth_down,2026-06-29,0.5320152367132233,,250,0
119,stock,600519,fund_flow_main,2026-06-29,-52656848.0,,250,0
120,stock,600519,margin_buy,2026-06-29,399270757.0,,250,0
121,stock,000858,fund_flow_main,2026-06-29,1825893888.0,,250,0
122,stock,600036,fund_flow_main,2026-06-29,-155222164.0,,250,0
123,stock,600036,margin_buy,2026-06-29,327916159.0,,250,0
124,stock,601318,fund_flow_main,2026-06-29,-181602912.0,,250,0
125,stock,601318,margin_buy,2026-06-29,887953862.0,,250,0
126,stock,510300,fund_flow_main,2026-06-29,187967008.0,,250,0
127,stock,510300,margin_buy,2026-06-29,163152430.0,,250,0
128,stock,510500,fund_flow_main,2026-06-29,251151696.0,,250,0
129,stock,510500,margin_buy,2026-06-29,154802983.0,,250,0
130,stock,562500,fund_flow_main,2026-06-29,17997688.0,,250,0
131,stock,562500,margin_buy,2026-06-29,49514379.0,,250,0
132,stock,601919,fund_flow_main,2026-06-29,-90999602.0,,250,0
133,stock,601919,margin_buy,2026-06-29,57936673.0,,250,0
134,stock,515450,fund_flow_main,2026-06-29,-9033437.0,,250,0
135,stock,515450,margin_buy,2026-06-29,20578853.0,,250,0
136,stock,588870,fund_flow_main,2026-06-29,5471347.0,,250,0
137,market,MARKET,margin_balance,2023-09-22,858380764024.0,,250,0
138,market,MARKET,margin_balance,2023-09-21,857929859046.0,,250,0
139,market,MARKET,margin_balance,2023-09-20,858087110775.0,,250,0
140,market,MARKET,margin_balance,2023-09-19,859008656696.0,,250,0
141,market,MARKET,margin_balance,2023-09-18,859650891699.0,,250,0
142,market,MARKET,margin_balance,2023-09-15,857554307877.0,,250,0
143,market,MARKET,margin_balance,2023-09-14,856499943981.0,,250,0
144,market,MARKET,margin_balance,2023-09-13,856452393349.0,,250,0
145,market,MARKET,margin_balance,2023-09-12,853948365928.0,,250,0
146,market,MARKET,margin_balance,2023-09-11,850992029233.0,,250,0
147,market,MARKET,margin_balance,2023-09-08,838273233418.0,,250,0
148,market,MARKET,margin_balance,2023-09-07,840049387536.0,,250,0
149,market,MARKET,margin_balance,2023-09-06,842514260991.0,,250,0
150,market,MARKET,margin_balance,2023-09-05,840690600634.0,,250,0
151,market,MARKET,margin_balance,2023-09-04,839711633218.0,,250,0
152,market,MARKET,margin_balance,2023-09-01,836858158735.0,,250,0
153,market,MARKET,margin_balance,2023-08-31,838969191441.0,,250,0
154,market,MARKET,margin_balance,2023-08-30,839979606829.0,,250,0
155,market,MARKET,margin_balance,2023-08-29,838928692324.0,,250,0
156,market,MARKET,margin_balance,2023-08-28,834370518698.0,,250,0
157,market,MARKET,margin_balance,2023-08-25,829844500299.0,,250,0
158,market,MARKET,margin_balance,2023-08-24,834720394615.0,,250,0
159,market,MARKET,margin_balance,2023-08-23,834539350148.0,,250,0
160,market,MARKET,margin_balance,2023-08-22,837450026248.0,,250,0
161,market,MARKET,margin_balance,2023-08-21,836499822787.0,,250,0
162,market,MARKET,margin_balance,2023-08-18,836110093628.0,,250,0
163,market,MARKET,margin_balance,2023-08-17,838834535787.0,,250,0
164,market,MARKET,margin_balance,2023-08-16,837383092410.0,,250,0
165,market,MARKET,margin_balance,2023-08-15,837932580138.0,,250,0
166,market,MARKET,margin_balance,2023-08-14,838582514247.0,,250,0
167,market,MARKET,margin_balance,2023-08-11,839457780256.0,,250,0
168,market,MARKET,margin_balance,2023-08-10,843713394362.0,,250,0
169,market,MARKET,margin_balance,2023-08-09,843941785941.0,,250,0
170,market,MARKET,margin_balance,2023-08-08,845906818194.0,,250,0
171,market,MARKET,margin_balance,2023-08-07,845776670843.0,,250,0
172,market,MARKET,margin_balance,2023-08-04,844325745809.0,,250,0
173,market,MARKET,margin_balance,2023-08-03,843002018475.0,,250,0
174,market,MARKET,margin_balance,2023-08-02,840518642245.0,,250,0
175,market,MARKET,margin_balance,2023-08-01,838499195850.0,,250,0
176,market,MARKET,margin_balance,2023-07-31,837176179801.0,,250,0
177,market,MARKET,margin_balance,2023-07-28,831933939080.0,,250,0
178,market,MARKET,margin_balance,2023-07-27,831512393831.0,,250,0
179,market,MARKET,margin_balance,2023-07-26,831898985597.0,,250,0
180,market,MARKET,margin_balance,2023-07-25,832098312207.0,,250,0
181,market,MARKET,margin_balance,2023-07-24,831097253857.0,,250,0
182,market,MARKET,margin_balance,2023-07-21,832556557799.0,,250,0
183,market,MARKET,margin_balance,2023-07-20,835137234770.0,,250,0
184,market,MARKET,margin_balance,2023-07-19,838253660711.0,,250,0
185,market,MARKET,margin_balance,2023-07-18,838124666264.0,,250,0
186,market,MARKET,margin_balance,2023-07-17,838723908649.0,,250,0
187,market,MARKET,margin_balance,2023-07-14,839045943232.0,,250,0
188,market,MARKET,margin_balance,2023-07-13,840557707129.0,,250,0
189,market,MARKET,margin_balance,2023-07-12,841925221144.0,,250,0
190,market,MARKET,margin_balance,2023-07-11,844244024784.0,,250,0
191,market,MARKET,margin_balance,2023-07-10,844559705386.0,,250,0
192,market,MARKET,margin_balance,2023-07-07,844192519769.0,,250,0
193,market,MARKET,margin_balance,2023-07-06,846358239040.0,,250,0
194,market,MARKET,margin_balance,2023-07-05,846273454185.0,,250,0
195,market,MARKET,margin_balance,2023-07-04,845705233243.0,,250,0
196,market,MARKET,margin_balance,2023-07-03,844693165463.0,,250,0
197,market,MARKET,margin_balance,2023-06-30,843758547560.0,,250,0
198,market,MARKET,margin_balance,2023-06-29,846075858242.0,,250,0
199,market,MARKET,margin_balance,2023-06-28,845455555397.0,,250,0
200,market,MARKET,margin_balance,2023-06-27,846375984334.0,,250,0
201,market,MARKET,margin_balance,2023-06-26,846262788249.0,,250,0
202,market,MARKET,margin_balance,2023-06-21,847136562984.0,,250,0
203,market,MARKET,margin_balance,2023-06-20,853412548158.0,,250,0
204,market,MARKET,margin_balance,2023-06-19,852284501340.0,,250,0
205,market,MARKET,margin_balance,2023-06-16,851027942398.0,,250,0
206,market,MARKET,margin_balance,2023-06-15,851336153711.0,,250,0
207,market,MARKET,margin_balance,2023-06-14,851046333794.0,,250,0
208,market,MARKET,margin_balance,2023-06-13,850639604999.0,,250,0
209,market,MARKET,margin_balance,2023-06-12,850642437167.0,,250,0
210,market,MARKET,margin_balance,2023-06-09,849301051591.0,,250,0
211,market,MARKET,margin_balance,2023-06-08,850351912526.0,,250,0
212,market,MARKET,margin_balance,2023-06-07,851971846765.0,,250,0
213,market,MARKET,margin_balance,2023-06-06,853052483470.0,,250,0
214,market,MARKET,margin_balance,2023-06-05,856280880670.0,,250,0
215,market,MARKET,margin_balance,2023-06-02,855259863769.0,,250,0
216,market,MARKET,margin_balance,2023-06-01,858330817156.0,,250,0
217,market,MARKET,margin_balance,2023-05-31,857725483469.0,,250,0
218,market,MARKET,margin_balance,2023-05-30,857480588891.0,,250,0
219,market,MARKET,margin_balance,2023-05-29,856971464687.0,,250,0
220,market,MARKET,margin_balance,2023-05-26,857007186383.0,,250,0
221,market,MARKET,margin_balance,2023-05-25,858339248147.0,,250,0
222,market,MARKET,margin_balance,2023-05-24,858338201126.0,,250,0
223,market,MARKET,margin_balance,2023-05-23,857779348946.0,,250,0
224,market,MARKET,margin_balance,2023-05-22,859685112541.0,,250,0
225,market,MARKET,margin_balance,2023-05-19,861045196379.0,,250,0
226,market,MARKET,margin_balance,2023-05-18,862495571165.0,,250,0
227,market,MARKET,margin_balance,2023-05-17,861070584202.0,,250,0
228,market,MARKET,margin_balance,2023-05-16,860904342561.0,,250,0
229,market,MARKET,margin_balance,2023-05-15,861960611521.0,,250,0
230,market,MARKET,margin_balance,2023-05-12,859550286049.0,,250,0
231,market,MARKET,margin_balance,2023-05-11,863087109135.0,,250,0
232,market,MARKET,margin_balance,2023-05-10,863513498821.0,,250,0
233,market,MARKET,margin_balance,2023-05-09,862134440106.0,,250,0
234,market,MARKET,margin_balance,2023-05-08,860245549794.0,,250,0
235,market,MARKET,margin_balance,2023-05-05,854266076187.0,,250,0
236,market,MARKET,margin_balance,2023-05-04,856677501623.0,,250,0
237,market,MARKET,margin_balance,2023-04-28,851955976985.0,,250,0
238,market,MARKET,margin_balance,2023-04-27,856717566573.0,,250,0
239,market,MARKET,margin_balance,2023-04-26,858163837010.0,,250,0
240,market,MARKET,margin_balance,2023-04-25,861182966321.0,,250,0
241,market,MARKET,margin_balance,2023-04-24,866123249034.0,,250,0
242,market,MARKET,margin_balance,2023-04-21,866805029513.0,,250,0
243,market,MARKET,margin_balance,2023-04-20,872616259858.0,,250,0
244,market,MARKET,margin_balance,2023-04-19,868803925272.0,,250,0
245,market,MARKET,margin_balance,2023-04-18,867755900678.0,,250,0
246,market,MARKET,margin_balance,2023-04-17,867370898875.0,,250,0
247,market,MARKET,margin_balance,2023-04-14,864743209029.0,,250,0
248,market,MARKET,margin_balance,2023-04-13,864282646244.0,,250,0
249,market,MARKET,margin_balance,2023-04-12,865840706842.0,,250,0
250,market,MARKET,margin_balance,2023-04-11,861737653258.0,,250,0
251,market,MARKET,margin_balance,2023-04-10,862019274230.0,,250,0
252,market,MARKET,margin_balance,2023-04-07,863091709655.0,,250,0
253,market,MARKET,margin_balance,2023-04-06,863791280849.0,,250,0
254,market,MARKET,margin_balance,2023-04-04,858150206567.0,,250,0
255,market,MARKET,margin_balance,2023-04-03,857783982623.0,,250,0
256,market,MARKET,margin_balance,2023-03-31,852892436422.0,,250,0
257,market,MARKET,margin_balance,2023-03-30,855417451708.0,,250,0
258,market,MARKET,margin_balance,2023-03-29,856120481168.0,,250,0
259,market,MARKET,margin_balance,2023-03-28,856030036771.0,,250,0
260,market,MARKET,margin_balance,2023-03-27,855734664754.0,,250,0
261,market,MARKET,margin_balance,2023-03-24,851574580182.0,,250,0
262,market,MARKET,margin_balance,2023-03-23,851059552143.0,,250,0
263,market,MARKET,margin_balance,2023-03-22,847425867462.0,,250,0
264,market,MARKET,margin_balance,2023-03-21,845839149588.0,,250,0
265,market,MARKET,margin_balance,2023-03-20,844881283967.0,,250,0
266,market,MARKET,margin_balance,2023-03-17,843729378979.0,,250,0
267,market,MARKET,margin_balance,2023-03-16,843731934036.0,,250,0
268,market,MARKET,margin_balance,2023-03-15,844109122778.0,,250,0
269,market,MARKET,margin_balance,2023-03-14,843324286073.0,,250,0
270,market,MARKET,margin_balance,2023-03-13,841411174420.0,,250,0
271,market,MARKET,margin_balance,2023-03-10,840451435889.0,,250,0
272,market,MARKET,margin_balance,2023-03-09,844328019539.0,,250,0
273,market,MARKET,margin_balance,2023-03-08,842223284518.0,,250,0
274,market,MARKET,margin_balance,2023-03-07,841422864009.0,,250,0
275,market,MARKET,margin_balance,2023-03-06,842751770394.0,,250,0
276,market,MARKET,margin_balance,2023-03-03,839635957585.0,,250,0
277,market,MARKET,margin_balance,2023-03-02,839604103848.0,,250,0
278,market,MARKET,margin_balance,2023-03-01,840512218948.0,,250,0
279,market,MARKET,margin_balance,2023-02-28,838681418773.0,,250,0
280,market,MARKET,margin_balance,2023-02-27,838667164993.0,,250,0
281,market,MARKET,margin_balance,2023-02-24,839635445901.0,,250,0
282,market,MARKET,margin_balance,2023-02-23,840983683289.0,,250,0
283,market,MARKET,margin_balance,2023-02-22,840954742188.0,,250,0
284,market,MARKET,margin_balance,2023-02-21,839289543056.0,,250,0
285,market,MARKET,margin_balance,2023-02-20,838123807513.0,,250,0
286,market,MARKET,margin_balance,2023-02-17,834529092600.0,,250,0
287,market,MARKET,margin_balance,2023-02-16,837689029703.0,,250,0
288,market,MARKET,margin_balance,2023-02-15,839474368205.0,,250,0
289,market,MARKET,margin_balance,2023-02-14,837062695625.0,,250,0
290,market,MARKET,margin_balance,2023-02-13,835452392082.0,,250,0
291,market,MARKET,margin_balance,2023-02-10,832409788511.0,,250,0
292,market,MARKET,margin_balance,2023-02-09,834455798893.0,,250,0
293,market,MARKET,margin_balance,2023-02-08,832679668969.0,,250,0
294,market,MARKET,margin_balance,2023-02-07,832227596814.0,,250,0
295,market,MARKET,margin_balance,2023-02-06,829716562412.0,,250,0
296,market,MARKET,margin_balance,2023-02-03,827360812591.0,,250,0
297,market,MARKET,margin_balance,2023-02-02,826499914758.0,,250,0
298,market,MARKET,margin_balance,2023-02-01,823472416381.0,,250,0
299,market,MARKET,margin_balance,2023-01-31,818423290842.0,,250,0
300,market,MARKET,margin_balance,2023-01-30,815986684274.0,,250,0
301,market,MARKET,margin_balance,2023-01-20,806346061418.0,,250,0
302,market,MARKET,margin_balance,2023-01-19,814935536011.0,,250,0
303,market,MARKET,margin_balance,2023-01-18,815524102118.0,,250,0
304,market,MARKET,margin_balance,2023-01-17,818494869094.0,,250,0
305,market,MARKET,margin_balance,2023-01-16,820244797939.0,,250,0
306,market,MARKET,margin_balance,2023-01-13,819325621509.0,,250,0
307,market,MARKET,margin_balance,2023-01-12,820979598430.0,,250,0
308,market,MARKET,margin_balance,2023-01-11,822108667574.0,,250,0
309,market,MARKET,margin_balance,2023-01-10,823712161540.0,,250,0
310,market,MARKET,margin_balance,2023-01-09,823518137486.0,,250,0
311,market,MARKET,margin_balance,2023-01-06,821710570835.0,,250,0
312,market,MARKET,margin_balance,2023-01-05,823129886138.0,,250,0
313,market,MARKET,margin_balance,2023-01-04,821837936889.0,,250,0
314,market,MARKET,margin_balance,2023-01-03,821564167485.0,,250,0
315,market,MARKET,margin_balance,2022-12-30,819996118205.0,,250,0
316,market,MARKET,margin_balance,2022-12-29,824694666593.0,,250,0
317,market,MARKET,margin_balance,2022-12-28,824271400710.0,,250,0
318,market,MARKET,margin_balance,2022-12-27,826120246509.0,,250,0
319,market,MARKET,margin_balance,2022-12-26,826487754612.0,,250,0
320,market,MARKET,margin_balance,2022-12-23,823852812157.0,,250,0
321,market,MARKET,margin_balance,2022-12-22,826966533240.0,,250,0
322,market,MARKET,margin_balance,2022-12-21,829145110820.0,,250,0
323,market,MARKET,margin_balance,2022-12-20,831020775832.0,,250,0
324,market,MARKET,margin_balance,2022-12-19,831227076820.0,,250,0
325,market,MARKET,margin_balance,2022-12-16,834097059924.0,,250,0
326,market,MARKET,margin_balance,2022-12-15,837445111546.0,,250,0
327,market,MARKET,margin_balance,2022-12-14,836931234475.0,,250,0
328,market,MARKET,margin_balance,2022-12-13,838586869665.0,,250,0
329,market,MARKET,margin_balance,2022-12-12,839897596741.0,,250,0
330,market,MARKET,margin_balance,2022-12-09,837087050281.0,,250,0
331,market,MARKET,margin_balance,2022-12-08,838135363789.0,,250,0
332,market,MARKET,margin_balance,2022-12-07,837992618109.0,,250,0
333,market,MARKET,margin_balance,2022-12-06,837086720133.0,,250,0
334,market,MARKET,margin_balance,2022-12-05,837256615120.0,,250,0
335,market,MARKET,margin_balance,2022-12-02,832943785826.0,,250,0
336,market,MARKET,margin_balance,2022-12-01,835308899342.0,,250,0
337,market,MARKET,margin_balance,2022-11-30,833908596813.0,,250,0
338,market,MARKET,margin_balance,2022-11-29,837066426765.0,,250,0
339,market,MARKET,margin_balance,2022-11-28,835333126148.0,,250,0
340,market,MARKET,margin_balance,2022-11-25,836197805819.0,,250,0
341,market,MARKET,margin_balance,2022-11-24,840413823275.0,,250,0
342,market,MARKET,margin_balance,2022-11-23,840710854509.0,,250,0
343,market,MARKET,margin_balance,2022-11-22,840902160627.0,,250,0
344,market,MARKET,margin_balance,2022-11-21,842020482712.0,,250,0
345,market,MARKET,margin_balance,2022-11-18,840245584455.0,,250,0
346,market,MARKET,margin_balance,2022-11-17,845248804884.0,,250,0
347,market,MARKET,margin_balance,2022-11-16,843484534305.0,,250,0
348,market,MARKET,margin_balance,2022-11-15,844210774171.0,,250,0
349,market,MARKET,margin_balance,2022-11-14,840664125192.0,,250,0
350,market,MARKET,margin_balance,2022-11-11,840827189689.0,,250,0
351,market,MARKET,margin_balance,2022-11-10,844815149453.0,,250,0
352,market,MARKET,margin_balance,2022-11-09,845271176069.0,,250,0
353,market,MARKET,margin_balance,2022-11-08,845333308330.0,,250,0
354,market,MARKET,margin_balance,2022-11-07,844455077472.0,,250,0
355,market,MARKET,margin_balance,2022-11-04,842087675241.0,,250,0
356,market,MARKET,margin_balance,2022-11-03,841675306433.0,,250,0
357,market,MARKET,margin_balance,2022-11-02,839441784695.0,,250,0
358,market,MARKET,margin_balance,2022-11-01,838260899394.0,,250,0
359,market,MARKET,margin_balance,2022-10-31,835728457481.0,,250,0
360,market,MARKET,margin_balance,2022-10-28,835063774708.0,,250,0
361,market,MARKET,margin_balance,2022-10-27,843114813480.0,,250,0
362,market,MARKET,margin_balance,2022-10-26,844246458369.0,,250,0
363,market,MARKET,margin_balance,2022-10-25,841517157625.0,,250,0
364,market,MARKET,margin_balance,2022-10-24,842416501905.0,,250,0
365,market,MARKET,margin_balance,2022-10-21,841983945710.0,,250,0
366,market,MARKET,margin_balance,2022-10-20,844400904302.0,,250,0
367,market,MARKET,margin_balance,2022-10-19,842174505717.0,,250,0
368,market,MARKET,margin_balance,2022-10-18,841437869325.0,,250,0
369,market,MARKET,margin_balance,2022-10-17,839718074586.0,,250,0
370,market,MARKET,margin_balance,2022-10-14,837674947970.0,,250,0
371,market,MARKET,margin_balance,2022-10-13,836011287702.0,,250,0
372,market,MARKET,margin_balance,2022-10-12,834630428481.0,,250,0
373,market,MARKET,margin_balance,2022-10-11,831677108923.0,,250,0
374,market,MARKET,margin_balance,2022-10-10,831664402855.0,,250,0
375,market,MARKET,margin_balance,2022-09-30,832603958016.0,,250,0
376,market,MARKET,margin_balance,2022-09-29,842620914758.0,,250,0
377,market,MARKET,margin_balance,2022-09-28,845832095922.0,,250,0
378,market,MARKET,margin_balance,2022-09-27,851331860855.0,,250,0
379,market,MARKET,margin_balance,2022-09-26,850843190343.0,,250,0
380,market,MARKET,margin_balance,2022-09-23,853666375671.0,,250,0
381,market,MARKET,margin_balance,2022-09-22,858792843966.0,,250,0
382,market,MARKET,margin_balance,2022-09-21,859840628655.0,,250,0
383,market,MARKET,margin_balance,2022-09-20,860040662753.0,,250,0
384,market,MARKET,margin_balance,2022-09-19,858481992311.0,,250,0
385,market,MARKET,margin_balance,2022-09-16,860454063804.0,,250,0
386,market,MARKET,margin_balance,2022-09-15,864866921514.0,,250,0
387,market,MARKET,margin_balance,2022-09-14,868725907306.0,,250,0
388,market,MARKET,margin_balance,2022-09-13,869493678460.0,,250,0
389,market,MARKET,margin_balance,2022-09-09,867014522164.0,,250,0
390,market,MARKET,margin_balance,2022-09-08,872435391373.0,,250,0
391,market,MARKET,margin_balance,2022-09-07,874008697278.0,,250,0
392,market,MARKET,margin_balance,2022-09-06,872994364879.0,,250,0
393,market,MARKET,margin_balance,2022-09-05,872935510149.0,,250,0
394,market,MARKET,margin_balance,2022-09-02,872393652499.0,,250,0
395,market,MARKET,margin_balance,2022-09-01,873582823873.0,,250,0
396,market,MARKET,margin_balance,2022-08-31,875370909825.0,,250,0
397,market,MARKET,margin_balance,2022-08-30,881512195765.0,,250,0
398,market,MARKET,margin_balance,2022-08-29,883080141012.0,,250,0
399,market,MARKET,margin_balance,2022-08-26,883043509428.0,,250,0
400,market,MARKET,margin_balance,2022-08-25,885887323960.0,,250,0
401,market,MARKET,margin_balance,2022-08-24,887108336770.0,,250,0
402,market,MARKET,margin_balance,2022-08-23,891605413976.0,,250,0
403,market,MARKET,margin_balance,2022-08-22,889502999426.0,,250,0
404,market,MARKET,margin_balance,2022-08-19,887770163405.0,,250,0
405,market,MARKET,margin_balance,2022-08-18,891566160242.0,,250,0
406,market,MARKET,margin_balance,2022-08-17,889361857825.0,,250,0
407,market,MARKET,margin_balance,2022-08-16,888043681811.0,,250,0
408,market,MARKET,margin_balance,2022-08-15,886198218483.0,,250,0
409,market,MARKET,margin_balance,2022-08-12,884403124543.0,,250,0
410,market,MARKET,margin_balance,2022-08-11,887105386367.0,,250,0
411,market,MARKET,margin_balance,2022-08-10,886045881484.0,,250,0
412,market,MARKET,margin_balance,2022-08-09,884797286786.0,,250,0
413,market,MARKET,margin_balance,2022-08-08,881966381748.0,,250,0
414,market,MARKET,margin_balance,2022-08-05,879768590632.0,,250,0
415,market,MARKET,margin_balance,2022-08-04,878216704102.0,,250,0
416,market,MARKET,margin_balance,2022-08-03,875837887562.0,,250,0
417,market,MARKET,margin_balance,2022-08-02,876723766032.0,,250,0
418,market,MARKET,margin_balance,2022-08-01,883207667023.0,,250,0
419,market,MARKET,margin_balance,2022-07-29,881926064440.0,,250,0
420,market,MARKET,margin_balance,2022-07-28,884652138064.0,,250,0
421,market,MARKET,margin_balance,2022-07-27,884007431984.0,,250,0
422,market,MARKET,margin_balance,2022-07-26,882006881836.0,,250,0
423,market,MARKET,margin_balance,2022-07-25,882193044674.0,,250,0
424,market,MARKET,margin_balance,2022-07-22,882554057185.0,,250,0
425,market,MARKET,margin_balance,2022-07-21,882966084141.0,,250,0
426,market,MARKET,margin_balance,2022-07-20,882498979546.0,,250,0
427,market,MARKET,margin_balance,2022-07-19,881051019140.0,,250,0
428,market,MARKET,margin_balance,2022-07-18,879057825927.0,,250,0
429,market,MARKET,margin_balance,2022-07-15,876455282689.0,,250,0
430,market,MARKET,margin_balance,2022-07-14,878121264049.0,,250,0
431,market,MARKET,margin_balance,2022-07-13,875923862634.0,,250,0
432,market,MARKET,margin_balance,2022-07-12,875017184123.0,,250,0
433,market,MARKET,margin_balance,2022-07-11,877344901457.0,,250,0
434,market,MARKET,margin_balance,2022-07-08,877818527258.0,,250,0
435,market,MARKET,margin_balance,2022-07-07,879538818687.0,,250,0
436,market,MARKET,margin_balance,2022-07-06,877531298672.0,,250,0
437,market,MARKET,margin_balance,2022-07-05,875951890411.0,,250,0
438,market,MARKET,margin_balance,2022-07-04,873405631931.0,,250,0
439,market,MARKET,margin_balance,2022-07-01,868607222553.0,,250,0
440,market,MARKET,margin_balance,2022-06-30,870991148965.0,,250,0
441,market,MARKET,margin_balance,2022-06-29,867007538545.0,,250,0
442,market,MARKET,margin_balance,2022-06-28,867843137316.0,,250,0
443,market,MARKET,margin_balance,2022-06-27,863943557509.0,,250,0
444,market,MARKET,margin_balance,2022-06-24,858607743392.0,,250,0
445,market,MARKET,margin_balance,2022-06-23,857876160811.0,,250,0
446,market,MARKET,margin_balance,2022-06-22,855828006045.0,,250,0
447,market,MARKET,margin_balance,2022-06-21,853446045589.0,,250,0
448,market,MARKET,margin_balance,2022-06-20,854320698205.0,,250,0
449,market,MARKET,margin_balance,2022-06-17,849230420761.0,,250,0
450,market,MARKET,margin_balance,2022-06-16,850059743811.0,,250,0
451,market,MARKET,margin_balance,2022-06-15,847240597143.0,,250,0
452,market,MARKET,margin_balance,2022-06-14,844252842764.0,,250,0
453,market,MARKET,margin_balance,2022-06-13,841327347879.0,,250,0
454,market,MARKET,margin_balance,2022-06-10,835663368256.0,,250,0
455,market,MARKET,margin_balance,2022-06-09,835712799517.0,,250,0
456,market,MARKET,margin_balance,2022-06-08,835793892041.0,,250,0
457,market,MARKET,margin_balance,2022-06-07,834153948721.0,,250,0
458,market,MARKET,margin_balance,2022-06-06,831713682948.0,,250,0
459,market,MARKET,margin_balance,2022-06-02,825188323692.0,,250,0
460,market,MARKET,margin_balance,2022-06-01,827473964614.0,,250,0
461,market,MARKET,margin_balance,2022-05-31,828448685294.0,,250,0
462,market,MARKET,margin_balance,2022-05-30,827984545874.0,,250,0
463,market,MARKET,margin_balance,2022-05-27,826488033165.0,,250,0
464,market,MARKET,margin_balance,2022-05-26,829681572973.0,,250,0
465,market,MARKET,margin_balance,2022-05-25,829153697497.0,,250,0
466,market,MARKET,margin_balance,2022-05-24,827949020589.0,,250,0
467,market,MARKET,margin_balance,2022-05-23,831472694776.0,,250,0
468,market,MARKET,margin_balance,2022-05-20,828566644499.0,,250,0
469,market,MARKET,margin_balance,2022-05-19,829999553810.0,,250,0
470,market,MARKET,margin_balance,2022-05-18,830380253395.0,,250,0
471,market,MARKET,margin_balance,2022-05-17,828857681885.0,,250,0
472,market,MARKET,margin_balance,2022-05-16,829491000804.0,,250,0
473,market,MARKET,margin_balance,2022-05-13,827830249639.0,,250,0
474,market,MARKET,margin_balance,2022-05-12,828515648291.0,,250,0
475,market,MARKET,margin_balance,2022-05-11,828253955445.0,,250,0
476,market,MARKET,margin_balance,2022-05-10,825132808828.0,,250,0
477,market,MARKET,margin_balance,2022-05-09,823473609524.0,,250,0
478,market,MARKET,margin_balance,2022-05-06,821056076690.0,,250,0
479,market,MARKET,margin_balance,2022-05-05,821110157786.0,,250,0
480,market,MARKET,margin_balance,2022-04-29,818287424074.0,,250,0
481,market,MARKET,margin_balance,2022-04-28,824088149488.0,,250,0
482,market,MARKET,margin_balance,2022-04-27,829500213561.0,,250,0
483,market,MARKET,margin_balance,2022-04-26,833911981921.0,,250,0
484,market,MARKET,margin_balance,2022-04-25,848585504880.0,,250,0
485,market,MARKET,margin_balance,2022-04-22,861873396987.0,,250,0
486,market,MARKET,margin_balance,2022-04-21,868340488162.0,,250,0
487,market,MARKET,margin_balance,2022-04-20,873960998633.0,,250,0
488,market,MARKET,margin_balance,2022-04-19,874816091072.0,,250,0
489,market,MARKET,margin_balance,2022-04-18,875413441652.0,,250,0
490,market,MARKET,margin_balance,2022-04-15,875876003724.0,,250,0
491,market,MARKET,margin_balance,2022-04-14,879666183289.0,,250,0
492,market,MARKET,margin_balance,2022-04-13,879807008884.0,,250,0
493,market,MARKET,margin_balance,2022-04-12,882060318900.0,,250,0
494,market,MARKET,margin_balance,2022-04-11,882355814436.0,,250,0
495,market,MARKET,margin_balance,2022-04-08,887286552653.0,,250,0
496,market,MARKET,margin_balance,2022-04-07,889661027991.0,,250,0
497,market,MARKET,margin_balance,2022-04-06,892262299387.0,,250,0
498,market,MARKET,margin_balance,2022-04-01,888297125009.0,,250,0
499,market,MARKET,margin_balance,2022-03-31,894283045714.0,,250,0
500,market,MARKET,margin_balance,2022-03-30,898085665639.0,,250,0
501,market,MARKET,margin_balance,2022-03-29,895038181132.0,,250,0
502,market,MARKET,margin_balance,2022-03-28,896703602887.0,,250,0
503,market,MARKET,margin_balance,2022-03-25,897469047896.0,,250,0
504,market,MARKET,margin_balance,2022-03-24,900723167819.0,,250,0
505,market,MARKET,margin_balance,2022-03-23,901859464822.0,,250,0
506,market,MARKET,margin_balance,2022-03-22,901024713543.0,,250,0
507,market,MARKET,margin_balance,2022-03-21,901425542035.0,,250,0
508,market,MARKET,margin_balance,2022-03-18,897772424713.0,,250,0
509,market,MARKET,margin_balance,2022-03-17,903478005346.0,,250,0
510,market,MARKET,margin_balance,2022-03-16,904877423952.0,,250,0
511,market,MARKET,margin_balance,2022-03-15,906137063110.0,,250,0
512,market,MARKET,margin_balance,2022-03-14,914153349027.0,,250,0
513,market,MARKET,margin_balance,2022-03-11,914704499457.0,,250,0
514,market,MARKET,margin_balance,2022-03-10,916655968832.0,,250,0
515,market,MARKET,margin_balance,2022-03-09,916589838844.0,,250,0
516,market,MARKET,margin_balance,2022-03-08,919310118022.0,,250,0
517,market,MARKET,margin_balance,2022-03-07,919790578195.0,,250,0
518,market,MARKET,margin_balance,2022-03-04,918065898839.0,,250,0
519,market,MARKET,margin_balance,2022-03-03,921210721853.0,,250,0
520,market,MARKET,margin_balance,2022-03-02,922017432148.0,,250,0
521,market,MARKET,margin_balance,2022-03-01,921360027830.0,,250,0
522,market,MARKET,margin_balance,2022-02-28,920055236815.0,,250,0
523,market,MARKET,margin_balance,2022-02-25,919451946226.0,,250,0
524,market,MARKET,margin_balance,2022-02-24,920760947769.0,,250,0
525,market,MARKET,margin_balance,2022-02-23,921917094872.0,,250,0
526,market,MARKET,margin_balance,2022-02-22,917608546322.0,,250,0
527,market,MARKET,margin_balance,2022-02-21,916650959231.0,,250,0
528,market,MARKET,margin_balance,2022-02-18,913624028126.0,,250,0
529,market,MARKET,margin_balance,2022-02-17,916015722798.0,,250,0
530,market,MARKET,margin_balance,2022-02-16,915751138085.0,,250,0
531,market,MARKET,margin_balance,2022-02-15,915562286835.0,,250,0
532,market,MARKET,margin_balance,2022-02-14,913474830571.0,,250,0
533,market,MARKET,margin_balance,2022-02-11,911727164974.0,,250,0
534,market,MARKET,margin_balance,2022-02-10,915992621191.0,,250,0
535,market,MARKET,margin_balance,2022-02-09,917288226991.0,,250,0
536,market,MARKET,margin_balance,2022-02-08,915544191230.0,,250,0
537,market,MARKET,margin_balance,2022-02-07,916117303974.0,,250,0
538,market,MARKET,margin_balance,2022-01-28,913914742237.0,,250,0
539,market,MARKET,margin_balance,2022-01-27,928723508516.0,,250,0
540,market,MARKET,margin_balance,2022-01-26,935877561520.0,,250,0
541,market,MARKET,margin_balance,2022-01-25,938577014964.0,,250,0
542,market,MARKET,margin_balance,2022-01-24,944806382265.0,,250,0
543,market,MARKET,margin_balance,2022-01-21,948149582100.0,,250,0
544,market,MARKET,margin_balance,2022-01-20,954521376075.0,,250,0
545,market,MARKET,margin_balance,2022-01-19,960412344622.0,,250,0
546,market,MARKET,margin_balance,2022-01-18,964971507173.0,,250,0
547,market,MARKET,margin_balance,2022-01-17,966446387351.0,,250,0
548,market,MARKET,margin_balance,2022-01-14,964733310900.0,,250,0
549,market,MARKET,margin_balance,2022-01-13,966978115993.0,,250,0
550,market,MARKET,margin_balance,2022-01-12,969343629008.0,,250,0
551,market,MARKET,margin_balance,2022-01-11,967170921091.0,,250,0
552,market,MARKET,margin_balance,2022-01-10,968025017471.0,,250,0
553,market,MARKET,margin_balance,2022-01-07,967082172612.0,,250,0
554,market,MARKET,margin_balance,2022-01-06,976237078826.0,,250,0
555,market,MARKET,margin_balance,2022-01-05,976339876831.0,,250,0
556,market,MARKET,margin_balance,2022-01-04,980044636720.0,,250,0
557,market,MARKET,margin_balance,2021-12-31,980601288076.0,,250,0
558,market,MARKET,margin_balance,2021-12-30,985418564476.0,,250,0
559,market,MARKET,margin_balance,2021-12-29,983366104631.0,,250,0
560,market,MARKET,margin_balance,2021-12-28,984759111805.0,,250,0
561,market,MARKET,margin_balance,2021-12-27,982883270557.0,,250,0
562,market,MARKET,margin_balance,2021-12-24,981231803331.0,,250,0
563,market,MARKET,margin_balance,2021-12-23,986872507067.0,,250,0
564,market,MARKET,margin_balance,2021-12-22,985701703171.0,,250,0
565,market,MARKET,margin_balance,2021-12-21,984996538171.0,,250,0
566,market,MARKET,margin_balance,2021-12-20,985667392495.0,,250,0
567,market,MARKET,margin_balance,2021-12-17,987883917569.0,,250,0
568,market,MARKET,margin_balance,2021-12-16,992960729375.0,,250,0
569,market,MARKET,margin_balance,2021-12-15,993671065803.0,,250,0
570,market,MARKET,margin_balance,2021-12-14,992360141570.0,,250,0
571,market,MARKET,margin_balance,2021-12-13,991754217022.0,,250,0
572,market,MARKET,margin_balance,2021-12-10,987713704521.0,,250,0
573,market,MARKET,margin_balance,2021-12-09,987280764417.0,,250,0
574,market,MARKET,margin_balance,2021-12-08,986025020568.0,,250,0
575,market,MARKET,margin_balance,2021-12-07,983250752314.0,,250,0
576,market,MARKET,margin_balance,2021-12-06,985289412542.0,,250,0
577,market,MARKET,margin_balance,2021-12-03,986094803663.0,,250,0
578,market,MARKET,margin_balance,2021-12-02,986608116642.0,,250,0
579,market,MARKET,margin_balance,2021-12-01,991382135028.0,,250,0
580,market,MARKET,margin_balance,2021-11-30,990525842086.0,,250,0
581,market,MARKET,margin_balance,2021-11-29,989727718119.0,,250,0
582,market,MARKET,margin_balance,2021-11-26,987192980722.0,,250,0
583,market,MARKET,margin_balance,2021-11-25,988829806292.0,,250,0
584,market,MARKET,margin_balance,2021-11-24,988100206633.0,,250,0
585,market,MARKET,margin_balance,2021-11-23,988428146034.0,,250,0
586,market,MARKET,margin_balance,2021-11-22,987350409742.0,,250,0
587,market,MARKET,margin_balance,2021-11-19,982042506142.0,,250,0
588,market,MARKET,margin_balance,2021-11-18,982428379088.0,,250,0
589,market,MARKET,margin_balance,2021-11-17,982041666408.0,,250,0
590,market,MARKET,margin_balance,2021-11-16,981036902402.0,,250,0
591,market,MARKET,margin_balance,2021-11-15,983773041075.0,,250,0
592,market,MARKET,margin_balance,2021-11-12,985343655820.0,,250,0
593,market,MARKET,margin_balance,2021-11-11,988597866725.0,,250,0
594,market,MARKET,margin_balance,2021-11-10,987615640801.0,,250,0
595,market,MARKET,margin_balance,2021-11-09,987107814287.0,,250,0
596,market,MARKET,margin_balance,2021-11-08,985381067551.0,,250,0
597,market,MARKET,margin_balance,2021-11-05,985509096450.0,,250,0
598,market,MARKET,margin_balance,2021-11-04,993746484139.0,,250,0
599,market,MARKET,margin_balance,2021-11-03,991903964598.0,,250,0
600,market,MARKET,margin_balance,2021-11-02,994901340984.0,,250,0
601,market,MARKET,margin_balance,2021-11-01,998897421708.0,,250,0
602,market,MARKET,margin_balance,2021-10-29,998043972013.0,,250,0
603,market,MARKET,margin_balance,2021-10-28,1002157777887.0,,250,0
604,market,MARKET,margin_balance,2021-10-27,1010115957192.0,,250,0
605,market,MARKET,margin_balance,2021-10-26,1010129693873.0,,250,0
606,market,MARKET,margin_balance,2021-10-25,1007914942551.0,,250,0
607,market,MARKET,margin_balance,2021-10-22,1004455067822.0,,250,0
608,market,MARKET,margin_balance,2021-10-21,1008010539880.0,,250,0
609,market,MARKET,margin_balance,2021-10-20,1008100931663.0,,250,0
610,market,MARKET,margin_balance,2021-10-19,1004696407791.0,,250,0
611,market,MARKET,margin_balance,2021-10-18,1002118869006.0,,250,0
612,market,MARKET,margin_balance,2021-10-15,996931838813.0,,250,0
613,market,MARKET,margin_balance,2021-10-14,998763068106.0,,250,0
614,market,MARKET,margin_balance,2021-10-13,998313832900.0,,250,0
615,market,MARKET,margin_balance,2021-10-12,998833615694.0,,250,0
616,market,MARKET,margin_balance,2021-10-11,1001760623947.0,,250,0
617,market,MARKET,margin_balance,2021-10-08,1000195670993.0,,250,0
618,market,MARKET,margin_balance,2021-09-30,994052719734.0,,250,0
619,market,MARKET,margin_balance,2021-09-29,1005617508784.0,,250,0
620,market,MARKET,margin_balance,2021-09-28,1014214706764.0,,250,0
621,market,MARKET,margin_balance,2021-09-27,1015308206586.0,,250,0
622,market,MARKET,margin_balance,2021-09-24,1023969618470.0,,250,0
623,market,MARKET,margin_balance,2021-09-23,1030079418544.0,,250,0
624,market,MARKET,margin_balance,2021-09-22,1024681845968.0,,250,0
625,market,MARKET,margin_balance,2021-09-17,1019799178649.0,,250,0
626,market,MARKET,margin_balance,2021-09-16,1031474096071.0,,250,0
627,market,MARKET,margin_balance,2021-09-15,1039002024420.0,,250,0
628,market,MARKET,margin_balance,2021-09-14,1038645104940.0,,250,0
629,market,MARKET,margin_balance,2021-09-13,1039003309045.0,,250,0
630,market,MARKET,margin_balance,2021-09-10,1031999136410.0,,250,0
631,market,MARKET,margin_balance,2021-09-09,1029996953147.0,,250,0
632,market,MARKET,margin_balance,2021-09-08,1023511063525.0,,250,0
633,market,MARKET,margin_balance,2021-09-07,1018327139485.0,,250,0
634,market,MARKET,margin_balance,2021-09-06,1012385491652.0,,250,0
635,market,MARKET,margin_balance,2021-09-03,1005435159819.0,,250,0
636,market,MARKET,margin_balance,2021-09-02,1007431068232.0,,250,0
637,market,MARKET,margin_balance,2021-09-01,1005008812438.0,,250,0
638,market,MARKET,margin_balance,2021-08-31,1002805390067.0,,250,0
639,market,MARKET,margin_balance,2021-08-30,1001901709848.0,,250,0
640,market,MARKET,margin_balance,2021-08-27,998128942110.0,,250,0
641,market,MARKET,margin_balance,2021-08-26,1000938334845.0,,250,0
642,market,MARKET,margin_balance,2021-08-25,999796131790.0,,250,0
643,market,MARKET,margin_balance,2021-08-24,997341584430.0,,250,0
644,market,MARKET,margin_balance,2021-08-23,992974689985.0,,250,0
645,market,MARKET,margin_balance,2021-08-20,982565896644.0,,250,0
646,market,MARKET,margin_balance,2021-08-19,986192249717.0,,250,0
647,market,MARKET,margin_balance,2021-08-18,988579473831.0,,250,0
648,market,MARKET,margin_balance,2021-08-17,984920543161.0,,250,0
649,market,MARKET,margin_balance,2021-08-16,992519751174.0,,250,0
650,market,MARKET,margin_balance,2021-08-13,993080882780.0,,250,0
651,market,MARKET,margin_balance,2021-08-12,995869851872.0,,250,0
652,market,MARKET,margin_balance,2021-08-11,991207184277.0,,250,0
653,market,MARKET,margin_balance,2021-08-10,988349755839.0,,250,0
654,market,MARKET,margin_balance,2021-08-09,987459671099.0,,250,0
655,market,MARKET,margin_balance,2021-08-06,984321847849.0,,250,0
656,market,MARKET,margin_balance,2021-08-05,982927094740.0,,250,0
657,market,MARKET,margin_balance,2021-08-04,981541113594.0,,250,0
658,market,MARKET,margin_balance,2021-08-03,976681257147.0,,250,0
659,market,MARKET,margin_balance,2021-08-02,978857131897.0,,250,0
660,market,MARKET,margin_balance,2021-07-30,972142122937.0,,250,0
661,market,MARKET,margin_balance,2021-07-29,974295252702.0,,250,0
662,market,MARKET,margin_balance,2021-07-28,968607567103.0,,250,0
663,market,MARKET,margin_balance,2021-07-27,976249542661.0,,250,0
664,market,MARKET,margin_balance,2021-07-26,979966011137.0,,250,0
665,market,MARKET,margin_balance,2021-07-23,978916549918.0,,250,0
666,market,MARKET,margin_balance,2021-07-22,979255638841.0,,250,0
667,market,MARKET,margin_balance,2021-07-21,972986836163.0,,250,0
668,market,MARKET,margin_balance,2021-07-20,968346165139.0,,250,0
669,market,MARKET,margin_balance,2021-07-19,968024429642.0,,250,0
670,market,MARKET,margin_balance,2021-07-16,968026930090.0,,250,0
671,market,MARKET,margin_balance,2021-07-15,970099531380.0,,250,0
672,market,MARKET,margin_balance,2021-07-14,969797646073.0,,250,0
673,market,MARKET,margin_balance,2021-07-13,972921912458.0,,250,0
674,market,MARKET,margin_balance,2021-07-12,971147277302.0,,250,0
675,market,MARKET,margin_balance,2021-07-09,964593934205.0,,250,0
676,market,MARKET,margin_balance,2021-07-08,964559354744.0,,250,0
677,market,MARKET,margin_balance,2021-07-07,961491291846.0,,250,0
678,market,MARKET,margin_balance,2021-07-06,955829158592.0,,250,0
679,market,MARKET,margin_balance,2021-07-05,956421524120.0,,250,0
680,market,MARKET,margin_balance,2021-07-02,952306500523.0,,250,0
681,market,MARKET,margin_balance,2021-07-01,955554175766.0,,250,0
682,market,MARKET,margin_balance,2021-06-30,960812327011.0,,250,0
683,market,MARKET,margin_balance,2021-06-29,957974145662.0,,250,0
684,market,MARKET,margin_balance,2021-06-28,956533900147.0,,250,0
685,market,MARKET,margin_balance,2021-06-25,951055075957.0,,250,0
686,market,MARKET,margin_balance,2021-06-24,949468367004.0,,250,0
687,market,MARKET,margin_balance,2021-06-23,948826900372.0,,250,0
688,market,MARKET,margin_balance,2021-06-22,947145665734.0,,250,0
689,market,MARKET,margin_balance,2021-06-21,942206303430.0,,250,0
690,market,MARKET,margin_balance,2021-06-18,939242036190.0,,250,0
691,market,MARKET,margin_balance,2021-06-17,936823746551.0,,250,0
692,market,MARKET,margin_balance,2021-06-16,932094790945.0,,250,0
693,market,MARKET,margin_balance,2021-06-15,934688440023.0,,250,0
694,market,MARKET,margin_balance,2021-06-11,932549478849.0,,250,0
695,market,MARKET,margin_balance,2021-06-10,936541216811.0,,250,0
696,market,MARKET,margin_balance,2021-06-09,933771117033.0,,250,0
697,market,MARKET,margin_balance,2021-06-08,933467380577.0,,250,0
698,market,MARKET,margin_balance,2021-06-07,933884128563.0,,250,0
699,market,MARKET,margin_balance,2021-06-04,929128448183.0,,250,0
700,market,MARKET,margin_balance,2021-06-03,930565824806.0,,250,0
701,market,MARKET,margin_balance,2021-06-02,930446659992.0,,250,0
702,market,MARKET,margin_balance,2021-06-01,931011546707.0,,250,0
703,market,MARKET,margin_balance,2021-05-31,925484229281.0,,250,0
704,market,MARKET,margin_balance,2021-05-28,918692693647.0,,250,0
705,market,MARKET,margin_balance,2021-05-27,917000412897.0,,250,0
706,market,MARKET,margin_balance,2021-05-26,912073691047.0,,250,0
707,market,MARKET,margin_balance,2021-05-25,909877630311.0,,250,0
708,market,MARKET,margin_balance,2021-05-24,907062035389.0,,250,0
709,market,MARKET,margin_balance,2021-05-21,904190679481.0,,250,0
710,market,MARKET,margin_balance,2021-05-20,905826196152.0,,250,0
711,market,MARKET,margin_balance,2021-05-19,905040206543.0,,250,0
712,market,MARKET,margin_balance,2021-05-18,904035586722.0,,250,0
713,market,MARKET,margin_balance,2021-05-17,902550821283.0,,250,0
714,market,MARKET,margin_balance,2021-05-14,899072784150.0,,250,0
715,market,MARKET,margin_balance,2021-05-13,897447092829.0,,250,0
716,market,MARKET,margin_balance,2021-05-12,897383718953.0,,250,0
717,market,MARKET,margin_balance,2021-05-11,894717366005.0,,250,0
718,market,MARKET,margin_balance,2021-05-10,892990698277.0,,250,0
719,market,MARKET,margin_balance,2021-05-07,889019298811.0,,250,0
720,market,MARKET,margin_balance,2021-05-06,889151262741.0,,250,0
721,market,MARKET,margin_balance,2021-04-30,885345639473.0,,250,0
722,market,MARKET,margin_balance,2021-04-29,893108687230.0,,250,0
723,market,MARKET,margin_balance,2021-04-28,893647152292.0,,250,0
724,market,MARKET,margin_balance,2021-04-27,891747029370.0,,250,0
725,market,MARKET,margin_balance,2021-04-26,892729245211.0,,250,0
726,market,MARKET,margin_balance,2021-04-23,891324266354.0,,250,0
727,market,MARKET,margin_balance,2021-04-22,893482612474.0,,250,0
728,market,MARKET,margin_balance,2021-04-21,892340675192.0,,250,0
729,market,MARKET,margin_balance,2021-04-20,891191072752.0,,250,0
730,market,MARKET,margin_balance,2021-04-19,889797817944.0,,250,0
731,market,MARKET,margin_balance,2021-04-16,885723770941.0,,250,0
732,market,MARKET,margin_balance,2021-04-15,885819636740.0,,250,0
733,market,MARKET,margin_balance,2021-04-14,885978085145.0,,250,0
734,market,MARKET,margin_balance,2021-04-13,885188328597.0,,250,0
735,market,MARKET,margin_balance,2021-04-12,888341038623.0,,250,0
736,market,MARKET,margin_balance,2021-04-09,890249767599.0,,250,0
737,market,MARKET,margin_balance,2021-04-08,890933154010.0,,250,0
738,market,MARKET,margin_balance,2021-04-07,889806073807.0,,250,0
739,market,MARKET,margin_balance,2021-04-06,886631979502.0,,250,0
740,market,MARKET,margin_balance,2021-04-02,883781255129.0,,250,0
741,market,MARKET,margin_balance,2021-04-01,884752453272.0,,250,0
742,market,MARKET,margin_balance,2021-03-31,885060950272.0,,250,0
743,market,MARKET,margin_balance,2021-03-30,884026611982.0,,250,0
744,market,MARKET,margin_balance,2021-03-29,882596586311.0,,250,0
745,market,MARKET,margin_balance,2021-03-26,880687469013.0,,250,0
746,market,MARKET,margin_balance,2021-03-25,879841706771.0,,250,0
747,market,MARKET,margin_balance,2021-03-24,882855451283.0,,250,0
748,market,MARKET,margin_balance,2021-03-23,884811547444.0,,250,0
749,market,MARKET,margin_balance,2021-03-22,886840113631.0,,250,0
750,market,MARKET,margin_balance,2021-03-19,882761579194.0,,250,0
751,market,MARKET,margin_balance,2021-03-18,885229757734.0,,250,0
752,market,MARKET,margin_balance,2021-03-17,886017686788.0,,250,0
753,market,MARKET,margin_balance,2021-03-16,885282240335.0,,250,0
754,market,MARKET,margin_balance,2021-03-15,886965617421.0,,250,0
755,market,MARKET,margin_balance,2021-03-12,886097620723.0,,250,0
756,market,MARKET,margin_balance,2021-03-11,886897586881.0,,250,0
757,market,MARKET,margin_balance,2021-03-10,882303475545.0,,250,0
758,market,MARKET,margin_balance,2021-03-09,885158003389.0,,250,0
759,market,MARKET,margin_balance,2021-03-08,891922643869.0,,250,0
760,market,MARKET,margin_balance,2021-03-05,893931226501.0,,250,0
761,market,MARKET,margin_balance,2021-03-04,897275767084.0,,250,0
762,market,MARKET,margin_balance,2021-03-03,902779229481.0,,250,0
763,market,MARKET,margin_balance,2021-03-02,900145886151.0,,250,0
764,market,MARKET,margin_balance,2021-03-01,898798249054.0,,250,0
765,market,MARKET,margin_balance,2021-02-26,893130231182.0,,250,0
766,market,MARKET,margin_balance,2021-02-25,898252181294.0,,250,0
767,market,MARKET,margin_balance,2021-02-24,896857521704.0,,250,0
768,market,MARKET,margin_balance,2021-02-23,897600764573.0,,250,0
769,market,MARKET,margin_balance,2021-02-22,898782341531.0,,250,0
770,market,MARKET,margin_balance,2021-02-19,891940110482.0,,250,0
771,market,MARKET,margin_balance,2021-02-18,887658789159.0,,250,0
772,market,MARKET,margin_balance,2021-02-10,874526787399.0,,250,0
773,market,MARKET,margin_balance,2021-02-09,885599357394.0,,250,0
774,market,MARKET,margin_balance,2021-02-08,884073962481.0,,250,0
775,market,MARKET,margin_balance,2021-02-05,885768485437.0,,250,0
776,market,MARKET,margin_balance,2021-02-04,890683800588.0,,250,0
777,market,MARKET,margin_balance,2021-02-03,895738448443.0,,250,0
778,market,MARKET,margin_balance,2021-02-02,895721385069.0,,250,0
779,market,MARKET,margin_balance,2021-02-01,895599630114.0,,250,0
780,market,MARKET,margin_balance,2021-01-29,896417227860.0,,250,0
781,market,MARKET,margin_balance,2021-01-28,903496360794.0,,250,0
782,market,MARKET,margin_balance,2021-01-27,907218359291.0,,250,0
783,market,MARKET,margin_balance,2021-01-26,907219214611.0,,250,0
784,market,MARKET,margin_balance,2021-01-25,911854750372.0,,250,0
785,market,MARKET,margin_balance,2021-01-22,907456115720.0,,250,0
786,market,MARKET,margin_balance,2021-01-21,908313351570.0,,250,0
787,market,MARKET,margin_balance,2021-01-20,902117803627.0,,250,0
788,market,MARKET,margin_balance,2021-01-19,898003111476.0,,250,0
789,market,MARKET,margin_balance,2021-01-18,895782284740.0,,250,0
790,market,MARKET,margin_balance,2021-01-15,891593612742.0,,250,0
791,market,MARKET,margin_balance,2021-01-14,892881421449.0,,250,0
792,market,MARKET,margin_balance,2021-01-13,893669934455.0,,250,0
793,market,MARKET,margin_balance,2021-01-12,891136605160.0,,250,0
794,market,MARKET,margin_balance,2021-01-11,882843005432.0,,250,0
795,market,MARKET,margin_balance,2021-01-08,882632880038.0,,250,0
796,market,MARKET,margin_balance,2021-01-07,881785199709.0,,250,0
797,market,MARKET,margin_balance,2021-01-06,876857380046.0,,250,0
798,market,MARKET,margin_balance,2021-01-05,872404267747.0,,250,0
799,market,MARKET,margin_balance,2021-01-04,866085136203.0,,250,0
800,market,MARKET,margin_balance,2020-12-31,854022440840.0,,250,0
801,market,MARKET,margin_balance,2020-12-30,851777919252.0,,250,0
802,market,MARKET,margin_balance,2020-12-29,847203966866.0,,250,0
803,market,MARKET,margin_balance,2020-12-28,849817283729.0,,250,0
804,market,MARKET,margin_balance,2020-12-25,847545280769.0,,250,0
805,market,MARKET,margin_balance,2020-12-24,845008306561.0,,250,0
806,market,MARKET,margin_balance,2020-12-23,844744731290.0,,250,0
807,market,MARKET,margin_balance,2020-12-22,842029014109.0,,250,0
808,market,MARKET,margin_balance,2020-12-21,842121046597.0,,250,0
809,market,MARKET,margin_balance,2020-12-18,836945577684.0,,250,0
810,market,MARKET,margin_balance,2020-12-17,836087031973.0,,250,0
811,market,MARKET,margin_balance,2020-12-16,832951589581.0,,250,0
812,market,MARKET,margin_balance,2020-12-15,831485799904.0,,250,0
813,market,MARKET,margin_balance,2020-12-14,829887454909.0,,250,0
814,market,MARKET,margin_balance,2020-12-11,826825710091.0,,250,0
815,market,MARKET,margin_balance,2020-12-10,829561242788.0,,250,0
816,market,MARKET,margin_balance,2020-12-09,827719299444.0,,250,0
817,market,MARKET,margin_balance,2020-12-08,831704083790.0,,250,0
818,market,MARKET,margin_balance,2020-12-07,830848956993.0,,250,0
819,market,MARKET,margin_balance,2020-12-04,828926893228.0,,250,0
820,market,MARKET,margin_balance,2020-12-03,828744025531.0,,250,0
821,market,MARKET,margin_balance,2020-12-02,828279237050.0,,250,0
822,market,MARKET,margin_balance,2020-12-01,824346004104.0,,250,0
823,market,MARKET,margin_balance,2020-11-30,820604887487.0,,250,0
824,market,MARKET,margin_balance,2020-11-27,817046874520.0,,250,0
825,market,MARKET,margin_balance,2020-11-26,817488774512.0,,250,0
826,market,MARKET,margin_balance,2020-11-25,818606405656.0,,250,0
827,market,MARKET,margin_balance,2020-11-24,818760466713.0,,250,0
828,market,MARKET,margin_balance,2020-11-23,816647498915.0,,250,0
829,market,MARKET,margin_balance,2020-11-20,810588049132.0,,250,0
830,market,MARKET,margin_balance,2020-11-19,810237105384.0,,250,0
831,market,MARKET,margin_balance,2020-11-18,811281282759.0,,250,0
832,market,MARKET,margin_balance,2020-11-17,810263587587.0,,250,0
833,market,MARKET,margin_balance,2020-11-16,809647158747.0,,250,0
834,market,MARKET,margin_balance,2020-11-13,806096427882.0,,250,0
835,market,MARKET,margin_balance,2020-11-12,805905501398.0,,250,0
836,market,MARKET,margin_balance,2020-11-11,805582847514.0,,250,0
837,market,MARKET,margin_balance,2020-11-10,807271210430.0,,250,0
838,market,MARKET,margin_balance,2020-11-09,806769492061.0,,250,0
839,market,MARKET,margin_balance,2020-11-06,798774645955.0,,250,0
840,market,MARKET,margin_balance,2020-11-05,799779332785.0,,250,0
841,market,MARKET,margin_balance,2020-11-04,797107618908.0,,250,0
842,market,MARKET,margin_balance,2020-11-03,794842824711.0,,250,0
843,market,MARKET,margin_balance,2020-11-02,791879400859.0,,250,0
844,market,MARKET,margin_balance,2020-10-30,791244914216.0,,250,0
845,market,MARKET,margin_balance,2020-10-29,794750867402.0,,250,0
846,market,MARKET,margin_balance,2020-10-28,792337696466.0,,250,0
847,market,MARKET,margin_balance,2020-10-27,790463709341.0,,250,0
848,market,MARKET,margin_balance,2020-10-26,790103160933.0,,250,0
849,market,MARKET,margin_balance,2020-10-23,790960094643.0,,250,0
850,market,MARKET,margin_balance,2020-10-22,796543154277.0,,250,0
851,market,MARKET,margin_balance,2020-10-21,796907643103.0,,250,0
852,market,MARKET,margin_balance,2020-10-20,795297498432.0,,250,0
853,market,MARKET,margin_balance,2020-10-19,793984817384.0,,250,0
854,market,MARKET,margin_balance,2020-10-16,791728027178.0,,250,0
855,market,MARKET,margin_balance,2020-10-15,792426823785.0,,250,0
856,market,MARKET,margin_balance,2020-10-14,792773568282.0,,250,0
857,market,MARKET,margin_balance,2020-10-13,789648141792.0,,250,0
858,market,MARKET,margin_balance,2020-10-12,785548368363.0,,250,0
859,market,MARKET,margin_balance,2020-10-09,778257004211.0,,250,0
860,market,MARKET,margin_balance,2020-09-30,772703493653.0,,250,0
861,market,MARKET,margin_balance,2020-09-29,781859470124.0,,250,0
862,market,MARKET,margin_balance,2020-09-28,783558081277.0,,250,0
863,market,MARKET,margin_balance,2020-09-25,785979547219.0,,250,0
864,market,MARKET,margin_balance,2020-09-24,788280416238.0,,250,0
865,market,MARKET,margin_balance,2020-09-23,788571198374.0,,250,0
866,market,MARKET,margin_balance,2020-09-22,785934333979.0,,250,0
867,market,MARKET,margin_balance,2020-09-21,784660028294.0,,250,0
868,market,MARKET,margin_balance,2020-09-18,784654893028.0,,250,0
869,market,MARKET,margin_balance,2020-09-17,780999333190.0,,250,0
870,market,MARKET,margin_balance,2020-09-16,778649575537.0,,250,0
871,market,MARKET,margin_balance,2020-09-15,778673658203.0,,250,0
872,market,MARKET,margin_balance,2020-09-14,777303311993.0,,250,0
873,market,MARKET,margin_balance,2020-09-11,775023531892.0,,250,0
874,market,MARKET,margin_balance,2020-09-10,775427329379.0,,250,0
875,market,MARKET,margin_balance,2020-09-09,779816081304.0,,250,0
876,market,MARKET,margin_balance,2020-09-08,783153934057.0,,250,0
877,market,MARKET,margin_balance,2020-09-07,783651464852.0,,250,0
878,market,MARKET,margin_balance,2020-09-04,785800655131.0,,250,0
879,market,MARKET,margin_balance,2020-09-03,787523950847.0,,250,0
880,market,MARKET,margin_balance,2020-09-02,787148699977.0,,250,0
881,market,MARKET,margin_balance,2020-09-01,783247979456.0,,250,0
882,market,MARKET,margin_balance,2020-08-31,781793729313.0,,250,0
883,market,MARKET,margin_balance,2020-08-28,776581061813.0,,250,0
884,market,MARKET,margin_balance,2020-08-27,774082281189.0,,250,0
885,market,MARKET,margin_balance,2020-08-26,773079250503.0,,250,0
886,market,MARKET,margin_balance,2020-08-25,776361792815.0,,250,0
887,market,MARKET,margin_balance,2020-08-24,777817943185.0,,250,0
888,market,MARKET,margin_balance,2020-08-21,776576166045.0,,250,0
889,market,MARKET,margin_balance,2020-08-20,777896696257.0,,250,0
890,market,MARKET,margin_balance,2020-08-19,779429924777.0,,250,0
891,market,MARKET,margin_balance,2020-08-18,778473635711.0,,250,0
892,market,MARKET,margin_balance,2020-08-17,773500058038.0,,250,0
893,market,MARKET,margin_balance,2020-08-14,762726659481.0,,250,0
894,market,MARKET,margin_balance,2020-08-13,766293985860.0,,250,0
895,market,MARKET,margin_balance,2020-08-12,765437529394.0,,250,0
896,market,MARKET,margin_balance,2020-08-11,768503413718.0,,250,0
897,market,MARKET,margin_balance,2020-08-10,772110251567.0,,250,0
898,market,MARKET,margin_balance,2020-08-07,767436952879.0,,250,0
899,market,MARKET,margin_balance,2020-08-06,772381900668.0,,250,0
900,market,MARKET,margin_balance,2020-08-05,769294677753.0,,250,0
901,market,MARKET,margin_balance,2020-08-04,761001046334.0,,250,0
902,market,MARKET,margin_balance,2020-08-03,759562433162.0,,250,0
903,market,MARKET,margin_balance,2020-07-31,747958951851.0,,250,0
904,market,MARKET,margin_balance,2020-07-30,744923591844.0,,250,0
905,market,MARKET,margin_balance,2020-07-29,741272348006.0,,250,0
906,market,MARKET,margin_balance,2020-07-28,734133086513.0,,250,0
907,market,MARKET,margin_balance,2020-07-27,732738435182.0,,250,0
908,market,MARKET,margin_balance,2020-07-24,729878884574.0,,250,0
909,market,MARKET,margin_balance,2020-07-23,738666590011.0,,250,0
910,market,MARKET,margin_balance,2020-07-22,734610510613.0,,250,0
911,market,MARKET,margin_balance,2020-07-21,731067069185.0,,250,0
912,market,MARKET,margin_balance,2020-07-20,730199241086.0,,250,0
913,market,MARKET,margin_balance,2020-07-17,723884088631.0,,250,0
914,market,MARKET,margin_balance,2020-07-16,728692541265.0,,250,0
915,market,MARKET,margin_balance,2020-07-15,731485073673.0,,250,0
916,market,MARKET,margin_balance,2020-07-14,729104634821.0,,250,0
917,market,MARKET,margin_balance,2020-07-13,723163950307.0,,250,0
918,market,MARKET,margin_balance,2020-07-10,706753952356.0,,250,0
919,market,MARKET,margin_balance,2020-07-09,698598765994.0,,250,0
920,market,MARKET,margin_balance,2020-07-08,685863950004.0,,250,0
921,market,MARKET,margin_balance,2020-07-07,667198986281.0,,250,0
922,market,MARKET,margin_balance,2020-07-06,654449816965.0,,250,0
923,market,MARKET,margin_balance,2020-07-03,631478655910.0,,250,0
924,market,MARKET,margin_balance,2020-07-02,624247823061.0,,250,0
925,market,MARKET,margin_balance,2020-07-01,617788197379.0,,250,0
926,market,MARKET,margin_balance,2020-06-30,611766499489.0,,250,0
927,market,MARKET,margin_balance,2020-06-29,605746682776.0,,250,0
928,market,MARKET,margin_balance,2020-06-24,601707776006.0,,250,0
929,market,MARKET,margin_balance,2020-06-23,605204317935.0,,250,0
930,market,MARKET,margin_balance,2020-06-22,602437961459.0,,250,0
931,market,MARKET,margin_balance,2020-06-19,596467570059.0,,250,0
932,market,MARKET,margin_balance,2020-06-18,596779508061.0,,250,0
933,market,MARKET,margin_balance,2020-06-17,594366626369.0,,250,0
934,market,MARKET,margin_balance,2020-06-16,592906590268.0,,250,0
935,market,MARKET,margin_balance,2020-06-15,589876837831.0,,250,0
936,market,MARKET,margin_balance,2020-06-12,588229460242.0,,250,0
937,market,MARKET,margin_balance,2020-06-11,588337094598.0,,250,0
938,market,MARKET,margin_balance,2020-06-10,586551163172.0,,250,0
939,market,MARKET,margin_balance,2020-06-09,585634565022.0,,250,0
940,market,MARKET,margin_balance,2020-06-08,584664656077.0,,250,0
941,market,MARKET,margin_balance,2020-06-05,582510621735.0,,250,0
942,market,MARKET,margin_balance,2020-06-04,582020487750.0,,250,0
943,market,MARKET,margin_balance,2020-06-03,580045347986.0,,250,0
944,market,MARKET,margin_balance,2020-06-02,579815885554.0,,250,0
945,market,MARKET,margin_balance,2020-06-01,579177464357.0,,250,0
946,market,MARKET,margin_balance,2020-05-29,574058617050.0,,250,0
947,market,MARKET,margin_balance,2020-05-28,575496289988.0,,250,0
948,market,MARKET,margin_balance,2020-05-27,576039068433.0,,250,0
949,market,MARKET,margin_balance,2020-05-26,575726060815.0,,250,0
950,market,MARKET,margin_balance,2020-05-25,574131025192.0,,250,0
951,market,MARKET,margin_balance,2020-05-22,574032551105.0,,250,0
952,market,MARKET,margin_balance,2020-05-21,575833937430.0,,250,0
953,market,MARKET,margin_balance,2020-05-20,576424142189.0,,250,0
954,market,MARKET,margin_balance,2020-05-19,576809576467.0,,250,0
955,market,MARKET,margin_balance,2020-05-18,574470273402.0,,250,0
956,market,MARKET,margin_balance,2020-05-15,572472033069.0,,250,0
957,market,MARKET,margin_balance,2020-05-14,573346864917.0,,250,0
958,market,MARKET,margin_balance,2020-05-13,572390548630.0,,250,0
959,market,MARKET,margin_balance,2020-05-12,571571644065.0,,250,0
960,market,MARKET,margin_balance,2020-05-11,570175262968.0,,250,0
961,market,MARKET,margin_balance,2020-05-08,566680317126.0,,250,0
962,market,MARKET,margin_balance,2020-05-07,565326569110.0,,250,0
963,market,MARKET,margin_balance,2020-05-06,562305102206.0,,250,0
964,market,MARKET,margin_balance,2020-04-30,555233856919.0,,250,0
965,market,MARKET,margin_balance,2020-04-29,559060364692.0,,250,0
966,market,MARKET,margin_balance,2020-04-28,562112811424.0,,250,0
967,market,MARKET,margin_balance,2020-04-27,564562965551.0,,250,0
968,market,MARKET,margin_balance,2020-04-24,565188429293.0,,250,0
969,market,MARKET,margin_balance,2020-04-23,568552078216.0,,250,0
970,market,MARKET,margin_balance,2020-04-22,568477995110.0,,250,0
971,market,MARKET,margin_balance,2020-04-21,567105777065.0,,250,0
972,market,MARKET,margin_balance,2020-04-20,567139060026.0,,250,0
973,market,MARKET,margin_balance,2020-04-17,565739645557.0,,250,0
974,market,MARKET,margin_balance,2020-04-16,566999710054.0,,250,0
975,market,MARKET,margin_balance,2020-04-15,565500791624.0,,250,0
976,market,MARKET,margin_balance,2020-04-14,565695337814.0,,250,0
977,market,MARKET,margin_balance,2020-04-13,565293469724.0,,250,0
978,market,MARKET,margin_balance,2020-04-10,566001342388.0,,250,0
979,market,MARKET,margin_balance,2020-04-09,569191306201.0,,250,0
980,market,MARKET,margin_balance,2020-04-08,568407068393.0,,250,0
981,market,MARKET,margin_balance,2020-04-07,569254949422.0,,250,0
982,market,MARKET,margin_balance,2020-04-03,567207322314.0,,250,0
983,market,MARKET,margin_balance,2020-04-02,571353248205.0,,250,0
984,market,MARKET,margin_balance,2020-04-01,571901168337.0,,250,0
985,market,MARKET,margin_balance,2020-03-31,575101273783.0,,250,0
986,market,MARKET,margin_balance,2020-03-30,576025005436.0,,250,0
987,market,MARKET,margin_balance,2020-03-27,577777194677.0,,250,0
988,market,MARKET,margin_balance,2020-03-26,580091261897.0,,250,0
989,market,MARKET,margin_balance,2020-03-25,581239470876.0,,250,0
990,market,MARKET,margin_balance,2020-03-24,579853023429.0,,250,0
991,market,MARKET,margin_balance,2020-03-23,580829813615.0,,250,0
992,market,MARKET,margin_balance,2020-03-20,584801979115.0,,250,0
993,market,MARKET,margin_balance,2020-03-19,587923852158.0,,250,0
994,market,MARKET,margin_balance,2020-03-18,586874120207.0,,250,0
995,market,MARKET,margin_balance,2020-03-17,590118821901.0,,250,0
996,market,MARKET,margin_balance,2020-03-16,590116467287.0,,250,0
997,market,MARKET,margin_balance,2020-03-13,597220959795.0,,250,0
998,market,MARKET,margin_balance,2020-03-12,600673534371.0,,250,0
999,market,MARKET,margin_balance,2020-03-11,602561123834.0,,250,0
1000,market,MARKET,margin_balance,2020-03-10,602823215254.0,,250,0
1001,market,MARKET,margin_balance,2020-03-09,602612618385.0,,250,0
1002,market,MARKET,margin_balance,2020-03-06,602158199518.0,,250,0
1003,market,MARKET,margin_balance,2020-03-05,607070279384.0,,250,0
1004,market,MARKET,margin_balance,2020-03-04,600939098578.0,,250,0
1005,market,MARKET,margin_balance,2020-03-03,599399834959.0,,250,0
1006,market,MARKET,margin_balance,2020-03-02,595981540650.0,,250,0
1007,market,MARKET,margin_balance,2020-02-28,592760612880.0,,250,0
1008,market,MARKET,margin_balance,2020-02-27,601285145071.0,,250,0
1009,market,MARKET,margin_balance,2020-02-26,602524614814.0,,250,0
1010,market,MARKET,margin_balance,2020-02-25,601434812844.0,,250,0
1011,market,MARKET,margin_balance,2020-02-24,597647378342.0,,250,0
1012,market,MARKET,margin_balance,2020-02-21,590892047300.0,,250,0
1013,market,MARKET,margin_balance,2020-02-20,588524502911.0,,250,0
1014,market,MARKET,margin_balance,2020-02-19,584488867535.0,,250,0
1015,market,MARKET,margin_balance,2020-02-18,583834534259.0,,250,0
1016,market,MARKET,margin_balance,2020-02-17,578910279091.0,,250,0
1017,market,MARKET,margin_balance,2020-02-14,574242087059.0,,250,0
1018,market,MARKET,margin_balance,2020-02-13,574361962776.0,,250,0
1019,market,MARKET,margin_balance,2020-02-12,573606784428.0,,250,0
1020,market,MARKET,margin_balance,2020-02-11,570479981303.0,,250,0
1021,market,MARKET,margin_balance,2020-02-10,571222628001.0,,250,0
1022,market,MARKET,margin_balance,2020-02-07,568702814243.0,,250,0
1023,market,MARKET,margin_balance,2020-02-06,568790157440.0,,250,0
1024,market,MARKET,margin_balance,2020-02-05,565952806263.0,,250,0
1025,market,MARKET,margin_balance,2020-02-04,566476276328.0,,250,0
1026,market,MARKET,margin_balance,2020-02-03,568527683651.0,,250,0
1027,market,MARKET,margin_balance,2020-01-23,576357287935.0,,250,0
1028,market,MARKET,margin_balance,2020-01-22,585228226386.0,,250,0
1029,market,MARKET,margin_balance,2020-01-21,585625883892.0,,250,0
1030,market,MARKET,margin_balance,2020-01-20,586098417408.0,,250,0
1031,market,MARKET,margin_balance,2020-01-17,585261255982.0,,250,0
1032,market,MARKET,margin_balance,2020-01-16,586265477004.0,,250,0
1033,market,MARKET,margin_balance,2020-01-15,585951716240.0,,250,0
1034,market,MARKET,margin_balance,2020-01-14,585436867455.0,,250,0
1035,market,MARKET,margin_balance,2020-01-13,583528760241.0,,250,0
1036,market,MARKET,margin_balance,2020-01-10,581038531114.0,,250,0
1037,market,MARKET,margin_balance,2020-01-09,582339455896.0,,250,0
1038,market,MARKET,margin_balance,2020-01-08,581250883191.0,,250,0
1039,market,MARKET,margin_balance,2020-01-07,579936374989.0,,250,0
1040,market,MARKET,margin_balance,2020-01-06,578954287984.0,,250,0
1041,market,MARKET,margin_balance,2020-01-03,573629792106.0,,250,0
1042,market,MARKET,margin_balance,2020-01-02,572689616258.0,,250,0
1043,market,MARKET,margin_balance,2019-12-31,569948194766.0,,250,0
1044,market,MARKET,margin_balance,2019-12-30,569895527907.0,,250,0
1045,market,MARKET,margin_balance,2019-12-27,565840183631.0,,250,0
1046,market,MARKET,margin_balance,2019-12-26,566764139597.0,,250,0
1047,market,MARKET,margin_balance,2019-12-25,565632626152.0,,250,0
1048,market,MARKET,margin_balance,2019-12-24,564752144216.0,,250,0
1049,market,MARKET,margin_balance,2019-12-23,566278035065.0,,250,0
1050,market,MARKET,margin_balance,2019-12-20,565734706992.0,,250,0
1051,market,MARKET,margin_balance,2019-12-19,567295892178.0,,250,0
1052,market,MARKET,margin_balance,2019-12-18,565573646090.0,,250,0
1053,market,MARKET,margin_balance,2019-12-17,562669549800.0,,250,0
1054,market,MARKET,margin_balance,2019-12-16,559252642247.0,,250,0
1055,market,MARKET,margin_balance,2019-12-13,555414878414.0,,250,0
1056,market,MARKET,margin_balance,2019-12-12,555600659711.0,,250,0
1057,market,MARKET,margin_balance,2019-12-11,555902448779.0,,250,0
1058,market,MARKET,margin_balance,2019-12-10,555279902689.0,,250,0
1059,market,MARKET,margin_balance,2019-12-09,554650583662.0,,250,0
1060,market,MARKET,margin_balance,2019-12-06,553626689649.0,,250,0
1061,market,MARKET,margin_balance,2019-12-05,553634089737.0,,250,0
1062,market,MARKET,margin_balance,2019-12-04,553135004849.0,,250,0
1063,market,MARKET,margin_balance,2019-12-03,552467754967.0,,250,0
1064,market,MARKET,margin_balance,2019-12-02,551406014991.0,,250,0
1065,market,MARKET,margin_balance,2019-11-29,551159656924.0,,250,0
1066,market,MARKET,margin_balance,2019-11-28,551540830893.0,,250,0
1067,market,MARKET,margin_balance,2019-11-27,552514513021.0,,250,0
1068,market,MARKET,margin_balance,2019-11-26,551966615310.0,,250,0
1069,market,MARKET,margin_balance,2019-11-25,553836473535.0,,250,0
1070,market,MARKET,margin_balance,2019-11-22,553150692233.0,,250,0
1071,market,MARKET,margin_balance,2019-11-21,554865804872.0,,250,0
1072,market,MARKET,margin_balance,2019-11-20,553821740194.0,,250,0
1073,market,MARKET,margin_balance,2019-11-19,553701767711.0,,250,0
1074,market,MARKET,margin_balance,2019-11-18,552493344147.0,,250,0
1075,market,MARKET,margin_balance,2019-11-15,551861766836.0,,250,0
1076,market,MARKET,margin_balance,2019-11-14,553857696445.0,,250,0
1077,market,MARKET,margin_balance,2019-11-13,553053900682.0,,250,0
1078,market,MARKET,margin_balance,2019-11-12,552183941366.0,,250,0
1079,market,MARKET,margin_balance,2019-11-11,552552719851.0,,250,0
1080,market,MARKET,margin_balance,2019-11-08,554531618236.0,,250,0
1081,market,MARKET,margin_balance,2019-11-07,555656526896.0,,250,0
1082,market,MARKET,margin_balance,2019-11-06,555336231298.0,,250,0
1083,market,MARKET,margin_balance,2019-11-05,555301919733.0,,250,0
1084,market,MARKET,margin_balance,2019-11-04,554122459935.0,,250,0
1085,market,MARKET,margin_balance,2019-11-01,553576907189.0,,250,0
1086,market,MARKET,margin_balance,2019-10-31,553679032918.0,,250,0
1087,market,MARKET,margin_balance,2019-10-30,555158782749.0,,250,0
1088,market,MARKET,margin_balance,2019-10-29,555567945059.0,,250,0
1089,market,MARKET,margin_balance,2019-10-28,556505244994.0,,250,0
1090,market,MARKET,margin_balance,2019-10-25,554236572802.0,,250,0
1091,market,MARKET,margin_balance,2019-10-24,554710222667.0,,250,0
1092,market,MARKET,margin_balance,2019-10-23,554045171753.0,,250,0
1093,market,MARKET,margin_balance,2019-10-22,553844406643.0,,250,0
1094,market,MARKET,margin_balance,2019-10-21,553325460718.0,,250,0
1095,market,MARKET,margin_balance,2019-10-18,552991451842.0,,250,0
1096,market,MARKET,margin_balance,2019-10-17,554964159898.0,,250,0
1097,market,MARKET,margin_balance,2019-10-16,555592366087.0,,250,0
1098,market,MARKET,margin_balance,2019-10-15,555310311769.0,,250,0
1099,market,MARKET,margin_balance,2019-10-14,555933847403.0,,250,0
1100,market,MARKET,margin_balance,2019-10-11,552387032139.0,,250,0
1101,market,MARKET,margin_balance,2019-10-10,553379683409.0,,250,0
1102,market,MARKET,margin_balance,2019-10-09,552547956789.0,,250,0
1103,market,MARKET,margin_balance,2019-10-08,551483138431.0,,250,0
1104,market,MARKET,margin_balance,2019-09-30,548464471084.0,,250,0
1105,market,MARKET,margin_balance,2019-09-27,553571264221.0,,250,0
1106,market,MARKET,margin_balance,2019-09-26,556202737266.0,,250,0
1107,market,MARKET,margin_balance,2019-09-25,558879590027.0,,250,0
1108,market,MARKET,margin_balance,2019-09-24,561201917999.0,,250,0
1109,market,MARKET,margin_balance,2019-09-23,561939724195.0,,250,0
1110,market,MARKET,margin_balance,2019-09-20,561260175022.0,,250,0
1111,market,MARKET,margin_balance,2019-09-19,562500905730.0,,250,0
1112,market,MARKET,margin_balance,2019-09-18,561132661020.0,,250,0
1113,market,MARKET,margin_balance,2019-09-17,560731177171.0,,250,0
1114,market,MARKET,margin_balance,2019-09-16,560592530859.0,,250,0
1115,market,MARKET,margin_balance,2019-09-12,557441554469.0,,250,0
1116,market,MARKET,margin_balance,2019-09-11,559911253756.0,,250,0
1117,market,MARKET,margin_balance,2019-09-10,558834413923.0,,250,0
1118,market,MARKET,margin_balance,2019-09-09,557491740403.0,,250,0
1119,market,MARKET,margin_balance,2019-09-06,552728389455.0,,250,0
1120,market,MARKET,margin_balance,2019-09-05,553671692310.0,,250,0
1121,market,MARKET,margin_balance,2019-09-04,552341559828.0,,250,0
1122,market,MARKET,margin_balance,2019-09-03,551715441132.0,,250,0
1123,market,MARKET,margin_balance,2019-09-02,551377925425.0,,250,0
1124,market,MARKET,margin_balance,2019-08-30,549438321713.0,,250,0
1125,market,MARKET,margin_balance,2019-08-29,549534379019.0,,250,0
1126,market,MARKET,margin_balance,2019-08-28,547724229040.0,,250,0
1127,market,MARKET,margin_balance,2019-08-27,547091635325.0,,250,0
1128,market,MARKET,margin_balance,2019-08-26,547000631594.0,,250,0
1129,market,MARKET,margin_balance,2019-08-23,545695834504.0,,250,0
1130,market,MARKET,margin_balance,2019-08-22,546805529561.0,,250,0
1131,market,MARKET,margin_balance,2019-08-21,546270273867.0,,250,0
1132,market,MARKET,margin_balance,2019-08-20,545648328797.0,,250,0
1133,market,MARKET,margin_balance,2019-08-19,545485534160.0,,250,0
1134,market,MARKET,margin_balance,2019-08-16,540965868634.0,,250,0
1135,market,MARKET,margin_balance,2019-08-15,541988128320.0,,250,0
1136,market,MARKET,margin_balance,2019-08-14,542796692263.0,,250,0
1137,market,MARKET,margin_balance,2019-08-13,542583032382.0,,250,0
1138,market,MARKET,margin_balance,2019-08-12,542218714154.0,,250,0
1139,market,MARKET,margin_balance,2019-08-09,541476872369.0,,250,0
1140,market,MARKET,margin_balance,2019-08-08,543796061455.0,,250,0
1141,market,MARKET,margin_balance,2019-08-07,544011385054.0,,250,0
1142,market,MARKET,margin_balance,2019-08-06,545862830749.0,,250,0
1143,market,MARKET,margin_balance,2019-08-05,548671191553.0,,250,0
1144,market,MARKET,margin_balance,2019-08-02,548296481764.0,,250,0
1145,market,MARKET,margin_balance,2019-08-01,550019172603.0,,250,0
1146,market,MARKET,margin_balance,2019-07-31,550213518521.0,,250,0
1147,market,MARKET,margin_balance,2019-07-30,550539317655.0,,250,0
1148,market,MARKET,margin_balance,2019-07-29,550347386549.0,,250,0
1149,market,MARKET,margin_balance,2019-07-26,548784408309.0,,250,0
1150,market,MARKET,margin_balance,2019-07-25,549623987605.0,,250,0
1151,market,MARKET,margin_balance,2019-07-24,549476272280.0,,250,0
1152,market,MARKET,margin_balance,2019-07-23,549043685620.0,,250,0
1153,market,MARKET,margin_balance,2019-07-22,550386688826.0,,250,0
1154,market,MARKET,margin_balance,2019-07-19,551480985105.0,,250,0
1155,market,MARKET,margin_balance,2019-07-18,553247405588.0,,250,0
1156,market,MARKET,margin_balance,2019-07-17,554260294952.0,,250,0
1157,market,MARKET,margin_balance,2019-07-16,553825861533.0,,250,0
1158,market,MARKET,margin_balance,2019-07-15,554625199039.0,,250,0
1159,market,MARKET,margin_balance,2019-07-12,552892796689.0,,250,0
1160,market,MARKET,margin_balance,2019-07-11,554379221513.0,,250,0
1161,market,MARKET,margin_balance,2019-07-10,555977606274.0,,250,0
1162,market,MARKET,margin_balance,2019-07-09,556103730813.0,,250,0
1163,market,MARKET,margin_balance,2019-07-08,556621341919.0,,250,0
1164,market,MARKET,margin_balance,2019-07-05,557230911541.0,,250,0
1165,market,MARKET,margin_balance,2019-07-04,558233968128.0,,250,0
1166,market,MARKET,margin_balance,2019-07-03,558021777154.0,,250,0
1167,market,MARKET,margin_balance,2019-07-02,556981008931.0,,250,0
1168,market,MARKET,margin_balance,2019-07-01,555691501988.0,,250,0
1169,market,MARKET,margin_balance,2019-06-28,552667719591.0,,250,0
1170,market,MARKET,margin_balance,2019-06-27,555081990713.0,,250,0
1171,market,MARKET,margin_balance,2019-06-26,554866807541.0,,250,0
1172,market,MARKET,margin_balance,2019-06-25,555406633993.0,,250,0
1173,market,MARKET,margin_balance,2019-06-24,554120915809.0,,250,0
1174,market,MARKET,margin_balance,2019-06-21,552003045824.0,,250,0
1175,market,MARKET,margin_balance,2019-06-20,552879604606.0,,250,0
1176,market,MARKET,margin_balance,2019-06-19,550075955133.0,,250,0
1177,market,MARKET,margin_balance,2019-06-18,550214553279.0,,250,0
1178,market,MARKET,margin_balance,2019-06-17,551417836080.0,,250,0
1179,market,MARKET,margin_balance,2019-06-14,551650178615.0,,250,0
1180,market,MARKET,margin_balance,2019-06-13,554049346075.0,,250,0
1181,market,MARKET,margin_balance,2019-06-12,553514400317.0,,250,0
1182,market,MARKET,margin_balance,2019-06-11,552784334976.0,,250,0
1183,market,MARKET,margin_balance,2019-06-10,551987010936.0,,250,0
1184,market,MARKET,margin_balance,2019-06-06,552416839087.0,,250,0
1185,market,MARKET,margin_balance,2019-06-05,556338666494.0,,250,0
1186,market,MARKET,margin_balance,2019-06-04,557765111603.0,,250,0
1187,market,MARKET,margin_balance,2019-06-03,560326784046.0,,250,0
1188,market,MARKET,margin_balance,2019-05-31,561675049492.0,,250,0
1189,market,MARKET,margin_balance,2019-05-30,563927359939.0,,250,0
1190,market,MARKET,margin_balance,2019-05-29,565160878503.0,,250,0
1191,market,MARKET,margin_balance,2019-05-28,564746087452.0,,250,0
1192,market,MARKET,margin_balance,2019-05-27,565941185628.0,,250,0
1193,market,MARKET,margin_balance,2019-05-24,563544185447.0,,250,0
1194,market,MARKET,margin_balance,2019-05-23,566545838846.0,,250,0
1195,market,MARKET,margin_balance,2019-05-22,568479017959.0,,250,0
1196,market,MARKET,margin_balance,2019-05-21,569999353578.0,,250,0
1197,market,MARKET,margin_balance,2019-05-20,569064699044.0,,250,0
1198,market,MARKET,margin_balance,2019-05-17,569484752667.0,,250,0
1199,market,MARKET,margin_balance,2019-05-16,573445759199.0,,250,0
1200,market,MARKET,margin_balance,2019-05-15,572745240171.0,,250,0
1201,market,MARKET,margin_balance,2019-05-14,572730344669.0,,250,0
1202,market,MARKET,margin_balance,2019-05-13,573371725013.0,,250,0
1203,market,MARKET,margin_balance,2019-05-10,575598325524.0,,250,0
1204,market,MARKET,margin_balance,2019-05-09,575813470248.0,,250,0
1205,market,MARKET,margin_balance,2019-05-08,576724938589.0,,250,0
1206,market,MARKET,margin_balance,2019-05-07,576621864128.0,,250,0
1207,market,MARKET,margin_balance,2019-05-06,578888694547.0,,250,0
1208,market,MARKET,margin_balance,2019-04-30,583832147876.0,,250,0
1209,market,MARKET,margin_balance,2019-04-29,591940347379.0,,250,0
1210,market,MARKET,margin_balance,2019-04-26,596470803006.0,,250,0
1211,market,MARKET,margin_balance,2019-04-25,599127709036.0,,250,0
1212,market,MARKET,margin_balance,2019-04-24,602857124947.0,,250,0
1213,market,MARKET,margin_balance,2019-04-23,601056287257.0,,250,0
1214,market,MARKET,margin_balance,2019-04-22,602543565985.0,,250,0
1215,market,MARKET,margin_balance,2019-04-19,599017324453.0,,250,0
1216,market,MARKET,margin_balance,2019-04-18,598935739422.0,,250,0
1217,market,MARKET,margin_balance,2019-04-17,597685851828.0,,250,0
1218,market,MARKET,margin_balance,2019-04-16,595262544723.0,,250,0
1219,market,MARKET,margin_balance,2019-04-15,590942322718.0,,250,0
1220,market,MARKET,margin_balance,2019-04-12,588463176848.0,,250,0
1221,market,MARKET,margin_balance,2019-04-11,590724764562.0,,250,0
1222,market,MARKET,margin_balance,2019-04-10,592029286107.0,,250,0
1223,market,MARKET,margin_balance,2019-04-09,590485282795.0,,250,0
1224,market,MARKET,margin_balance,2019-04-08,587901640247.0,,250,0
1225,market,MARKET,margin_balance,2019-04-04,577897611607.0,,250,0
1226,market,MARKET,margin_balance,2019-04-03,577546972213.0,,250,0
1227,market,MARKET,margin_balance,2019-04-02,573827737394.0,,250,0
1228,market,MARKET,margin_balance,2019-04-01,569255922885.0,,250,0
1229,market,MARKET,margin_balance,2019-03-29,563290808071.0,,250,0
1230,market,MARKET,margin_balance,2019-03-28,562432639424.0,,250,0
1231,market,MARKET,margin_balance,2019-03-27,562897131881.0,,250,0
1232,market,MARKET,margin_balance,2019-03-26,560887884352.0,,250,0
1233,market,MARKET,margin_balance,2019-03-25,561548391268.0,,250,0
1234,market,MARKET,margin_balance,2019-03-22,556652392319.0,,250,0
1235,market,MARKET,margin_balance,2019-03-21,557059696080.0,,250,0
1236,market,MARKET,margin_balance,2019-03-20,551793353869.0,,250,0
1237,market,MARKET,margin_balance,2019-03-19,549530219396.0,,250,0
1238,market,MARKET,margin_balance,2019-03-18,546426228177.0,,250,0
1239,market,MARKET,margin_balance,2019-03-15,541863354065.0,,250,0
1240,market,MARKET,margin_balance,2019-03-14,542677934805.0,,250,0
1241,market,MARKET,margin_balance,2019-03-13,544268643842.0,,250,0
1242,market,MARKET,margin_balance,2019-03-12,541556094417.0,,250,0
1243,market,MARKET,margin_balance,2019-03-11,535620374311.0,,250,0
1244,market,MARKET,margin_balance,2019-03-08,526925782701.0,,250,0
1245,market,MARKET,margin_balance,2019-03-07,527079360138.0,,250,0
1246,market,MARKET,margin_balance,2019-03-06,517288079194.0,,250,0
1247,market,MARKET,margin_balance,2019-03-05,507136801798.0,,250,0
1248,market,MARKET,margin_balance,2019-03-04,499287328291.0,,250,0
1249,market,MARKET,margin_balance,2019-03-01,491522944087.0,,250,0
1250,market,MARKET,margin_balance,2019-02-28,491357867845.0,,250,0
1251,market,MARKET,margin_balance,2019-02-27,491607833458.0,,250,0
1252,market,MARKET,margin_balance,2019-02-26,485320877950.0,,250,0
1253,market,MARKET,margin_balance,2019-02-25,480143772659.0,,250,0
1254,market,MARKET,margin_balance,2019-02-22,468587990004.0,,250,0
1255,market,MARKET,margin_balance,2019-02-21,465763298470.0,,250,0
1256,market,MARKET,margin_balance,2019-02-20,463495625478.0,,250,0
1257,market,MARKET,margin_balance,2019-02-19,461453465856.0,,250,0
1258,market,MARKET,margin_balance,2019-02-18,458297463074.0,,250,0
1259,market,MARKET,margin_balance,2019-02-15,455188418208.0,,250,0
1260,market,MARKET,margin_balance,2019-02-14,453560646920.0,,250,0
1261,market,MARKET,margin_balance,2019-02-13,452007139456.0,,250,0
1262,market,MARKET,margin_balance,2019-02-12,448944343928.0,,250,0
1263,market,MARKET,margin_balance,2019-02-11,447283568756.0,,250,0
1264,market,MARKET,margin_balance,2019-02-01,443626483255.0,,250,0
1265,market,MARKET,margin_balance,2019-01-31,449894693142.0,,250,0
1266,market,MARKET,margin_balance,2019-01-30,452915192645.0,,250,0
1267,market,MARKET,margin_balance,2019-01-29,454988650347.0,,250,0
1268,market,MARKET,margin_balance,2019-01-28,456987022791.0,,250,0
1269,market,MARKET,margin_balance,2019-01-25,458347879719.0,,250,0
1270,market,MARKET,margin_balance,2019-01-24,461838813242.0,,250,0
1271,market,MARKET,margin_balance,2019-01-23,462481519512.0,,250,0
1272,market,MARKET,margin_balance,2019-01-22,463018461767.0,,250,0
1273,market,MARKET,margin_balance,2019-01-21,462264456065.0,,250,0
1274,market,MARKET,margin_balance,2019-01-18,462826633887.0,,250,0
1275,market,MARKET,margin_balance,2019-01-17,464837511083.0,,250,0
1276,market,MARKET,margin_balance,2019-01-16,465243999831.0,,250,0
1277,market,MARKET,margin_balance,2019-01-15,466621588966.0,,250,0
1278,market,MARKET,margin_balance,2019-01-14,467099621862.0,,250,0
1279,market,MARKET,margin_balance,2019-01-11,466517201565.0,,250,0
1280,market,MARKET,margin_balance,2019-01-10,467724913179.0,,250,0
1281,market,MARKET,margin_balance,2019-01-09,468068290830.0,,250,0
1282,market,MARKET,margin_balance,2019-01-08,468720652351.0,,250,0
1283,market,MARKET,margin_balance,2019-01-07,468660366734.0,,250,0
1284,market,MARKET,margin_balance,2019-01-04,468251159489.0,,250,0
1285,market,MARKET,margin_balance,2019-01-03,467742204494.0,,250,0
1286,market,MARKET,margin_balance,2019-01-02,468065767764.0,,250,0
1287,market,MARKET,margin_balance,2018-12-28,467794504379.0,,250,0
1288,market,MARKET,margin_balance,2018-12-27,471444926097.0,,250,0
1289,market,MARKET,margin_balance,2018-12-26,471777270186.0,,250,0
1290,market,MARKET,margin_balance,2018-12-25,471906301232.0,,250,0
1291,market,MARKET,margin_balance,2018-12-24,472637290210.0,,250,0
1292,market,MARKET,margin_balance,2018-12-21,472306443248.0,,250,0
1293,market,MARKET,margin_balance,2018-12-20,473736413452.0,,250,0
1294,market,MARKET,margin_balance,2018-12-19,472922945321.0,,250,0
1295,market,MARKET,margin_balance,2018-12-18,473980033700.0,,250,0
1296,market,MARKET,margin_balance,2018-12-17,474211777356.0,,250,0
1297,market,MARKET,margin_balance,2018-12-14,473897571562.0,,250,0
1298,market,MARKET,margin_balance,2018-12-13,476322348716.0,,250,0
1299,market,MARKET,margin_balance,2018-12-12,475789701949.0,,250,0
1300,market,MARKET,margin_balance,2018-12-11,475899462551.0,,250,0
1301,market,MARKET,margin_balance,2018-12-10,476336244455.0,,250,0
1302,market,MARKET,margin_balance,2018-12-07,476064753065.0,,250,0
1303,market,MARKET,margin_balance,2018-12-06,477042259027.0,,250,0
1304,market,MARKET,margin_balance,2018-12-05,476170082615.0,,250,0
1305,market,MARKET,margin_balance,2018-12-04,476378148927.0,,250,0
1306,market,MARKET,margin_balance,2018-12-03,476475186575.0,,250,0
1307,market,MARKET,margin_balance,2018-11-30,475602936197.0,,250,0
1308,market,MARKET,margin_balance,2018-11-29,477353325412.0,,250,0
1309,market,MARKET,margin_balance,2018-11-28,478685541795.0,,250,0
1310,market,MARKET,margin_balance,2018-11-27,479439915395.0,,250,0
1311,market,MARKET,margin_balance,2018-11-26,479214240951.0,,250,0
1312,market,MARKET,margin_balance,2018-11-23,479307129155.0,,250,0
1313,market,MARKET,margin_balance,2018-11-22,482573283655.0,,250,0
1314,market,MARKET,margin_balance,2018-11-21,482169285974.0,,250,0
1315,market,MARKET,margin_balance,2018-11-20,482006822088.0,,250,0
1316,market,MARKET,margin_balance,2018-11-19,481038008539.0,,250,0
1317,market,MARKET,margin_balance,2018-11-16,478970873273.0,,250,0
1318,market,MARKET,margin_balance,2018-11-15,479605969199.0,,250,0
1319,market,MARKET,margin_balance,2018-11-14,478241537392.0,,250,0
1320,market,MARKET,margin_balance,2018-11-13,476917754411.0,,250,0
1321,market,MARKET,margin_balance,2018-11-12,475884564848.0,,250,0
1322,market,MARKET,margin_balance,2018-11-09,473828064143.0,,250,0
1323,market,MARKET,margin_balance,2018-11-08,473829965772.0,,250,0
1324,market,MARKET,margin_balance,2018-11-07,473924122268.0,,250,0
1325,market,MARKET,margin_balance,2018-11-06,473674769223.0,,250,0
1326,market,MARKET,margin_balance,2018-11-05,473248372374.0,,250,0
1327,market,MARKET,margin_balance,2018-11-02,472048537534.0,,250,0
1328,market,MARKET,margin_balance,2018-11-01,472980578372.0,,250,0
1329,market,MARKET,margin_balance,2018-10-31,473156843762.0,,250,0
1330,market,MARKET,margin_balance,2018-10-30,473524233917.0,,250,0
1331,market,MARKET,margin_balance,2018-10-29,474487110011.0,,250,0
1332,market,MARKET,margin_balance,2018-10-26,473833738937.0,,250,0
1333,market,MARKET,margin_balance,2018-10-25,474955750363.0,,250,0
1334,market,MARKET,margin_balance,2018-10-24,475312871253.0,,250,0
1335,market,MARKET,margin_balance,2018-10-23,475170391418.0,,250,0
1336,market,MARKET,margin_balance,2018-10-22,474441127709.0,,250,0
1337,market,MARKET,margin_balance,2018-10-19,473126702510.0,,250,0
1338,market,MARKET,margin_balance,2018-10-18,476202353735.0,,250,0
1339,market,MARKET,margin_balance,2018-10-17,478901435882.0,,250,0
1340,market,MARKET,margin_balance,2018-10-16,481370913809.0,,250,0
1341,market,MARKET,margin_balance,2018-10-15,485801333576.0,,250,0
1342,market,MARKET,margin_balance,2018-10-12,488747785990.0,,250,0
1343,market,MARKET,margin_balance,2018-10-11,495392486607.0,,250,0
1344,market,MARKET,margin_balance,2018-10-10,503192352101.0,,250,0
1345,market,MARKET,margin_balance,2018-10-09,503329075673.0,,250,0
1346,market,MARKET,margin_balance,2018-10-08,502707841993.0,,250,0
1347,market,MARKET,margin_balance,2018-09-28,499569073987.0,,250,0
1348,market,MARKET,margin_balance,2018-09-27,504272564162.0,,250,0
1349,market,MARKET,margin_balance,2018-09-26,505897484606.0,,250,0
1350,market,MARKET,margin_balance,2018-09-25,506162000589.0,,250,0
1351,market,MARKET,margin_balance,2018-09-21,505496537607.0,,250,0
1352,market,MARKET,margin_balance,2018-09-20,507849810572.0,,250,0
1353,market,MARKET,margin_balance,2018-09-19,509332429829.0,,250,0
1354,market,MARKET,margin_balance,2018-09-18,511135617933.0,,250,0
1355,market,MARKET,margin_balance,2018-09-17,511127526945.0,,250,0
1356,market,MARKET,margin_balance,2018-09-14,512187432443.0,,250,0
1357,market,MARKET,margin_balance,2018-09-13,514610651633.0,,250,0
1358,market,MARKET,margin_balance,2018-09-12,514843561067.0,,250,0
1359,market,MARKET,margin_balance,2018-09-11,515055663961.0,,250,0
1360,market,MARKET,margin_balance,2018-09-10,515760436822.0,,250,0
1361,market,MARKET,margin_balance,2018-09-07,517507277503.0,,250,0
1362,market,MARKET,margin_balance,2018-09-06,519638302988.0,,250,0
1363,market,MARKET,margin_balance,2018-09-05,519422523085.0,,250,0
1364,market,MARKET,margin_balance,2018-09-04,519720121649.0,,250,0
1365,market,MARKET,margin_balance,2018-09-03,519686855654.0,,250,0
1366,market,MARKET,margin_balance,2018-08-31,520223664967.0,,250,0
1367,market,MARKET,margin_balance,2018-08-30,522843530083.0,,250,0
1368,market,MARKET,margin_balance,2018-08-29,523335467908.0,,250,0
1369,market,MARKET,margin_balance,2018-08-28,523852817499.0,,250,0
1370,market,MARKET,margin_balance,2018-08-27,524256475064.0,,250,0
1371,market,MARKET,margin_balance,2018-08-24,523942612568.0,,250,0
1372,market,MARKET,margin_balance,2018-08-23,525836283769.0,,250,0
1373,market,MARKET,margin_balance,2018-08-22,525514358933.0,,250,0
1374,market,MARKET,margin_balance,2018-08-21,526466618556.0,,250,0
1375,market,MARKET,margin_balance,2018-08-20,527631741995.0,,250,0
1376,market,MARKET,margin_balance,2018-08-17,528752875993.0,,250,0
1377,market,MARKET,margin_balance,2018-08-16,530549019343.0,,250,0
1378,market,MARKET,margin_balance,2018-08-15,530237737928.0,,250,0
1379,market,MARKET,margin_balance,2018-08-14,530063994279.0,,250,0
1380,market,MARKET,margin_balance,2018-08-13,529887495121.0,,250,0
1381,market,MARKET,margin_balance,2018-08-10,528897853958.0,,250,0
1382,market,MARKET,margin_balance,2018-08-09,530932937748.0,,250,0
1383,market,MARKET,margin_balance,2018-08-08,531142547152.0,,250,0
1384,market,MARKET,margin_balance,2018-08-07,532729300191.0,,250,0
1385,market,MARKET,margin_balance,2018-08-06,533145666343.0,,250,0
1386,market,MARKET,margin_balance,2018-08-03,534724849870.0,,250,0
1387,market,MARKET,margin_balance,2018-08-02,537204215877.0,,250,0
1388,market,MARKET,margin_balance,2018-08-01,538458255682.0,,250,0
1389,market,MARKET,margin_balance,2018-07-31,539240726270.0,,250,0
1390,market,MARKET,margin_balance,2018-07-30,539948401398.0,,250,0
1391,market,MARKET,margin_balance,2018-07-27,540156924041.0,,250,0
1392,market,MARKET,margin_balance,2018-07-26,542025424671.0,,250,0
1393,market,MARKET,margin_balance,2018-07-25,540834474289.0,,250,0
1394,market,MARKET,margin_balance,2018-07-24,540036163625.0,,250,0
1395,market,MARKET,margin_balance,2018-07-23,540399530409.0,,250,0
1396,market,MARKET,margin_balance,2018-07-20,541043387091.0,,250,0
1397,market,MARKET,margin_balance,2018-07-19,542814736353.0,,250,0
1398,market,MARKET,margin_balance,2018-07-18,544370546682.0,,250,0
1399,market,MARKET,margin_balance,2018-07-17,544830411977.0,,250,0
1400,market,MARKET,margin_balance,2018-07-16,544388556388.0,,250,0
1401,market,MARKET,margin_balance,2018-07-13,544160878507.0,,250,0
1402,market,MARKET,margin_balance,2018-07-12,546189604108.0,,250,0
1403,market,MARKET,margin_balance,2018-07-11,545275369220.0,,250,0
1404,market,MARKET,margin_balance,2018-07-10,547845002674.0,,250,0
1405,market,MARKET,margin_balance,2018-07-09,547852155665.0,,250,0
1406,market,MARKET,margin_balance,2018-07-06,549027005192.0,,250,0
1407,market,MARKET,margin_balance,2018-07-05,551517208405.0,,250,0
1408,market,MARKET,margin_balance,2018-07-04,554908496367.0,,250,0
1409,market,MARKET,margin_balance,2018-07-03,558196282266.0,,250,0
1410,market,MARKET,margin_balance,2018-07-02,557983879838.0,,250,0
1411,market,MARKET,margin_balance,2018-06-29,558958548002.0,,250,0
1412,market,MARKET,margin_balance,2018-06-28,560325680671.0,,250,0
1413,market,MARKET,margin_balance,2018-06-27,561267840894.0,,250,0
1414,market,MARKET,margin_balance,2018-06-26,561826193000.0,,250,0
1415,market,MARKET,margin_balance,2018-06-25,562133593362.0,,250,0
1416,market,MARKET,margin_balance,2018-06-22,563161212372.0,,250,0
1417,market,MARKET,margin_balance,2018-06-21,565982278915.0,,250,0
1418,market,MARKET,margin_balance,2018-06-20,569621347371.0,,250,0
1419,market,MARKET,margin_balance,2018-06-19,573077322592.0,,250,0
1420,market,MARKET,margin_balance,2018-06-15,586773290995.0,,250,0
1421,market,MARKET,margin_balance,2018-06-14,591946485011.0,,250,0
1422,market,MARKET,margin_balance,2018-06-13,592304898651.0,,250,0
1423,market,MARKET,margin_balance,2018-06-12,593816084413.0,,250,0
1424,market,MARKET,margin_balance,2018-06-11,593550027105.0,,250,0
1425,market,MARKET,margin_balance,2018-06-08,594010946806.0,,250,0
1426,market,MARKET,margin_balance,2018-06-07,596144715035.0,,250,0
1427,market,MARKET,margin_balance,2018-06-06,595829279387.0,,250,0
1428,market,MARKET,margin_balance,2018-06-05,596123886544.0,,250,0
1429,market,MARKET,margin_balance,2018-06-04,595739329975.0,,250,0
1430,market,MARKET,margin_balance,2018-06-01,597245227538.0,,250,0
1431,market,MARKET,margin_balance,2018-05-31,600219705878.0,,250,0
1432,market,MARKET,margin_balance,2018-05-30,600303379145.0,,250,0
1433,market,MARKET,margin_balance,2018-05-29,602782937993.0,,250,0
1434,market,MARKET,margin_balance,2018-05-28,603643684046.0,,250,0
1435,market,MARKET,margin_balance,2018-05-25,603055238045.0,,250,0
1436,market,MARKET,margin_balance,2018-05-24,605212665728.0,,250,0
1437,market,MARKET,margin_balance,2018-05-23,604461629450.0,,250,0
1438,market,MARKET,margin_balance,2018-05-22,602724392982.0,,250,0
1439,market,MARKET,margin_balance,2018-05-21,600655249247.0,,250,0
1440,market,MARKET,margin_balance,2018-05-18,598756647896.0,,250,0
1441,market,MARKET,margin_balance,2018-05-17,599611946307.0,,250,0
1442,market,MARKET,margin_balance,2018-05-16,599012821215.0,,250,0
1443,market,MARKET,margin_balance,2018-05-15,598015279220.0,,250,0
1444,market,MARKET,margin_balance,2018-05-14,597478909847.0,,250,0
1445,market,MARKET,margin_balance,2018-05-11,597111877059.0,,250,0
1446,market,MARKET,margin_balance,2018-05-10,599284016764.0,,250,0
1447,market,MARKET,margin_balance,2018-05-09,598148672898.0,,250,0
1448,market,MARKET,margin_balance,2018-05-08,597122808944.0,,250,0
1449,market,MARKET,margin_balance,2018-05-07,596040265187.0,,250,0
1450,market,MARKET,margin_balance,2018-05-04,594663334827.0,,250,0
1451,market,MARKET,margin_balance,2018-05-03,596172080101.0,,250,0
1452,market,MARKET,margin_balance,2018-05-02,597040333882.0,,250,0
1453,market,MARKET,margin_balance,2018-04-27,596840915686.0,,250,0
1454,market,MARKET,margin_balance,2018-04-26,600246845541.0,,250,0
1455,market,MARKET,margin_balance,2018-04-25,601211285076.0,,250,0
1456,market,MARKET,margin_balance,2018-04-24,600675188673.0,,250,0
1457,market,MARKET,margin_balance,2018-04-23,601149359287.0,,250,0
1458,market,MARKET,margin_balance,2018-04-20,600772500506.0,,250,0
1459,market,MARKET,margin_balance,2018-04-19,603526081801.0,,250,0
1460,market,MARKET,margin_balance,2018-04-18,604309795934.0,,250,0
1461,market,MARKET,margin_balance,2018-04-17,604375000336.0,,250,0
1462,market,MARKET,margin_balance,2018-04-16,605309156618.0,,250,0
1463,market,MARKET,margin_balance,2018-04-13,604061565753.0,,250,0
1464,market,MARKET,margin_balance,2018-04-12,604659489253.0,,250,0
1465,market,MARKET,margin_balance,2018-04-11,604086275271.0,,250,0
1466,market,MARKET,margin_balance,2018-04-10,603443296227.0,,250,0
1467,market,MARKET,margin_balance,2018-04-09,603640915127.0,,250,0
1468,market,MARKET,margin_balance,2018-04-04,602001293247.0,,250,0
1469,market,MARKET,margin_balance,2018-04-03,605119686755.0,,250,0
1470,market,MARKET,margin_balance,2018-04-02,605237224827.0,,250,0
1471,market,MARKET,margin_balance,2018-03-30,602920762912.0,,250,0
1472,market,MARKET,margin_balance,2018-03-29,604318964604.0,,250,0
1473,market,MARKET,margin_balance,2018-03-28,603308839683.0,,250,0
1474,market,MARKET,margin_balance,2018-03-27,603352708281.0,,250,0
1475,market,MARKET,margin_balance,2018-03-26,601166513362.0,,250,0
1476,market,MARKET,margin_balance,2018-03-23,597647972178.0,,250,0
1477,market,MARKET,margin_balance,2018-03-22,607690961911.0,,250,0
1478,market,MARKET,margin_balance,2018-03-21,607762648692.0,,250,0
1479,market,MARKET,margin_balance,2018-03-20,606117622040.0,,250,0
1480,market,MARKET,margin_balance,2018-03-19,605648947093.0,,250,0
1481,market,MARKET,margin_balance,2018-03-16,604436177513.0,,250,0
1482,market,MARKET,margin_balance,2018-03-15,605244555815.0,,250,0
1483,market,MARKET,margin_balance,2018-03-14,604308671963.0,,250,0
1484,market,MARKET,margin_balance,2018-03-13,603552184333.0,,250,0
1485,market,MARKET,margin_balance,2018-03-12,604238433886.0,,250,0
1486,market,MARKET,margin_balance,2018-03-09,601222220032.0,,250,0
1487,market,MARKET,margin_balance,2018-03-08,602084042854.0,,250,0
1488,market,MARKET,margin_balance,2018-03-07,601341291526.0,,250,0
1489,market,MARKET,margin_balance,2018-03-06,601765914955.0,,250,0
1490,market,MARKET,margin_balance,2018-03-05,598997930547.0,,250,0
1491,market,MARKET,margin_balance,2018-03-02,599203694959.0,,250,0
1492,market,MARKET,margin_balance,2018-03-01,599966175501.0,,250,0
1493,market,MARKET,margin_balance,2018-02-28,598769944238.0,,250,0
1494,market,MARKET,margin_balance,2018-02-27,597222486261.0,,250,0
1495,market,MARKET,margin_balance,2018-02-26,597039502428.0,,250,0
1496,market,MARKET,margin_balance,2018-02-23,594598101421.0,,250,0
1497,market,MARKET,margin_balance,2018-02-22,594592558373.0,,250,0
1498,market,MARKET,margin_balance,2018-02-14,590987587758.0,,250,0
1499,market,MARKET,margin_balance,2018-02-13,599152793186.0,,250,0
1500,market,MARKET,margin_balance,2018-02-12,604681777601.0,,250,0
1501,market,MARKET,margin_balance,2018-02-09,608406914051.0,,250,0
1502,market,MARKET,margin_balance,2018-02-08,619495685148.0,,250,0
1503,market,MARKET,margin_balance,2018-02-07,620413393124.0,,250,0
1504,market,MARKET,margin_balance,2018-02-06,623479224410.0,,250,0
1505,market,MARKET,margin_balance,2018-02-05,634377716216.0,,250,0
1506,market,MARKET,margin_balance,2018-02-02,635078035546.0,,250,0
1507,market,MARKET,margin_balance,2018-02-01,640716028237.0,,250,0
1508,market,MARKET,margin_balance,2018-01-31,649455319270.0,,250,0
1509,market,MARKET,margin_balance,2018-01-30,652234408917.0,,250,0
1510,market,MARKET,margin_balance,2018-01-29,652448788592.0,,250,0
1511,market,MARKET,margin_balance,2018-01-26,650903902785.0,,250,0
1512,market,MARKET,margin_balance,2018-01-25,651910673059.0,,250,0
1513,market,MARKET,margin_balance,2018-01-24,651307380962.0,,250,0
1514,market,MARKET,margin_balance,2018-01-23,649019268979.0,,250,0
1515,market,MARKET,margin_balance,2018-01-22,644275382115.0,,250,0
1516,market,MARKET,margin_balance,2018-01-19,640397686470.0,,250,0
1517,market,MARKET,margin_balance,2018-01-18,638705484100.0,,250,0
1518,market,MARKET,margin_balance,2018-01-17,631549760993.0,,250,0
1519,market,MARKET,margin_balance,2018-01-16,630126517933.0,,250,0
1520,market,MARKET,margin_balance,2018-01-15,625877429414.0,,250,0
1521,market,MARKET,margin_balance,2018-01-12,623941567954.0,,250,0
1522,market,MARKET,margin_balance,2018-01-11,625224264644.0,,250,0
1523,market,MARKET,margin_balance,2018-01-10,623830863527.0,,250,0
1524,market,MARKET,margin_balance,2018-01-09,620617455335.0,,250,0
1525,market,MARKET,margin_balance,2018-01-08,618644944692.0,,250,0
1526,market,MARKET,margin_balance,2018-01-05,614943018585.0,,250,0
1527,market,MARKET,margin_balance,2018-01-04,614483054590.0,,250,0
1528,market,MARKET,margin_balance,2018-01-03,612588489103.0,,250,0
1529,market,MARKET,margin_balance,2018-01-02,612020137010.0,,250,0
1530,market,MARKET,margin_balance,2017-12-29,608866561835.0,,250,0
1531,market,MARKET,margin_balance,2017-12-28,611065565813.0,,250,0
1532,market,MARKET,margin_balance,2017-12-27,607857742046.0,,250,0
1533,market,MARKET,margin_balance,2017-12-26,607568026019.0,,250,0
1534,market,MARKET,margin_balance,2017-12-25,606010706038.0,,250,0
1535,market,MARKET,margin_balance,2017-12-22,604473231178.0,,250,0
1536,market,MARKET,margin_balance,2017-12-21,605159877143.0,,250,0
1537,market,MARKET,margin_balance,2017-12-20,604465732576.0,,250,0
1538,market,MARKET,margin_balance,2017-12-19,604880502259.0,,250,0
1539,market,MARKET,margin_balance,2017-12-18,604091935869.0,,250,0
1540,market,MARKET,margin_balance,2017-12-15,603623219983.0,,250,0
1541,market,MARKET,margin_balance,2017-12-14,605521421521.0,,250,0
1542,market,MARKET,margin_balance,2017-12-13,603630377806.0,,250,0
1543,market,MARKET,margin_balance,2017-12-12,601871495363.0,,250,0
1544,market,MARKET,margin_balance,2017-12-11,601146924244.0,,250,0
1545,market,MARKET,margin_balance,2017-12-08,599597492547.0,,250,0
1546,market,MARKET,margin_balance,2017-12-07,599645369309.0,,250,0
1547,market,MARKET,margin_balance,2017-12-06,598928973575.0,,250,0
1548,market,MARKET,margin_balance,2017-12-05,598800448084.0,,250,0
1549,market,MARKET,margin_balance,2017-12-04,608350148792.0,,250,0
1550,market,MARKET,margin_balance,2017-12-01,608705850863.0,,250,0
1551,market,MARKET,margin_balance,2017-11-30,610149699140.0,,250,0
1552,market,MARKET,margin_balance,2017-11-29,610492318969.0,,250,0
1553,market,MARKET,margin_balance,2017-11-28,608702730401.0,,250,0
1554,market,MARKET,margin_balance,2017-11-27,607869235592.0,,250,0
1555,market,MARKET,margin_balance,2017-11-24,611537258540.0,,250,0
1556,market,MARKET,margin_balance,2017-11-23,616341342999.0,,250,0
1557,market,MARKET,margin_balance,2017-11-22,617861712518.0,,250,0
1558,market,MARKET,margin_balance,2017-11-21,615129214931.0,,250,0
1559,market,MARKET,margin_balance,2017-11-20,610233147804.0,,250,0
1560,market,MARKET,margin_balance,2017-11-17,609632261697.0,,250,0
1561,market,MARKET,margin_balance,2017-11-16,615981411682.0,,250,0
1562,market,MARKET,margin_balance,2017-11-15,614073559657.0,,250,0
1563,market,MARKET,margin_balance,2017-11-14,613547914827.0,,250,0
1564,market,MARKET,margin_balance,2017-11-13,611506136340.0,,250,0
1565,market,MARKET,margin_balance,2017-11-10,606499616748.0,,250,0
1566,market,MARKET,margin_balance,2017-11-09,606073982535.0,,250,0
1567,market,MARKET,margin_balance,2017-11-08,603621975321.0,,250,0
1568,market,MARKET,margin_balance,2017-11-07,601686248575.0,,250,0
1569,market,MARKET,margin_balance,2017-11-06,597141230838.0,,250,0
1570,market,MARKET,margin_balance,2017-11-03,592938877453.0,,250,0
1571,market,MARKET,margin_balance,2017-11-02,595602178104.0,,250,0
1572,market,MARKET,margin_balance,2017-11-01,597009531505.0,,250,0
1573,market,MARKET,margin_balance,2017-10-31,592913406056.0,,250,0
1574,market,MARKET,margin_balance,2017-10-30,591009250129.0,,250,0
1575,market,MARKET,margin_balance,2017-10-27,590576164277.0,,250,0
1576,market,MARKET,margin_balance,2017-10-26,589432291347.0,,250,0
1577,market,MARKET,margin_balance,2017-10-25,583230949520.0,,250,0
1578,market,MARKET,margin_balance,2017-10-24,582602234594.0,,250,0
1579,market,MARKET,margin_balance,2017-10-23,584373303877.0,,250,0
1580,market,MARKET,margin_balance,2017-10-20,582052779204.0,,250,0
1581,market,MARKET,margin_balance,2017-10-19,582861458343.0,,250,0
1582,market,MARKET,margin_balance,2017-10-18,585193470301.0,,250,0
1583,market,MARKET,margin_balance,2017-10-17,587451622277.0,,250,0
1584,market,MARKET,margin_balance,2017-10-16,587257507507.0,,250,0
1585,market,MARKET,margin_balance,2017-10-13,585974331395.0,,250,0
1586,market,MARKET,margin_balance,2017-10-12,587288257767.0,,250,0
1587,market,MARKET,margin_balance,2017-10-11,587137694114.0,,250,0
1588,market,MARKET,margin_balance,2017-10-10,586593594201.0,,250,0
1589,market,MARKET,margin_balance,2017-10-09,582098660105.0,,250,0
1590,market,MARKET,margin_balance,2017-09-29,573147169479.0,,250,0
1591,market,MARKET,margin_balance,2017-09-28,581614414643.0,,250,0
1592,market,MARKET,margin_balance,2017-09-27,582972726464.0,,250,0
1593,market,MARKET,margin_balance,2017-09-26,583526965323.0,,250,0
1594,market,MARKET,margin_balance,2017-09-25,584715473506.0,,250,0
1595,market,MARKET,margin_balance,2017-09-22,586943274310.0,,250,0
1596,market,MARKET,margin_balance,2017-09-21,589877207190.0,,250,0
1597,market,MARKET,margin_balance,2017-09-20,590604562736.0,,250,0
1598,market,MARKET,margin_balance,2017-09-19,587345599884.0,,250,0
1599,market,MARKET,margin_balance,2017-09-18,585988205802.0,,250,0
1600,market,MARKET,margin_balance,2017-09-15,582144709448.0,,250,0
1601,market,MARKET,margin_balance,2017-09-14,583386457439.0,,250,0
1602,market,MARKET,margin_balance,2017-09-13,581064343732.0,,250,0
1603,market,MARKET,margin_balance,2017-09-12,578709285018.0,,250,0
1604,market,MARKET,margin_balance,2017-09-11,576833693892.0,,250,0
1605,market,MARKET,margin_balance,2017-09-08,572492899225.0,,250,0
1606,market,MARKET,margin_balance,2017-09-07,571871899268.0,,250,0
1607,market,MARKET,margin_balance,2017-09-06,571506551963.0,,250,0
1608,market,MARKET,margin_balance,2017-09-05,568631592763.0,,250,0
1609,market,MARKET,margin_balance,2017-09-04,567250683661.0,,250,0
1610,market,MARKET,margin_balance,2017-09-01,564039047536.0,,250,0
1611,market,MARKET,margin_balance,2017-08-31,562847918767.0,,250,0
1612,market,MARKET,margin_balance,2017-08-30,558783272233.0,,250,0
1613,market,MARKET,margin_balance,2017-08-29,557057385377.0,,250,0
1614,market,MARKET,margin_balance,2017-08-28,554895781765.0,,250,0
1615,market,MARKET,margin_balance,2017-08-25,549788114759.0,,250,0
1616,market,MARKET,margin_balance,2017-08-24,550556880728.0,,250,0
1617,market,MARKET,margin_balance,2017-08-23,549183029480.0,,250,0
1618,market,MARKET,margin_balance,2017-08-22,548604421382.0,,250,0
1619,market,MARKET,margin_balance,2017-08-21,547090141957.0,,250,0
1620,market,MARKET,margin_balance,2017-08-18,545419651148.0,,250,0
1621,market,MARKET,margin_balance,2017-08-17,546772456040.0,,250,0
1622,market,MARKET,margin_balance,2017-08-16,544573637438.0,,250,0
1623,market,MARKET,margin_balance,2017-08-15,543445583153.0,,250,0
1624,market,MARKET,margin_balance,2017-08-14,541191641805.0,,250,0
1625,market,MARKET,margin_balance,2017-08-11,538888389309.0,,250,0
1626,market,MARKET,margin_balance,2017-08-10,541408693525.0,,250,0
1627,market,MARKET,margin_balance,2017-08-09,541148627566.0,,250,0
1628,market,MARKET,margin_balance,2017-08-08,538448334136.0,,250,0
1629,market,MARKET,margin_balance,2017-08-07,539180891547.0,,250,0
1630,market,MARKET,margin_balance,2017-08-04,536418692294.0,,250,0
1631,market,MARKET,margin_balance,2017-08-03,538410443694.0,,250,0
1632,market,MARKET,margin_balance,2017-08-02,536031469957.0,,250,0
1633,market,MARKET,margin_balance,2017-08-01,533147779963.0,,250,0
1634,market,MARKET,margin_balance,2017-07-31,532287609008.0,,250,0
1635,market,MARKET,margin_balance,2017-07-28,528423317004.0,,250,0
1636,market,MARKET,margin_balance,2017-07-27,530065237229.0,,250,0
1637,market,MARKET,margin_balance,2017-07-26,528814529526.0,,250,0
1638,market,MARKET,margin_balance,2017-07-25,527056362363.0,,250,0
1639,market,MARKET,margin_balance,2017-07-24,524826687665.0,,250,0
1640,market,MARKET,margin_balance,2017-07-21,520591373363.0,,250,0
1641,market,MARKET,margin_balance,2017-07-20,520687747409.0,,250,0
1642,market,MARKET,margin_balance,2017-07-19,520506608130.0,,250,0
1643,market,MARKET,margin_balance,2017-07-18,517569200176.0,,250,0
1644,market,MARKET,margin_balance,2017-07-17,517590116975.0,,250,0
1645,market,MARKET,margin_balance,2017-07-14,518776051969.0,,250,0
1646,market,MARKET,margin_balance,2017-07-13,521221581731.0,,250,0
1647,market,MARKET,margin_balance,2017-07-12,519605037788.0,,250,0
1648,market,MARKET,margin_balance,2017-07-11,518981496620.0,,250,0
1649,market,MARKET,margin_balance,2017-07-10,518925498524.0,,250,0
1650,market,MARKET,margin_balance,2017-07-07,517147828613.0,,250,0
1651,market,MARKET,margin_balance,2017-07-06,518270755692.0,,250,0
1652,market,MARKET,margin_balance,2017-07-05,517868331695.0,,250,0
1653,market,MARKET,margin_balance,2017-07-04,516643457802.0,,250,0
1654,market,MARKET,margin_balance,2017-07-03,515674430907.0,,250,0
1655,market,MARKET,margin_balance,2017-06-30,514858355521.0,,250,0
1656,market,MARKET,margin_balance,2017-06-29,517170460498.0,,250,0
1657,market,MARKET,margin_balance,2017-06-28,517123966416.0,,250,0
1658,market,MARKET,margin_balance,2017-06-27,515116784597.0,,250,0
1659,market,MARKET,margin_balance,2017-06-26,514616547466.0,,250,0
1660,market,MARKET,margin_balance,2017-06-23,511325422767.0,,250,0
1661,market,MARKET,margin_balance,2017-06-22,513433938626.0,,250,0
1662,market,MARKET,margin_balance,2017-06-21,512390761128.0,,250,0
1663,market,MARKET,margin_balance,2017-06-20,511691867313.0,,250,0
1664,market,MARKET,margin_balance,2017-06-19,511643819453.0,,250,0
1665,market,MARKET,margin_balance,2017-06-16,510445076332.0,,250,0
1666,market,MARKET,margin_balance,2017-06-15,512266740864.0,,250,0
1667,market,MARKET,margin_balance,2017-06-14,510600040839.0,,250,0
1668,market,MARKET,margin_balance,2017-06-13,510295180060.0,,250,0
1669,market,MARKET,margin_balance,2017-06-12,509113923758.0,,250,0
1670,market,MARKET,margin_balance,2017-06-09,507663012285.0,,250,0
1671,market,MARKET,margin_balance,2017-06-08,508954203013.0,,250,0
1672,market,MARKET,margin_balance,2017-06-07,508339269886.0,,250,0
1673,market,MARKET,margin_balance,2017-06-06,506220708114.0,,250,0
1674,market,MARKET,margin_balance,2017-06-05,506533301214.0,,250,0
1675,market,MARKET,margin_balance,2017-06-02,505383901592.0,,250,0
1676,market,MARKET,margin_balance,2017-06-01,506760752107.0,,250,0
1677,market,MARKET,margin_balance,2017-05-31,509898650688.0,,250,0
1678,market,MARKET,margin_balance,2017-05-26,509584199990.0,,250,0
1679,market,MARKET,margin_balance,2017-05-25,513592936685.0,,250,0
1680,market,MARKET,margin_balance,2017-05-24,513331076665.0,,250,0
1681,market,MARKET,margin_balance,2017-05-23,513489671922.0,,250,0
1682,market,MARKET,margin_balance,2017-05-22,516190479900.0,,250,0
1683,market,MARKET,margin_balance,2017-05-19,516835589762.0,,250,0
1684,market,MARKET,margin_balance,2017-05-18,518584123447.0,,250,0
1685,market,MARKET,margin_balance,2017-05-17,518452779881.0,,250,0
1686,market,MARKET,margin_balance,2017-05-16,517892673722.0,,250,0
1687,market,MARKET,margin_balance,2017-05-15,516740627812.0,,250,0
1688,market,MARKET,margin_balance,2017-05-12,518249694514.0,,250,0
1689,market,MARKET,margin_balance,2017-05-11,521239777890.0,,250,0
1690,market,MARKET,margin_balance,2017-05-10,526379103718.0,,250,0
1691,market,MARKET,margin_balance,2017-05-09,528920340565.0,,250,0
1692,market,MARKET,margin_balance,2017-05-08,529341358077.0,,250,0
1693,market,MARKET,margin_balance,2017-05-05,532695764811.0,,250,0
1694,market,MARKET,margin_balance,2017-05-04,536663658095.0,,250,0
1695,market,MARKET,margin_balance,2017-05-03,535198720298.0,,250,0
1696,market,MARKET,margin_balance,2017-05-02,535032451775.0,,250,0
1697,market,MARKET,margin_balance,2017-04-28,534000674043.0,,250,0
1698,market,MARKET,margin_balance,2017-04-27,537448623663.0,,250,0
1699,market,MARKET,margin_balance,2017-04-26,537247635673.0,,250,0
1700,market,MARKET,margin_balance,2017-04-25,537371297426.0,,250,0
1701,market,MARKET,margin_balance,2017-04-24,538240212862.0,,250,0
1702,market,MARKET,margin_balance,2017-04-21,542173473687.0,,250,0
1703,market,MARKET,margin_balance,2017-04-20,547608124652.0,,250,0
1704,market,MARKET,margin_balance,2017-04-19,548880862068.0,,250,0
1705,market,MARKET,margin_balance,2017-04-18,550297174619.0,,250,0
1706,market,MARKET,margin_balance,2017-04-17,550007407304.0,,250,0
1707,market,MARKET,margin_balance,2017-04-14,548737000900.0,,250,0
1708,market,MARKET,margin_balance,2017-04-13,551361124533.0,,250,0
1709,market,MARKET,margin_balance,2017-04-12,548805493616.0,,250,0
1710,market,MARKET,margin_balance,2017-04-11,547481799908.0,,250,0
1711,market,MARKET,margin_balance,2017-04-10,543326805921.0,,250,0
1712,market,MARKET,margin_balance,2017-04-07,541425557045.0,,250,0
1713,market,MARKET,margin_balance,2017-04-06,543070462527.0,,250,0
1714,market,MARKET,margin_balance,2017-04-05,542477956632.0,,250,0
1715,market,MARKET,margin_balance,2017-03-31,539333932266.0,,250,0
1716,market,MARKET,margin_balance,2017-03-30,543648827606.0,,250,0
1717,market,MARKET,margin_balance,2017-03-29,545285395003.0,,250,0
1718,market,MARKET,margin_balance,2017-03-28,544642268765.0,,250,0
1719,market,MARKET,margin_balance,2017-03-27,543970472403.0,,250,0
1720,market,MARKET,margin_balance,2017-03-24,541621080542.0,,250,0
1721,market,MARKET,margin_balance,2017-03-23,541595734800.0,,250,0
1722,market,MARKET,margin_balance,2017-03-22,540976093923.0,,250,0
1723,market,MARKET,margin_balance,2017-03-21,539611929998.0,,250,0
1724,market,MARKET,margin_balance,2017-03-20,538033272472.0,,250,0
1725,market,MARKET,margin_balance,2017-03-17,536350925145.0,,250,0
1726,market,MARKET,margin_balance,2017-03-16,536724271794.0,,250,0
1727,market,MARKET,margin_balance,2017-03-15,533608456978.0,,250,0
1728,market,MARKET,margin_balance,2017-03-14,532676733556.0,,250,0
1729,market,MARKET,margin_balance,2017-03-13,532543727535.0,,250,0
1730,market,MARKET,margin_balance,2017-03-10,531307351982.0,,250,0
1731,market,MARKET,margin_balance,2017-03-09,533619974584.0,,250,0
1732,market,MARKET,margin_balance,2017-03-08,534454841095.0,,250,0
1733,market,MARKET,margin_balance,2017-03-07,533889391399.0,,250,0
1734,market,MARKET,margin_balance,2017-03-06,533516932721.0,,250,0
1735,market,MARKET,margin_balance,2017-03-03,531350315560.0,,250,0
1736,market,MARKET,margin_balance,2017-03-02,533614513142.0,,250,0
1737,market,MARKET,margin_balance,2017-03-01,533428413209.0,,250,0
1738,market,MARKET,margin_balance,2017-02-28,532232461688.0,,250,0
1739,market,MARKET,margin_balance,2017-02-27,530687856918.0,,250,0
1740,market,MARKET,margin_balance,2017-02-24,529029925917.0,,250,0
1741,market,MARKET,margin_balance,2017-02-23,529356243732.0,,250,0
1742,market,MARKET,margin_balance,2017-02-22,527316516324.0,,250,0
1743,market,MARKET,margin_balance,2017-02-21,526333662605.0,,250,0
1744,market,MARKET,margin_balance,2017-02-20,525663932566.0,,250,0
1745,market,MARKET,margin_balance,2017-02-17,521755964472.0,,250,0
1746,market,MARKET,margin_balance,2017-02-16,522377955167.0,,250,0
1747,market,MARKET,margin_balance,2017-02-15,519938443748.0,,250,0
1748,market,MARKET,margin_balance,2017-02-14,517762065657.0,,250,0
1749,market,MARKET,margin_balance,2017-02-13,516209665539.0,,250,0
1750,market,MARKET,margin_balance,2017-02-10,512560141910.0,,250,0
1751,market,MARKET,margin_balance,2017-02-09,513301012606.0,,250,0
1752,market,MARKET,margin_balance,2017-02-08,510111426933.0,,250,0
1753,market,MARKET,margin_balance,2017-02-07,508145852831.0,,250,0
1754,market,MARKET,margin_balance,2017-02-06,507823698714.0,,250,0
1755,market,MARKET,margin_balance,2017-02-03,504178446740.0,,250,0
1756,market,MARKET,margin_balance,2017-01-26,500921791338.0,,250,0
1757,market,MARKET,margin_balance,2017-01-25,508779125335.0,,250,0
1758,market,MARKET,margin_balance,2017-01-24,510402177029.0,,250,0
1759,market,MARKET,margin_balance,2017-01-23,513106048590.0,,250,0
1760,market,MARKET,margin_balance,2017-01-20,514026885078.0,,250,0
1761,market,MARKET,margin_balance,2017-01-19,516468124051.0,,250,0
1762,market,MARKET,margin_balance,2017-01-18,517431393456.0,,250,0
1763,market,MARKET,margin_balance,2017-01-17,518865844006.0,,250,0
1764,market,MARKET,margin_balance,2017-01-16,519532890057.0,,250,0
1765,market,MARKET,margin_balance,2017-01-13,532040070516.0,,250,0
1766,market,MARKET,margin_balance,2017-01-12,536903541362.0,,250,0
1767,market,MARKET,margin_balance,2017-01-11,538299549056.0,,250,0
1768,market,MARKET,margin_balance,2017-01-10,539808262661.0,,250,0
1769,market,MARKET,margin_balance,2017-01-09,540870597301.0,,250,0
1770,market,MARKET,margin_balance,2017-01-06,540359212574.0,,250,0
1771,market,MARKET,margin_balance,2017-01-05,542538206873.0,,250,0
1772,market,MARKET,margin_balance,2017-01-04,543094943101.0,,250,0
1773,market,MARKET,margin_balance,2017-01-03,543838364391.0,,250,0
1774,market,MARKET,margin_balance,2016-12-30,544651794421.0,,250,0
1775,market,MARKET,margin_balance,2016-12-29,549452825257.0,,250,0
1776,market,MARKET,margin_balance,2016-12-28,550010556679.0,,250,0
1777,market,MARKET,margin_balance,2016-12-27,549760897625.0,,250,0
1778,market,MARKET,margin_balance,2016-12-26,548641714372.0,,250,0
1779,market,MARKET,margin_balance,2016-12-23,547850526867.0,,250,0
1780,market,MARKET,margin_balance,2016-12-22,551600176818.0,,250,0
1781,market,MARKET,margin_balance,2016-12-21,552193690525.0,,250,0
1782,market,MARKET,margin_balance,2016-12-20,551262233471.0,,250,0
1783,market,MARKET,margin_balance,2016-12-19,550139977558.0,,250,0
1784,market,MARKET,margin_balance,2016-12-16,550484125954.0,,250,0
1785,market,MARKET,margin_balance,2016-12-15,552497198045.0,,250,0
1786,market,MARKET,margin_balance,2016-12-14,550790240651.0,,250,0
1787,market,MARKET,margin_balance,2016-12-13,549116091821.0,,250,0
1788,market,MARKET,margin_balance,2016-12-12,549216124683.0,,250,0
1789,market,MARKET,margin_balance,2016-12-09,556511555053.0,,250,0
1790,market,MARKET,margin_balance,2016-12-08,557801320951.0,,250,0
1791,market,MARKET,margin_balance,2016-12-07,557053935951.0,,250,0
1792,market,MARKET,margin_balance,2016-12-06,556217377296.0,,250,0
1793,market,MARKET,margin_balance,2016-12-05,556043925135.0,,250,0
1794,market,MARKET,margin_balance,2016-12-02,556588969265.0,,250,0
1795,market,MARKET,margin_balance,2016-12-01,559627145685.0,,250,0
1796,market,MARKET,margin_balance,2016-11-30,556942625877.0,,250,0
1797,market,MARKET,margin_balance,2016-11-29,554024628641.0,,250,0
1798,market,MARKET,margin_balance,2016-11-28,550611448800.0,,250,0
1799,market,MARKET,margin_balance,2016-11-25,544657404746.0,,250,0
1800,market,MARKET,margin_balance,2016-11-24,545738458752.0,,250,0
1801,market,MARKET,margin_balance,2016-11-23,545273539270.0,,250,0
1802,market,MARKET,margin_balance,2016-11-22,545594579218.0,,250,0
1803,market,MARKET,margin_balance,2016-11-21,542338707279.0,,250,0
1804,market,MARKET,margin_balance,2016-11-18,538399978256.0,,250,0
1805,market,MARKET,margin_balance,2016-11-17,539649084414.0,,250,0
1806,market,MARKET,margin_balance,2016-11-16,539071146237.0,,250,0
1807,market,MARKET,margin_balance,2016-11-15,536477902566.0,,250,0
1808,market,MARKET,margin_balance,2016-11-14,533890849108.0,,250,0
1809,market,MARKET,margin_balance,2016-11-11,528057267651.0,,250,0
1810,market,MARKET,margin_balance,2016-11-10,527531325241.0,,250,0
1811,market,MARKET,margin_balance,2016-11-09,523782529283.0,,250,0
1812,market,MARKET,margin_balance,2016-11-08,521213587371.0,,250,0
1813,market,MARKET,margin_balance,2016-11-07,520367498995.0,,250,0
1814,market,MARKET,margin_balance,2016-11-04,518943462737.0,,250,0
1815,market,MARKET,margin_balance,2016-11-03,519558069343.0,,250,0
1816,market,MARKET,margin_balance,2016-11-02,515180277893.0,,250,0
1817,market,MARKET,margin_balance,2016-11-01,515070231935.0,,250,0
1818,market,MARKET,margin_balance,2016-10-31,513136955477.0,,250,0
1819,market,MARKET,margin_balance,2016-10-28,511588747779.0,,250,0
1820,market,MARKET,margin_balance,2016-10-27,515015051662.0,,250,0
1821,market,MARKET,margin_balance,2016-10-26,514288932929.0,,250,0
1822,market,MARKET,margin_balance,2016-10-25,512420005838.0,,250,0
1823,market,MARKET,margin_balance,2016-10-24,509713520663.0,,250,0
1824,market,MARKET,margin_balance,2016-10-21,505292137971.0,,250,0
1825,market,MARKET,margin_balance,2016-10-20,505506182072.0,,250,0
1826,market,MARKET,margin_balance,2016-10-19,505043436965.0,,250,0
1827,market,MARKET,margin_balance,2016-10-18,504097341463.0,,250,0
1828,market,MARKET,margin_balance,2016-10-17,500895240779.0,,250,0
1829,market,MARKET,margin_balance,2016-10-14,499304783650.0,,250,0
1830,market,MARKET,margin_balance,2016-10-13,500323291271.0,,250,0
1831,market,MARKET,margin_balance,2016-10-12,498244819377.0,,250,0
1832,market,MARKET,margin_balance,2016-10-11,495971335850.0,,250,0
1833,market,MARKET,margin_balance,2016-10-10,492617672452.0,,250,0
1834,market,MARKET,margin_balance,2016-09-30,487670122076.0,,250,0
1835,market,MARKET,margin_balance,2016-09-29,495018937932.0,,250,0
1836,market,MARKET,margin_balance,2016-09-28,496696253795.0,,250,0
1837,market,MARKET,margin_balance,2016-09-27,497854361837.0,,250,0
1838,market,MARKET,margin_balance,2016-09-26,498232263835.0,,250,0
1839,market,MARKET,margin_balance,2016-09-23,498305991255.0,,250,0
1840,market,MARKET,margin_balance,2016-09-22,500611440543.0,,250,0
1841,market,MARKET,margin_balance,2016-09-21,501653805811.0,,250,0
1842,market,MARKET,margin_balance,2016-09-20,501425643726.0,,250,0
1843,market,MARKET,margin_balance,2016-09-19,500851539879.0,,250,0
1844,market,MARKET,margin_balance,2016-09-14,498789444525.0,,250,0
1845,market,MARKET,margin_balance,2016-09-13,502350586997.0,,250,0
1846,market,MARKET,margin_balance,2016-09-12,502634041534.0,,250,0
1847,market,MARKET,margin_balance,2016-09-09,504588888577.0,,250,0
1848,market,MARKET,margin_balance,2016-09-08,506650639593.0,,250,0
1849,market,MARKET,margin_balance,2016-09-07,506294806956.0,,250,0
1850,market,MARKET,margin_balance,2016-09-06,505956672255.0,,250,0
1851,market,MARKET,margin_balance,2016-09-05,503443418082.0,,250,0
1852,market,MARKET,margin_balance,2016-09-02,502647576346.0,,250,0
1853,market,MARKET,margin_balance,2016-09-01,504557645094.0,,250,0
1854,market,MARKET,margin_balance,2016-08-31,504688289426.0,,250,0
1855,market,MARKET,margin_balance,2016-08-30,503946770233.0,,250,0
1856,market,MARKET,margin_balance,2016-08-29,504200612062.0,,250,0
1857,market,MARKET,margin_balance,2016-08-26,502586256529.0,,250,0
1858,market,MARKET,margin_balance,2016-08-25,503539853311.0,,250,0
1859,market,MARKET,margin_balance,2016-08-24,503153950861.0,,250,0
1860,market,MARKET,margin_balance,2016-08-23,502527920882.0,,250,0
1861,market,MARKET,margin_balance,2016-08-22,501883610586.0,,250,0
1862,market,MARKET,margin_balance,2016-08-19,500959746090.0,,250,0
1863,market,MARKET,margin_balance,2016-08-18,501182481159.0,,250,0
1864,market,MARKET,margin_balance,2016-08-17,498344777052.0,,250,0
1865,market,MARKET,margin_balance,2016-08-16,496320718721.0,,250,0
1866,market,MARKET,margin_balance,2016-08-15,489368672647.0,,250,0
1867,market,MARKET,margin_balance,2016-08-12,482545164999.0,,250,0
1868,market,MARKET,margin_balance,2016-08-11,483548652746.0,,250,0
1869,market,MARKET,margin_balance,2016-08-10,483455828566.0,,250,0
1870,market,MARKET,margin_balance,2016-08-09,481690229549.0,,250,0
1871,market,MARKET,margin_balance,2016-08-08,480435945017.0,,250,0
1872,market,MARKET,margin_balance,2016-08-05,479167444523.0,,250,0
1873,market,MARKET,margin_balance,2016-08-04,480149959799.0,,250,0
1874,market,MARKET,margin_balance,2016-08-03,479392807385.0,,250,0
1875,market,MARKET,margin_balance,2016-08-02,478743174772.0,,250,0
1876,market,MARKET,margin_balance,2016-08-01,478708102239.0,,250,0
1877,market,MARKET,margin_balance,2016-07-29,480421506156.0,,250,0
1878,market,MARKET,margin_balance,2016-07-28,482906780968.0,,250,0
1879,market,MARKET,margin_balance,2016-07-27,484626917852.0,,250,0
1880,market,MARKET,margin_balance,2016-07-26,490143017029.0,,250,0
1881,market,MARKET,margin_balance,2016-07-25,489230564505.0,,250,0
1882,market,MARKET,margin_balance,2016-07-22,488048096462.0,,250,0
1883,market,MARKET,margin_balance,2016-07-21,489939872709.0,,250,0
1884,market,MARKET,margin_balance,2016-07-20,488610975749.0,,250,0
1885,market,MARKET,margin_balance,2016-07-19,487963635407.0,,250,0
1886,market,MARKET,margin_balance,2016-07-18,485610918505.0,,250,0
1887,market,MARKET,margin_balance,2016-07-15,483388306187.0,,250,0
1888,market,MARKET,margin_balance,2016-07-14,484425558061.0,,250,0
1889,market,MARKET,margin_balance,2016-07-13,484264658176.0,,250,0
1890,market,MARKET,margin_balance,2016-07-12,484659854612.0,,250,0
1891,market,MARKET,margin_balance,2016-07-11,481812623783.0,,250,0
1892,market,MARKET,margin_balance,2016-07-08,480432070238.0,,250,0
1893,market,MARKET,margin_balance,2016-07-07,483455433608.0,,250,0
1894,market,MARKET,margin_balance,2016-07-06,482613845154.0,,250,0
1895,market,MARKET,margin_balance,2016-07-05,481340721458.0,,250,0
1896,market,MARKET,margin_balance,2016-07-04,479645349960.0,,250,0
1897,market,MARKET,margin_balance,2016-07-01,475466271207.0,,250,0
1898,market,MARKET,margin_balance,2016-06-30,477038388909.0,,250,0
1899,market,MARKET,margin_balance,2016-06-29,477350209834.0,,250,0
1900,market,MARKET,margin_balance,2016-06-28,475173706989.0,,250,0
1901,market,MARKET,margin_balance,2016-06-27,474100511875.0,,250,0
1902,market,MARKET,margin_balance,2016-06-24,471456821268.0,,250,0
1903,market,MARKET,margin_balance,2016-06-23,472980843035.0,,250,0
1904,market,MARKET,margin_balance,2016-06-22,473613674296.0,,250,0
1905,market,MARKET,margin_balance,2016-06-21,473056297366.0,,250,0
1906,market,MARKET,margin_balance,2016-06-20,473768578494.0,,250,0
1907,market,MARKET,margin_balance,2016-06-17,472912676267.0,,250,0
1908,market,MARKET,margin_balance,2016-06-16,474268731503.0,,250,0
1909,market,MARKET,margin_balance,2016-06-15,474804193799.0,,250,0
1910,market,MARKET,margin_balance,2016-06-14,471955686589.0,,250,0
1911,market,MARKET,margin_balance,2016-06-13,472483500063.0,,250,0
1912,market,MARKET,margin_balance,2016-06-08,474314188167.0,,250,0
1913,market,MARKET,margin_balance,2016-06-07,476645308432.0,,250,0
1914,market,MARKET,margin_balance,2016-06-06,476503554637.0,,250,0
1915,market,MARKET,margin_balance,2016-06-03,475751557609.0,,250,0
1916,market,MARKET,margin_balance,2016-06-02,477634769367.0,,250,0
1917,market,MARKET,margin_balance,2016-06-01,475576818334.0,,250,0
1918,market,MARKET,margin_balance,2016-05-31,474543921088.0,,250,0
1919,market,MARKET,margin_balance,2016-05-30,471262720582.0,,250,0
1920,market,MARKET,margin_balance,2016-05-27,472626324935.0,,250,0
1921,market,MARKET,margin_balance,2016-05-26,474350231439.0,,250,0
1922,market,MARKET,margin_balance,2016-05-25,475067839041.0,,250,0
1923,market,MARKET,margin_balance,2016-05-24,475912179126.0,,250,0
1924,market,MARKET,margin_balance,2016-05-23,475543728930.0,,250,0
1925,market,MARKET,margin_balance,2016-05-20,475696902821.0,,250,0
1926,market,MARKET,margin_balance,2016-05-19,476541702037.0,,250,0
1927,market,MARKET,margin_balance,2016-05-18,476662476044.0,,250,0
1928,market,MARKET,margin_balance,2016-05-17,480709581949.0,,250,0
1929,market,MARKET,margin_balance,2016-05-16,481841867135.0,,250,0
1930,market,MARKET,margin_balance,2016-05-13,481703524682.0,,250,0
1931,market,MARKET,margin_balance,2016-05-12,484181410605.0,,250,0
1932,market,MARKET,margin_balance,2016-05-11,486131702120.0,,250,0
1933,market,MARKET,margin_balance,2016-05-10,488618504013.0,,250,0
1934,market,MARKET,margin_balance,2016-05-09,491602606817.0,,250,0
1935,market,MARKET,margin_balance,2016-05-06,494840767168.0,,250,0
1936,market,MARKET,margin_balance,2016-05-05,500513935449.0,,250,0
1937,market,MARKET,margin_balance,2016-05-04,500286826788.0,,250,0
1938,market,MARKET,margin_balance,2016-05-03,499985249185.0,,250,0
1939,market,MARKET,margin_balance,2016-04-29,496345474421.0,,250,0
1940,market,MARKET,margin_balance,2016-04-28,500651639412.0,,250,0
1941,market,MARKET,margin_balance,2016-04-27,501204693006.0,,250,0
1942,market,MARKET,margin_balance,2016-04-26,502142432560.0,,250,0
1943,market,MARKET,margin_balance,2016-04-25,502993921174.0,,250,0
1944,market,MARKET,margin_balance,2016-04-22,503537035386.0,,250,0
1945,market,MARKET,margin_balance,2016-04-21,506657305117.0,,250,0
1946,market,MARKET,margin_balance,2016-04-20,507989279590.0,,250,0
1947,market,MARKET,margin_balance,2016-04-19,514195326488.0,,250,0
1948,market,MARKET,margin_balance,2016-04-18,514158771064.0,,250,0
1949,market,MARKET,margin_balance,2016-04-15,515825655962.0,,250,0
1950,market,MARKET,margin_balance,2016-04-14,517324877789.0,,250,0
1951,market,MARKET,margin_balance,2016-04-13,516033079084.0,,250,0
1952,market,MARKET,margin_balance,2016-04-12,512091465741.0,,250,0
1953,market,MARKET,margin_balance,2016-04-11,513998227760.0,,250,0
1954,market,MARKET,margin_balance,2016-04-08,511588741384.0,,250,0
1955,market,MARKET,margin_balance,2016-04-07,514628330354.0,,250,0
1956,market,MARKET,margin_balance,2016-04-06,515517987062.0,,250,0
1957,market,MARKET,margin_balance,2016-04-05,514066086743.0,,250,0
1958,market,MARKET,margin_balance,2016-04-01,507950695466.0,,250,0
1959,market,MARKET,margin_balance,2016-03-31,511872039672.0,,250,0
1960,market,MARKET,margin_balance,2016-03-30,511465980860.0,,250,0
1961,market,MARKET,margin_balance,2016-03-29,510244338938.0,,250,0
1962,market,MARKET,margin_balance,2016-03-28,510926615519.0,,250,0
1963,market,MARKET,margin_balance,2016-03-25,510273685989.0,,250,0
1964,market,MARKET,margin_balance,2016-03-24,510817702120.0,,250,0
1965,market,MARKET,margin_balance,2016-03-23,511378442196.0,,250,0
1966,market,MARKET,margin_balance,2016-03-22,508968770688.0,,250,0
1967,market,MARKET,margin_balance,2016-03-21,507393688482.0,,250,0
1968,market,MARKET,margin_balance,2016-03-18,496583662520.0,,250,0
1969,market,MARKET,margin_balance,2016-03-17,490221303971.0,,250,0
1970,market,MARKET,margin_balance,2016-03-16,485373333505.0,,250,0
1971,market,MARKET,margin_balance,2016-03-15,492306217485.0,,250,0
1972,market,MARKET,margin_balance,2016-03-14,495497789461.0,,250,0
1973,market,MARKET,margin_balance,2016-03-11,491604772599.0,,250,0
1974,market,MARKET,margin_balance,2016-03-10,493878975964.0,,250,0
1975,market,MARKET,margin_balance,2016-03-09,494722916409.0,,250,0
1976,market,MARKET,margin_balance,2016-03-08,497584729473.0,,250,0
1977,market,MARKET,margin_balance,2016-03-07,499248332446.0,,250,0
1978,market,MARKET,margin_balance,2016-03-04,496783148388.0,,250,0
1979,market,MARKET,margin_balance,2016-03-03,504904481230.0,,250,0
1980,market,MARKET,margin_balance,2016-03-02,504129749447.0,,250,0
1981,market,MARKET,margin_balance,2016-03-01,501597638245.0,,250,0
1982,market,MARKET,margin_balance,2016-02-29,502664760557.0,,250,0
1983,market,MARKET,margin_balance,2016-02-26,511578362133.0,,250,0
1984,market,MARKET,margin_balance,2016-02-25,515180978822.0,,250,0
1985,market,MARKET,margin_balance,2016-02-24,522220174891.0,,250,0
1986,market,MARKET,margin_balance,2016-02-23,520794357646.0,,250,0
1987,market,MARKET,margin_balance,2016-02-22,520943152313.0,,250,0
1988,market,MARKET,margin_balance,2016-02-19,519427986830.0,,250,0
1989,market,MARKET,margin_balance,2016-02-18,521029120871.0,,250,0
1990,market,MARKET,margin_balance,2016-02-17,520435981746.0,,250,0
1991,market,MARKET,margin_balance,2016-02-16,519760860178.0,,250,0
1992,market,MARKET,margin_balance,2016-02-15,516676470119.0,,250,0
1993,market,MARKET,margin_balance,2016-02-05,515450164189.0,,250,0
1994,market,MARKET,margin_balance,2016-02-04,525819102014.0,,250,0
1995,market,MARKET,margin_balance,2016-02-03,527919123110.0,,250,0
1996,market,MARKET,margin_balance,2016-02-02,530357680472.0,,250,0
1997,market,MARKET,margin_balance,2016-02-01,529869482034.0,,250,0
1998,market,MARKET,margin_balance,2016-01-29,534568872594.0,,250,0
1999,market,MARKET,margin_balance,2016-01-28,538940298955.0,,250,0
2000,market,MARKET,margin_balance,2016-01-27,547919967766.0,,250,0
2001,market,MARKET,margin_balance,2016-01-26,560536404345.0,,250,0
2002,market,MARKET,margin_balance,2016-01-25,574750371909.0,,250,0
2003,market,MARKET,margin_balance,2016-01-22,576371301772.0,,250,0
2004,market,MARKET,margin_balance,2016-01-21,579740570176.0,,250,0
2005,market,MARKET,margin_balance,2016-01-20,583683167652.0,,250,0
2006,market,MARKET,margin_balance,2016-01-19,585163026052.0,,250,0
2007,market,MARKET,margin_balance,2016-01-18,585652739514.0,,250,0
2008,market,MARKET,margin_balance,2016-01-15,587092462934.0,,250,0
2009,market,MARKET,margin_balance,2016-01-14,595814849528.0,,250,0
2010,market,MARKET,margin_balance,2016-01-13,602116971600.0,,250,0
2011,market,MARKET,margin_balance,2016-01-12,612174126683.0,,250,0
2012,market,MARKET,margin_balance,2016-01-11,623981608907.0,,250,0
2013,market,MARKET,margin_balance,2016-01-08,642738422591.0,,250,0
2014,market,MARKET,margin_balance,2016-01-07,655485269875.0,,250,0
2015,market,MARKET,margin_balance,2016-01-06,661685364160.0,,250,0
2016,market,MARKET,margin_balance,2016-01-05,664390318480.0,,250,0
2017,market,MARKET,margin_balance,2016-01-04,676180443751.0,,250,0
2018,market,MARKET,margin_balance,2015-12-31,682632758482.0,,250,0
2019,market,MARKET,margin_balance,2015-12-30,692758538892.0,,250,0
2020,market,MARKET,margin_balance,2015-12-29,691841161906.0,,250,0
2021,market,MARKET,margin_balance,2015-12-28,692951128178.0,,250,0
2022,market,MARKET,margin_balance,2015-12-25,705059141115.0,,250,0
2023,market,MARKET,margin_balance,2015-12-24,706218519615.0,,250,0
2024,market,MARKET,margin_balance,2015-12-23,703882912213.0,,250,0
2025,market,MARKET,margin_balance,2015-12-22,696800973005.0,,250,0
2026,market,MARKET,margin_balance,2015-12-21,692478685878.0,,250,0
2027,market,MARKET,margin_balance,2015-12-18,687179394289.0,,250,0
2028,market,MARKET,margin_balance,2015-12-17,687712462583.0,,250,0
2029,market,MARKET,margin_balance,2015-12-16,689336656140.0,,250,0
2030,market,MARKET,margin_balance,2015-12-15,688925689927.0,,250,0
2031,market,MARKET,margin_balance,2015-12-14,688840709924.0,,250,0
2032,market,MARKET,margin_balance,2015-12-11,681273549814.0,,250,0
2033,market,MARKET,margin_balance,2015-12-10,682323145006.0,,250,0
2034,market,MARKET,margin_balance,2015-12-09,683999826326.0,,250,0
2035,market,MARKET,margin_balance,2015-12-08,685686973650.0,,250,0
2036,market,MARKET,margin_balance,2015-12-07,690792684243.0,,250,0
2037,market,MARKET,margin_balance,2015-12-04,691330060800.0,,250,0
2038,market,MARKET,margin_balance,2015-12-03,703365987078.0,,250,0
2039,market,MARKET,margin_balance,2015-12-02,707906155011.0,,250,0
2040,market,MARKET,margin_balance,2015-12-01,709650971802.0,,250,0
2041,market,MARKET,margin_balance,2015-11-30,707736380540.0,,250,0
2042,market,MARKET,margin_balance,2015-11-27,709632818670.0,,250,0
2043,market,MARKET,margin_balance,2015-11-26,723778063978.0,,250,0
2044,market,MARKET,margin_balance,2015-11-25,725046683206.0,,250,0
2045,market,MARKET,margin_balance,2015-11-24,726524624915.0,,250,0
2046,market,MARKET,margin_balance,2015-11-23,727114484488.0,,250,0
2047,market,MARKET,margin_balance,2015-11-20,729662743762.0,,250,0
2048,market,MARKET,margin_balance,2015-11-19,725833147236.0,,250,0
2049,market,MARKET,margin_balance,2015-11-18,720311260107.0,,250,0
2050,market,MARKET,margin_balance,2015-11-17,721354863922.0,,250,0
2051,market,MARKET,margin_balance,2015-11-16,711944428336.0,,250,0
2052,market,MARKET,margin_balance,2015-11-13,706179024089.0,,250,0
2053,market,MARKET,margin_balance,2015-11-12,706401386574.0,,250,0
2054,market,MARKET,margin_balance,2015-11-11,700693500918.0,,250,0
2055,market,MARKET,margin_balance,2015-11-10,694979566197.0,,250,0
2056,market,MARKET,margin_balance,2015-11-09,680999129756.0,,250,0
2057,market,MARKET,margin_balance,2015-11-06,659448635104.0,,250,0
2058,market,MARKET,margin_balance,2015-11-05,650821263421.0,,250,0
2059,market,MARKET,margin_balance,2015-11-04,638502907435.0,,250,0
2060,market,MARKET,margin_balance,2015-11-03,626597097684.0,,250,0
2061,market,MARKET,margin_balance,2015-11-02,626556525916.0,,250,0
2062,market,MARKET,margin_balance,2015-10-30,628845458181.0,,250,0
2063,market,MARKET,margin_balance,2015-10-29,630429828652.0,,250,0
2064,market,MARKET,margin_balance,2015-10-28,628040245660.0,,250,0
2065,market,MARKET,margin_balance,2015-10-27,630084819161.0,,250,0
2066,market,MARKET,margin_balance,2015-10-26,627484737913.0,,250,0
2067,market,MARKET,margin_balance,2015-10-23,620762377501.0,,250,0
2068,market,MARKET,margin_balance,2015-10-22,616889987672.0,,250,0
2069,market,MARKET,margin_balance,2015-10-21,611634694531.0,,250,0
2070,market,MARKET,margin_balance,2015-10-20,616658889211.0,,250,0
2071,market,MARKET,margin_balance,2015-10-19,610485264498.0,,250,0
2072,market,MARKET,margin_balance,2015-10-16,604523998062.0,,250,0
2073,market,MARKET,margin_balance,2015-10-15,602950543426.0,,250,0
2074,market,MARKET,margin_balance,2015-10-14,597514898442.0,,250,0
2075,market,MARKET,margin_balance,2015-10-13,594410596360.0,,250,0
2076,market,MARKET,margin_balance,2015-10-12,592888872759.0,,250,0
2077,market,MARKET,margin_balance,2015-10-09,575856537247.0,,250,0
2078,market,MARKET,margin_balance,2015-10-08,575434000279.0,,250,0
2079,market,MARKET,margin_balance,2015-09-30,566978456371.0,,250,0
2080,market,MARKET,margin_balance,2015-09-29,575376203839.0,,250,0
2081,market,MARKET,margin_balance,2015-09-28,580174290665.0,,250,0
2082,market,MARKET,margin_balance,2015-09-25,581167962765.0,,250,0
2083,market,MARKET,margin_balance,2015-09-24,590111290663.0,,250,0
2084,market,MARKET,margin_balance,2015-09-23,590177009645.0,,250,0
2085,market,MARKET,margin_balance,2015-09-22,592187764498.0,,250,0
2086,market,MARKET,margin_balance,2015-09-21,591670545844.0,,250,0
2087,market,MARKET,margin_balance,2015-09-18,590955078114.0,,250,0
2088,market,MARKET,margin_balance,2015-09-17,592481006296.0,,250,0
2089,market,MARKET,margin_balance,2015-09-16,590253865234.0,,250,0
2090,market,MARKET,margin_balance,2015-09-15,589151238339.0,,250,0
2091,market,MARKET,margin_balance,2015-09-14,602028231672.0,,250,0
2092,market,MARKET,margin_balance,2015-09-11,621002441190.0,,250,0
2093,market,MARKET,margin_balance,2015-09-10,622165096784.0,,250,0
2094,market,MARKET,margin_balance,2015-09-09,624592628482.0,,250,0
2095,market,MARKET,margin_balance,2015-09-08,615620517843.0,,250,0
2096,market,MARKET,margin_balance,2015-09-07,618053148990.0,,250,0
2097,market,MARKET,margin_balance,2015-09-02,608483856965.0,,250,0
2098,market,MARKET,margin_balance,2015-09-01,645076832339.0,,250,0
2099,market,MARKET,margin_balance,2015-08-31,675440104531.0,,250,0
2100,market,MARKET,margin_balance,2015-08-28,685325324628.0,,250,0
2101,market,MARKET,margin_balance,2015-08-27,687146977507.0,,250,0
2102,market,MARKET,margin_balance,2015-08-26,708465031507.0,,250,0
2103,market,MARKET,margin_balance,2015-08-25,742407908221.0,,250,0
2104,market,MARKET,margin_balance,2015-08-24,797947921527.0,,250,0
2105,market,MARKET,margin_balance,2015-08-21,850826086233.0,,250,0
2106,market,MARKET,margin_balance,2015-08-20,871586509989.0,,250,0
2107,market,MARKET,margin_balance,2015-08-19,877810122200.0,,250,0
2108,market,MARKET,margin_balance,2015-08-18,882433687126.0,,250,0
2109,market,MARKET,margin_balance,2015-08-17,896990230044.0,,250,0
2110,market,MARKET,margin_balance,2015-08-14,888324093764.0,,250,0
2111,market,MARKET,margin_balance,2015-08-13,885125858870.0,,250,0
2112,market,MARKET,margin_balance,2015-08-12,876197029584.0,,250,0
2113,market,MARKET,margin_balance,2015-08-11,872389433398.0,,250,0
2114,market,MARKET,margin_balance,2015-08-10,863609971167.0,,250,0
2115,market,MARKET,margin_balance,2015-08-07,847778233071.0,,250,0
2116,market,MARKET,margin_balance,2015-08-06,842292220483.0,,250,0
2117,market,MARKET,margin_balance,2015-08-05,844812793371.0,,250,0
2118,market,MARKET,margin_balance,2015-08-04,844719210385.0,,250,0
2119,market,MARKET,margin_balance,2015-08-03,834966880095.0,,250,0
2120,market,MARKET,margin_balance,2015-07-31,862203011973.0,,250,0
2121,market,MARKET,margin_balance,2015-07-30,883893891162.0,,250,0
2122,market,MARKET,margin_balance,2015-07-29,883937443529.0,,250,0
2123,market,MARKET,margin_balance,2015-07-28,889503805016.0,,250,0
2124,market,MARKET,margin_balance,2015-07-27,921514102577.0,,250,0
2125,market,MARKET,margin_balance,2015-07-24,943165214801.0,,250,0
2126,market,MARKET,margin_balance,2015-07-23,943632607517.0,,250,0
2127,market,MARKET,margin_balance,2015-07-22,931242599384.0,,250,0
2128,market,MARKET,margin_balance,2015-07-21,930950747413.0,,250,0
2129,market,MARKET,margin_balance,2015-07-20,923541942355.0,,250,0
2130,market,MARKET,margin_balance,2015-07-17,923161673969.0,,250,0
2131,market,MARKET,margin_balance,2015-07-16,920170867894.0,,250,0
2132,market,MARKET,margin_balance,2015-07-15,922359491019.0,,250,0
2133,market,MARKET,margin_balance,2015-07-14,938590348586.0,,250,0
2134,market,MARKET,margin_balance,2015-07-13,936128415608.0,,250,0
2135,market,MARKET,margin_balance,2015-07-10,934069726009.0,,250,0
2136,market,MARKET,margin_balance,2015-07-09,929542158109.0,,250,0
2137,stock,600519,margin_balance,2026-06-29,19311564435.0,,250,0
2138,stock,600036,margin_balance,2026-06-29,11643576219.0,,250,0
2139,stock,601318,margin_balance,2026-06-29,38367961515.0,,250,0
2140,stock,510300,margin_balance,2026-06-29,2648878807.0,,250,0
2141,stock,510500,margin_balance,2026-06-29,736782511.0,,250,0
2142,stock,562500,margin_balance,2026-06-29,621524569.0,,250,0
2143,stock,601919,margin_balance,2026-06-29,4893349964.0,,250,0
2144,stock,515450,margin_balance,2026-06-29,105656060.0,,250,0
2145,stock,601899,margin_balance,2026-06-29,12432226487.0,,250,0
2146,stock,600900,margin_balance,2026-06-29,12404153153.0,,250,0
2147,stock,600886,margin_balance,2026-06-29,740538150.0,,250,0
2148,stock,600030,margin_balance,2026-06-29,18857973524.0,,250,0
2149,stock,600276,margin_balance,2026-06-29,5560934476.0,,250,0
2150,stock,600309,margin_balance,2026-06-29,2950355055.0,,250,0
2151,stock,600760,margin_balance,2026-06-29,2074595064.0,,250,0
2152,stock,600887,margin_balance,2026-06-29,2767204553.0,,250,0
2153,stock,600941,margin_balance,2026-06-29,1904231286.0,,250,0
2154,stock,601012,margin_balance,2026-06-29,4991929698.0,,250,0
2155,stock,601138,margin_balance,2026-06-29,9822472705.0,,250,0
2156,stock,601166,margin_balance,2026-06-29,10032300831.0,,250,0
2157,stock,601225,margin_balance,2026-06-29,800493775.0,,250,0
2158,stock,601857,margin_balance,2026-06-29,1880982955.0,,250,0
2159,stock,601816,margin_balance,2026-06-29,1152661126.0,,250,0
2160,stock,603288,margin_balance,2026-06-29,1068849738.0,,250,0
2161,stock,603501,margin_balance,2026-06-29,5564433358.0,,250,0
2162,stock,601088,margin_balance,2026-06-29,704250225.0,,250,0
2163,stock,688041,margin_balance,2026-06-29,10222037574.0,,250,0
2164,stock,688111,margin_balance,2026-06-29,5007753805.0,,250,0
2165,stock,688981,margin_balance,2026-06-29,14088170975.0,,250,0
2166,stock,512710,margin_balance,2026-06-29,218457657.0,,250,0
2167,stock,601127,margin_balance,2026-06-29,4697956100.0,,250,0
2168,stock,600519,margin_balance,2026-06-26,19566752185.0,,250,0
2169,stock,600036,margin_balance,2026-06-26,11665728878.0,,250,0
2170,stock,601318,margin_balance,2026-06-26,38587869060.0,,250,0
2171,stock,510300,margin_balance,2026-06-26,2708189878.0,,250,0
2172,stock,510500,margin_balance,2026-06-26,744516616.0,,250,0
2173,stock,562500,margin_balance,2026-06-26,616467210.0,,250,0
2174,stock,601919,margin_balance,2026-06-26,4919182436.0,,250,0
2175,stock,515450,margin_balance,2026-06-26,105565015.0,,250,0
2176,stock,601899,margin_balance,2026-06-26,12535451064.0,,250,0
2177,stock,600900,margin_balance,2026-06-26,12483740258.0,,250,0
2178,stock,600886,margin_balance,2026-06-26,758625232.0,,250,0
2179,stock,600030,margin_balance,2026-06-26,19201514704.0,,250,0
2180,stock,600276,margin_balance,2026-06-26,5596838612.0,,250,0
2181,stock,600309,margin_balance,2026-06-26,2958359102.0,,250,0
2182,stock,600760,margin_balance,2026-06-26,2055705740.0,,250,0
2183,stock,600887,margin_balance,2026-06-26,2778208242.0,,250,0
2184,stock,600941,margin_balance,2026-06-26,1928120479.0,,250,0
2185,stock,601012,margin_balance,2026-06-26,4986638656.0,,250,0
2186,stock,601138,margin_balance,2026-06-26,10111607405.0,,250,0
2187,stock,601166,margin_balance,2026-06-26,10048736298.0,,250,0
2188,stock,601225,margin_balance,2026-06-26,815555155.0,,250,0
2189,stock,601857,margin_balance,2026-06-26,1928671329.0,,250,0
2190,stock,601816,margin_balance,2026-06-26,1172335475.0,,250,0
2191,stock,603288,margin_balance,2026-06-26,1097430648.0,,250,0
2192,stock,603501,margin_balance,2026-06-26,5589198898.0,,250,0
2193,stock,601088,margin_balance,2026-06-26,688895884.0,,250,0
2194,stock,688041,margin_balance,2026-06-26,10700010094.0,,250,0
2195,stock,688111,margin_balance,2026-06-26,5100968172.0,,250,0
2196,stock,688981,margin_balance,2026-06-26,14304124386.0,,250,0
2197,stock,512710,margin_balance,2026-06-26,229660218.0,,250,0
2198,stock,601127,margin_balance,2026-06-26,4705790874.0,,250,0
2199,stock,600519,margin_balance,2026-06-25,20129509129.0,,250,0
2200,stock,600036,margin_balance,2026-06-25,11669181573.0,,250,0
2201,stock,601318,margin_balance,2026-06-25,38453974355.0,,250,0
2202,stock,510300,margin_balance,2026-06-25,2651683783.0,,250,0
2203,stock,510500,margin_balance,2026-06-25,740838546.0,,250,0
2204,stock,562500,margin_balance,2026-06-25,626555469.0,,250,0
2205,stock,601919,margin_balance,2026-06-25,5008544005.0,,250,0
2206,stock,515450,margin_balance,2026-06-25,95778410.0,,250,0
2207,stock,601899,margin_balance,2026-06-25,13525189485.0,,250,0
2208,stock,600900,margin_balance,2026-06-25,12663161072.0,,250,0
2209,stock,600886,margin_balance,2026-06-25,772103415.0,,250,0
2210,stock,600030,margin_balance,2026-06-25,19316405295.0,,250,0
2211,stock,600276,margin_balance,2026-06-25,5607860279.0,,250,0
2212,stock,600309,margin_balance,2026-06-25,2983032509.0,,250,0
2213,stock,600760,margin_balance,2026-06-25,1963825393.0,,250,0
2214,stock,600887,margin_balance,2026-06-25,2821244302.0,,250,0
2215,stock,600941,margin_balance,2026-06-25,1972606405.0,,250,0
2216,stock,601012,margin_balance,2026-06-25,5009195247.0,,250,0
2217,stock,601138,margin_balance,2026-06-25,10370444483.0,,250,0
2218,stock,601166,margin_balance,2026-06-25,10052859342.0,,250,0
2219,stock,601225,margin_balance,2026-06-25,901397243.0,,250,0
2220,stock,601857,margin_balance,2026-06-25,1956478758.0,,250,0
2221,stock,601816,margin_balance,2026-06-25,1205092874.0,,250,0
2222,stock,603288,margin_balance,2026-06-25,1131710117.0,,250,0
2223,stock,603501,margin_balance,2026-06-25,5640036917.0,,250,0
2224,stock,601088,margin_balance,2026-06-25,674106266.0,,250,0
2225,stock,688041,margin_balance,2026-06-25,10859113824.0,,250,0
2226,stock,688111,margin_balance,2026-06-25,5085145629.0,,250,0
2227,stock,688981,margin_balance,2026-06-25,14314134473.0,,250,0
2228,stock,512710,margin_balance,2026-06-25,230922397.0,,250,0
2229,stock,601127,margin_balance,2026-06-25,4843990552.0,,250,0
2230,stock,600519,margin_balance,2026-06-24,19902433764.0,,250,0
2231,stock,600036,margin_balance,2026-06-24,11564142080.0,,250,0
2232,stock,601318,margin_balance,2026-06-24,38560873160.0,,250,0
2233,stock,510300,margin_balance,2026-06-24,2689178960.0,,250,0
2234,stock,510500,margin_balance,2026-06-24,769073723.0,,250,0
2235,stock,562500,margin_balance,2026-06-24,613204812.0,,250,0
2236,stock,601919,margin_balance,2026-06-24,5001502676.0,,250,0
2237,stock,515450,margin_balance,2026-06-24,91810243.0,,250,0
2238,stock,601899,margin_balance,2026-06-24,12878698915.0,,250,0
2239,stock,600900,margin_balance,2026-06-24,12464395934.0,,250,0
2240,stock,600886,margin_balance,2026-06-24,762002572.0,,250,0
2241,stock,600030,margin_balance,2026-06-24,19179347826.0,,250,0
2242,stock,600276,margin_balance,2026-06-24,5593518250.0,,250,0
2243,stock,600309,margin_balance,2026-06-24,2974329733.0,,250,0
2244,stock,600760,margin_balance,2026-06-24,1961713150.0,,250,0
2245,stock,600887,margin_balance,2026-06-24,2754972255.0,,250,0
2246,stock,600941,margin_balance,2026-06-24,1949438255.0,,250,0
2247,stock,601012,margin_balance,2026-06-24,4961489961.0,,250,0
2248,stock,601138,margin_balance,2026-06-24,10408013213.0,,250,0
2249,stock,601166,margin_balance,2026-06-24,9999051334.0,,250,0
2250,stock,601225,margin_balance,2026-06-24,773609305.0,,250,0
2251,stock,601857,margin_balance,2026-06-24,2001586949.0,,250,0
2252,stock,601816,margin_balance,2026-06-24,1218301572.0,,250,0
2253,stock,603288,margin_balance,2026-06-24,1093184415.0,,250,0
2254,stock,603501,margin_balance,2026-06-24,5636458798.0,,250,0
2255,stock,601088,margin_balance,2026-06-24,720325914.0,,250,0
2256,stock,688041,margin_balance,2026-06-24,11375821571.0,,250,0
2257,stock,688111,margin_balance,2026-06-24,5086596272.0,,250,0
2258,stock,688981,margin_balance,2026-06-24,13135129704.0,,250,0
2259,stock,512710,margin_balance,2026-06-24,233284570.0,,250,0
2260,stock,601127,margin_balance,2026-06-24,4836543680.0,,250,0
2261,stock,600519,margin_balance,2026-06-23,19881961762.0,,250,0
2262,stock,600036,margin_balance,2026-06-23,11633274527.0,,250,0
2263,stock,601318,margin_balance,2026-06-23,38393996714.0,,250,0
2264,stock,510300,margin_balance,2026-06-23,2738254368.0,,250,0
2265,stock,510500,margin_balance,2026-06-23,792259642.0,,250,0
2266,stock,562500,margin_balance,2026-06-23,629526566.0,,250,0
2267,stock,601919,margin_balance,2026-06-23,4960303049.0,,250,0
2268,stock,515450,margin_balance,2026-06-23,84318046.0,,250,0
2269,stock,601899,margin_balance,2026-06-23,12796303213.0,,250,0
2270,stock,600900,margin_balance,2026-06-23,12330853273.0,,250,0
2271,stock,600886,margin_balance,2026-06-23,755860098.0,,250,0
2272,stock,600030,margin_balance,2026-06-23,19232378323.0,,250,0
2273,stock,600276,margin_balance,2026-06-23,5666222114.0,,250,0
2274,stock,600309,margin_balance,2026-06-23,2971309905.0,,250,0
2275,stock,600760,margin_balance,2026-06-23,1957448939.0,,250,0
2276,stock,600887,margin_balance,2026-06-23,2769972902.0,,250,0
2277,stock,600941,margin_balance,2026-06-23,1937263682.0,,250,0
2278,stock,601012,margin_balance,2026-06-23,4985569479.0,,250,0
2279,stock,601138,margin_balance,2026-06-23,10750543144.0,,250,0
2280,stock,601166,margin_balance,2026-06-23,9874544277.0,,250,0
2281,stock,601225,margin_balance,2026-06-23,721610936.0,,250,0
2282,stock,601857,margin_balance,2026-06-23,2056949188.0,,250,0
2283,stock,601816,margin_balance,2026-06-23,1185337083.0,,250,0
2284,stock,603288,margin_balance,2026-06-23,1066100490.0,,250,0
2285,stock,603501,margin_balance,2026-06-23,5646953814.0,,250,0
2286,stock,601088,margin_balance,2026-06-23,716232997.0,,250,0
2287,stock,688041,margin_balance,2026-06-23,11331104621.0,,250,0
2288,stock,688111,margin_balance,2026-06-23,5098440842.0,,250,0
2289,stock,688981,margin_balance,2026-06-23,13320458149.0,,250,0
2290,stock,512710,margin_balance,2026-06-23,220070483.0,,250,0
2291,stock,601127,margin_balance,2026-06-23,4907424968.0,,250,0
2292,stock,600519,margin_balance,2026-06-22,19919429904.0,,250,0
2293,stock,600036,margin_balance,2026-06-22,11576668825.0,,250,0
2294,stock,601318,margin_balance,2026-06-22,38288559511.0,,250,0
2295,stock,510300,margin_balance,2026-06-22,2981523536.0,,250,0
2296,stock,510500,margin_balance,2026-06-22,775206164.0,,250,0
2297,stock,562500,margin_balance,2026-06-22,641814821.0,,250,0
2298,stock,601919,margin_balance,2026-06-22,4960045053.0,,250,0
2299,stock,515450,margin_balance,2026-06-22,94023207.0,,250,0
2300,stock,601899,margin_balance,2026-06-22,12174830312.0,,250,0
2301,stock,600900,margin_balance,2026-06-22,12352807810.0,,250,0
2302,stock,600886,margin_balance,2026-06-22,783780782.0,,250,0
2303,stock,600030,margin_balance,2026-06-22,19611560072.0,,250,0
2304,stock,600276,margin_balance,2026-06-22,5564724697.0,,250,0
2305,stock,600309,margin_balance,2026-06-22,2969677410.0,,250,0
2306,stock,600760,margin_balance,2026-06-22,1983361398.0,,250,0
2307,stock,600887,margin_balance,2026-06-22,2785323370.0,,250,0
2308,stock,600941,margin_balance,2026-06-22,1914792855.0,,250,0
2309,stock,601012,margin_balance,2026-06-22,4994002107.0,,250,0
2310,stock,601138,margin_balance,2026-06-22,10698509709.0,,250,0
2311,stock,601166,margin_balance,2026-06-22,9857685122.0,,250,0
2312,stock,601225,margin_balance,2026-06-22,699324146.0,,250,0
2313,stock,601857,margin_balance,2026-06-22,2068907707.0,,250,0
2314,stock,601816,margin_balance,2026-06-22,1207013801.0,,250,0
2315,stock,603288,margin_balance,2026-06-22,1046824883.0,,250,0
2316,stock,603501,margin_balance,2026-06-22,5599990420.0,,250,0
2317,stock,601088,margin_balance,2026-06-22,719015067.0,,250,0
2318,stock,688041,margin_balance,2026-06-22,11457567033.0,,250,0
2319,stock,688111,margin_balance,2026-06-22,5069908131.0,,250,0
2320,stock,688981,margin_balance,2026-06-22,13618109118.0,,250,0
2321,stock,512710,margin_balance,2026-06-22,204400702.0,,250,0
2322,stock,601127,margin_balance,2026-06-22,5016818437.0,,250,0
2323,stock,600519,dividend_yield,2021-06-25,1.0322,,250,0
2324,stock,600519,dividend_yield,2021-06-28,1.0262,,250,0
2325,stock,600519,dividend_yield,2021-06-29,1.0491,,250,0
2326,stock,600519,dividend_yield,2021-06-30,1.0521,,250,0
2327,stock,600519,dividend_yield,2021-07-01,1.0251,,250,0
2328,stock,600519,dividend_yield,2021-07-02,1.0778,,250,0
2329,stock,600519,dividend_yield,2021-07-05,1.0893,,250,0
2330,stock,600519,dividend_yield,2021-07-06,1.0778,,250,0
2331,stock,600519,dividend_yield,2021-07-07,1.0832,,250,0
2332,stock,600519,dividend_yield,2021-07-08,1.0949,,250,0
2333,stock,600519,dividend_yield,2021-07-09,1.103,,250,0
2334,stock,600519,dividend_yield,2021-07-12,1.11,,250,0
2335,stock,600519,dividend_yield,2021-07-13,1.0962,,250,0
2336,stock,600519,dividend_yield,2021-07-14,1.1094,,250,0
2337,stock,600519,dividend_yield,2021-07-15,1.0869,,250,0
2338,stock,600519,dividend_yield,2021-07-16,1.1133,,250,0
2339,stock,600519,dividend_yield,2021-07-19,1.1012,,250,0
2340,stock,600519,dividend_yield,2021-07-20,1.098,,250,0
2341,stock,600519,dividend_yield,2021-07-21,1.1049,,250,0
2342,stock,600519,dividend_yield,2021-07-22,1.1236,,250,0
2343,stock,600519,dividend_yield,2021-07-23,1.1504,,250,0
2344,stock,600519,dividend_yield,2021-07-26,1.2202,,250,0
2345,stock,600519,dividend_yield,2021-07-27,1.2949,,250,0
2346,stock,600519,dividend_yield,2021-07-28,1.248,,250,0
2347,stock,600519,dividend_yield,2021-07-29,1.2636,,250,0
2348,stock,600519,dividend_yield,2021-07-30,1.325,,250,0
2349,stock,600519,dividend_yield,2021-08-02,1.2593,,250,0
2350,stock,600519,dividend_yield,2021-08-03,1.264,,250,0
2351,stock,600519,dividend_yield,2021-08-04,1.2853,,250,0
2352,stock,600519,dividend_yield,2021-08-05,1.3071,,250,0
2353,stock,600519,dividend_yield,2021-08-06,1.3323,,250,0
2354,stock,600519,dividend_yield,2021-08-09,1.3117,,250,0
2355,stock,600519,dividend_yield,2021-08-10,1.2241,,250,0
2356,stock,600519,dividend_yield,2021-08-11,1.263,,250,0
2357,stock,600519,dividend_yield,2021-08-12,1.3151,,250,0
2358,stock,600519,dividend_yield,2021-08-13,1.3061,,250,0
2359,stock,600519,dividend_yield,2021-08-16,1.3069,,250,0
2360,stock,600519,dividend_yield,2021-08-17,1.3663,,250,0
2361,stock,600519,dividend_yield,2021-08-18,1.381,,250,0
2362,stock,600519,dividend_yield,2021-08-19,1.381,,250,0
2363,stock,600519,dividend_yield,2021-08-20,1.456,,250,0
2364,stock,600519,dividend_yield,2021-08-23,1.432,,250,0
2365,stock,600519,dividend_yield,2021-08-24,1.3759,,250,0
2366,stock,600519,dividend_yield,2021-08-25,1.3379,,250,0
2367,stock,600519,dividend_yield,2021-08-26,1.4061,,250,0
2368,stock,600519,dividend_yield,2021-08-27,1.4051,,250,0
2369,stock,600519,dividend_yield,2021-08-30,1.4154,,250,0
2370,stock,600519,dividend_yield,2021-08-31,1.4451,,250,0
2371,stock,600519,dividend_yield,2021-09-01,1.379,,250,0
2372,stock,600519,dividend_yield,2021-09-02,1.3822,,250,0
2373,stock,600519,dividend_yield,2021-09-03,1.3442,,250,0
2374,stock,600519,dividend_yield,2021-09-06,1.3326,,250,0
2375,stock,600519,dividend_yield,2021-09-07,1.3342,,250,0
2376,stock,600519,dividend_yield,2021-09-08,1.3681,,250,0
2377,stock,600519,dividend_yield,2021-09-09,1.3672,,250,0
2378,stock,600519,dividend_yield,2021-09-10,1.3401,,250,0
2379,stock,600519,dividend_yield,2021-09-13,1.3482,,250,0
2380,stock,600519,dividend_yield,2021-09-14,1.3453,,250,0
2381,stock,600519,dividend_yield,2021-09-15,1.3852,,250,0
2382,stock,600519,dividend_yield,2021-09-16,1.3633,,250,0
2383,stock,600519,dividend_yield,2021-09-17,1.3187,,250,0
2384,stock,600519,dividend_yield,2021-09-22,1.3637,,250,0
2385,stock,600519,dividend_yield,2021-09-23,1.3663,,250,0
2386,stock,600519,dividend_yield,2021-09-24,1.3115,,250,0
2387,stock,600519,dividend_yield,2021-09-27,1.1821,,250,0
2388,stock,600519,dividend_yield,2021-09-28,1.2065,,250,0
2389,stock,600519,dividend_yield,2021-09-29,1.208,,250,0
2390,stock,600519,dividend_yield,2021-09-30,1.2005,,250,0
2391,stock,600519,dividend_yield,2021-10-08,1.1934,,250,0
2392,stock,600519,dividend_yield,2021-10-11,1.1734,,250,0
2393,stock,600519,dividend_yield,2021-10-12,1.1707,,250,0
2394,stock,600519,dividend_yield,2021-10-13,1.1303,,250,0
2395,stock,600519,dividend_yield,2021-10-14,1.1429,,250,0
2396,stock,600519,dividend_yield,2021-10-15,1.1389,,250,0
2397,stock,600519,dividend_yield,2021-10-18,1.2234,,250,0
2398,stock,600519,dividend_yield,2021-10-19,1.214,,250,0
2399,stock,600519,dividend_yield,2021-10-20,1.1924,,250,0
2400,stock,600519,dividend_yield,2021-10-21,1.1901,,250,0
2401,stock,600519,dividend_yield,2021-10-22,1.1497,,250,0
2402,stock,600519,dividend_yield,2021-10-25,1.1692,,250,0
2403,stock,600519,dividend_yield,2021-10-26,1.1778,,250,0
2404,stock,600519,dividend_yield,2021-10-27,1.2088,,250,0
2405,stock,600519,dividend_yield,2021-10-28,1.2039,,250,0
2406,stock,600519,dividend_yield,2021-10-29,1.2035,,250,0
2407,stock,600519,dividend_yield,2021-11-01,1.221,,250,0
2408,stock,600519,dividend_yield,2021-11-02,1.2198,,250,0
2409,stock,600519,dividend_yield,2021-11-03,1.2511,,250,0
2410,stock,600519,dividend_yield,2021-11-04,1.2201,,250,0
2411,stock,600519,dividend_yield,2021-11-05,1.2081,,250,0
2412,stock,600519,dividend_yield,2021-11-08,1.208,,250,0
2413,stock,600519,dividend_yield,2021-11-09,1.2312,,250,0
2414,stock,600519,dividend_yield,2021-11-10,1.2601,,250,0
2415,stock,600519,dividend_yield,2021-11-11,1.2474,,250,0
2416,stock,600519,dividend_yield,2021-11-12,1.244,,250,0
2417,stock,600519,dividend_yield,2021-11-15,1.2543,,250,0
2418,stock,600519,dividend_yield,2021-11-16,1.2172,,250,0
2419,stock,600519,dividend_yield,2021-11-17,1.2272,,250,0
2420,stock,600519,dividend_yield,2021-11-18,1.2296,,250,0
2421,stock,600519,dividend_yield,2021-11-19,1.2017,,250,0
2422,stock,600519,dividend_yield,2021-11-22,1.1827,,250,0
2423,stock,600519,dividend_yield,2021-11-23,1.1529,,250,0
2424,stock,600519,dividend_yield,2021-11-24,1.123,,250,0
2425,stock,600519,dividend_yield,2021-11-25,1.1132,,250,0
2426,stock,600519,dividend_yield,2021-11-26,1.1229,,250,0
2427,stock,600519,dividend_yield,2021-11-29,1.0949,,250,0
2428,stock,600519,dividend_yield,2021-11-30,1.1297,,250,0
2429,stock,600519,dividend_yield,2021-12-01,1.1282,,250,0
2430,stock,600519,dividend_yield,2021-12-02,1.1275,,250,0
2431,stock,600519,dividend_yield,2021-12-03,1.1031,,250,0
2432,stock,600519,dividend_yield,2021-12-06,1.106,,250,0
2433,stock,600519,dividend_yield,2021-12-07,1.1133,,250,0
2434,stock,600519,dividend_yield,2021-12-08,1.06,,250,0
2435,stock,600519,dividend_yield,2021-12-09,1.0352,,250,0
2436,stock,600519,dividend_yield,2021-12-10,1.0333,,250,0
2437,stock,600519,dividend_yield,2021-12-13,1.018,,250,0
2438,stock,600519,dividend_yield,2021-12-14,1.0012,,250,0
2439,stock,600519,dividend_yield,2021-12-15,1.009,,250,0
2440,stock,600519,dividend_yield,2021-12-16,1.0175,,250,0
2441,stock,600519,dividend_yield,2021-12-17,1.0556,,250,0
2442,stock,600519,dividend_yield,2021-12-20,1.0508,,250,0
2443,stock,600519,dividend_yield,2021-12-21,1.0628,,250,0
2444,stock,600519,dividend_yield,2021-12-22,1.0571,,250,0
2445,stock,600519,dividend_yield,2021-12-23,1.017,,250,0
2446,stock,600519,dividend_yield,2021-12-24,0.9788,,250,0
2447,stock,600519,dividend_yield,2021-12-27,1.0107,,250,0
2448,stock,600519,dividend_yield,2021-12-28,1.0073,,250,0
2449,stock,600519,dividend_yield,2021-12-29,1.0612,,250,0
2450,stock,600519,dividend_yield,2021-12-30,1.0417,,250,0
2451,stock,600519,dividend_yield,2021-12-31,1.056,,250,0
2452,stock,600519,dividend_yield,2022-01-04,1.0552,,250,0
2453,stock,600519,dividend_yield,2022-01-05,1.0712,,250,0
2454,stock,600519,dividend_yield,2022-01-06,1.0966,,250,0
2455,stock,600519,dividend_yield,2022-01-07,1.1223,,250,0
2456,stock,600519,dividend_yield,2022-01-10,1.1068,,250,0
2457,stock,600519,dividend_yield,2022-01-11,1.1232,,250,0
2458,stock,600519,dividend_yield,2022-01-12,1.1062,,250,0
2459,stock,600519,dividend_yield,2022-01-13,1.1661,,250,0
2460,stock,600519,dividend_yield,2022-01-14,1.1735,,250,0
2461,stock,600519,dividend_yield,2022-01-17,1.1774,,250,0
2462,stock,600519,dividend_yield,2022-01-18,1.1557,,250,0
2463,stock,600519,dividend_yield,2022-01-19,1.1422,,250,0
2464,stock,600519,dividend_yield,2022-01-20,1.1046,,250,0
2465,stock,600519,dividend_yield,2022-01-21,1.0949,,250,0
2466,stock,600519,dividend_yield,2022-01-24,1.117,,250,0
2467,stock,600519,dividend_yield,2022-01-25,1.1216,,250,0
2468,stock,600519,dividend_yield,2022-01-26,1.1139,,250,0
2469,stock,600519,dividend_yield,2022-01-27,1.1075,,250,0
2470,stock,600519,dividend_yield,2022-01-28,1.1594,,250,0
2471,stock,600519,dividend_yield,2022-02-07,1.1728,,250,0
2472,stock,600519,dividend_yield,2022-02-08,1.1938,,250,0
2473,stock,600519,dividend_yield,2022-02-09,1.1532,,250,0
2474,stock,600519,dividend_yield,2022-02-10,1.1692,,250,0
2475,stock,600519,dividend_yield,2022-02-11,1.1858,,250,0
2476,stock,600519,dividend_yield,2022-02-14,1.1723,,250,0
2477,stock,600519,dividend_yield,2022-02-15,1.1569,,250,0
2478,stock,600519,dividend_yield,2022-02-16,1.1555,,250,0
2479,stock,600519,dividend_yield,2022-02-17,1.1594,,250,0
2480,stock,600519,dividend_yield,2022-02-18,1.1456,,250,0
2481,stock,600519,dividend_yield,2022-02-21,1.1664,,250,0
2482,stock,600519,dividend_yield,2022-02-22,1.2173,,250,0
2483,stock,600519,dividend_yield,2022-02-23,1.2028,,250,0
2484,stock,600519,dividend_yield,2022-02-24,1.2518,,250,0
2485,stock,600519,dividend_yield,2022-02-25,1.2241,,250,0
2486,stock,600519,dividend_yield,2022-02-28,1.2308,,250,0
2487,stock,600519,dividend_yield,2022-03-01,1.1796,,250,0
2488,stock,600519,dividend_yield,2022-03-02,1.1895,,250,0
2489,stock,600519,dividend_yield,2022-03-03,1.2234,,250,0
2490,stock,600519,dividend_yield,2022-03-04,1.2387,,250,0
2491,stock,600519,dividend_yield,2022-03-07,1.3,,250,0
2492,stock,600519,dividend_yield,2022-03-08,1.2608,,250,0
2493,stock,600519,dividend_yield,2022-03-09,1.2397,,250,0
2494,stock,600519,dividend_yield,2022-03-10,1.2277,,250,0
2495,stock,600519,dividend_yield,2022-03-11,1.2479,,250,0
2496,stock,600519,dividend_yield,2022-03-14,1.3062,,250,0
2497,stock,600519,dividend_yield,2022-03-15,1.398,,250,0
2498,stock,600519,dividend_yield,2022-03-16,1.3287,,250,0
2499,stock,600519,dividend_yield,2022-03-17,1.2886,,250,0
2500,stock,600519,dividend_yield,2022-03-18,1.2993,,250,0
2501,stock,600519,dividend_yield,2022-03-21,1.3024,,250,0
2502,stock,600519,dividend_yield,2022-03-22,1.3106,,250,0
2503,stock,600519,dividend_yield,2022-03-23,1.2616,,250,0
2504,stock,600519,dividend_yield,2022-03-24,1.2879,,250,0
2505,stock,600519,dividend_yield,2022-03-25,1.3151,,250,0
2506,stock,600519,dividend_yield,2022-03-28,1.3418,,250,0
2507,stock,600519,dividend_yield,2022-03-29,1.336,,250,0
2508,stock,600519,dividend_yield,2022-03-30,1.2801,,250,0
2509,stock,600519,dividend_yield,2022-03-31,1.2896,,250,0
2510,stock,600519,dividend_yield,2022-04-01,1.2391,,250,0
2511,stock,600519,dividend_yield,2022-04-06,1.2511,,250,0
2512,stock,600519,dividend_yield,2022-04-07,1.2511,,250,0
2513,stock,600519,dividend_yield,2022-04-08,1.2359,,250,0
2514,stock,600519,dividend_yield,2022-04-11,1.2887,,250,0
2515,stock,600519,dividend_yield,2022-04-12,1.2375,,250,0
2516,stock,600519,dividend_yield,2022-04-13,1.2479,,250,0
2517,stock,600519,dividend_yield,2022-04-14,1.2164,,250,0
2518,stock,600519,dividend_yield,2022-04-15,1.2187,,250,0
2519,stock,600519,dividend_yield,2022-04-18,1.2305,,250,0
2520,stock,600519,dividend_yield,2022-04-19,1.2309,,250,0
2521,stock,600519,dividend_yield,2022-04-20,1.2257,,250,0
2522,stock,600519,dividend_yield,2022-04-21,1.2391,,250,0
2523,stock,600519,dividend_yield,2022-04-22,1.2447,,250,0
2524,stock,600519,dividend_yield,2022-04-25,1.2991,,250,0
2525,stock,600519,dividend_yield,2022-04-26,1.2781,,250,0
2526,stock,600519,dividend_yield,2022-04-27,1.2273,,250,0
2527,stock,600519,dividend_yield,2022-04-28,1.1968,,250,0
2528,stock,600519,dividend_yield,2022-04-29,1.2017,,250,0
2529,stock,600519,dividend_yield,2022-05-05,1.1953,,250,0
2530,stock,600519,dividend_yield,2022-05-06,1.2288,,250,0
2531,stock,600519,dividend_yield,2022-05-09,1.2618,,250,0
2532,stock,600519,dividend_yield,2022-05-10,1.2502,,250,0
2533,stock,600519,dividend_yield,2022-05-11,1.2487,,250,0
2534,stock,600519,dividend_yield,2022-05-12,1.253,,250,0
2535,stock,600519,dividend_yield,2022-05-13,1.2405,,250,0
2536,stock,600519,dividend_yield,2022-05-16,1.2568,,250,0
2537,stock,600519,dividend_yield,2022-05-17,1.2487,,250,0
2538,stock,600519,dividend_yield,2022-05-18,1.2544,,250,0
2539,stock,600519,dividend_yield,2022-05-19,1.2585,,250,0
2540,stock,600519,dividend_yield,2022-05-20,1.2233,,250,0
2541,stock,600519,dividend_yield,2022-05-23,1.2383,,250,0
2542,stock,600519,dividend_yield,2022-05-24,1.2552,,250,0
2543,stock,600519,dividend_yield,2022-05-25,1.2589,,250,0
2544,stock,600519,dividend_yield,2022-05-26,1.2694,,250,0
2545,stock,600519,dividend_yield,2022-05-27,1.2592,,250,0
2546,stock,600519,dividend_yield,2022-05-30,1.2403,,250,0
2547,stock,600519,dividend_yield,2022-05-31,1.2202,,250,0
2548,stock,600519,dividend_yield,2022-06-01,1.2325,,250,0
2549,stock,600519,dividend_yield,2022-06-02,1.2343,,250,0
2550,stock,600519,dividend_yield,2022-06-06,1.2327,,250,0
2551,stock,600519,dividend_yield,2022-06-07,1.2096,,250,0
2552,stock,600519,dividend_yield,2022-06-08,1.1745,,250,0
2553,stock,600519,dividend_yield,2022-06-09,1.1836,,250,0
2554,stock,600519,dividend_yield,2022-06-10,1.15,,250,0
2555,stock,600519,dividend_yield,2022-06-13,1.1814,,250,0
2556,stock,600519,dividend_yield,2022-06-14,1.1706,,250,0
2557,stock,600519,dividend_yield,2022-06-15,1.1677,,250,0
2558,stock,600519,dividend_yield,2022-06-16,1.1664,,250,0
2559,stock,600519,dividend_yield,2022-06-17,1.1165,,250,0
2560,stock,600519,dividend_yield,2022-06-20,1.1223,,250,0
2561,stock,600519,dividend_yield,2022-06-21,1.1199,,250,0
2562,stock,600519,dividend_yield,2022-06-22,1.1262,,250,0
2563,stock,600519,dividend_yield,2022-06-23,1.1125,,250,0
2564,stock,600519,dividend_yield,2022-06-24,1.0802,,250,0
2565,stock,600519,dividend_yield,2022-06-30,1.1756,,250,0
2566,stock,600519,dividend_yield,2022-07-01,1.1859,,250,0
2567,stock,600519,dividend_yield,2022-07-04,1.1931,,250,0
2568,stock,600519,dividend_yield,2022-07-05,1.1833,,250,0
2569,stock,600519,dividend_yield,2022-07-06,1.2037,,250,0
2570,stock,600519,dividend_yield,2022-07-07,1.2118,,250,0
2571,stock,600519,dividend_yield,2022-07-08,1.2057,,250,0
2572,stock,600519,dividend_yield,2022-07-11,1.2299,,250,0
2573,stock,600519,dividend_yield,2022-07-12,1.2406,,250,0
2574,stock,600519,dividend_yield,2022-07-13,1.2332,,250,0
2575,stock,600519,dividend_yield,2022-07-14,1.2373,,250,0
2576,stock,600519,dividend_yield,2022-07-15,1.2398,,250,0
2577,stock,600519,dividend_yield,2022-07-18,1.2383,,250,0
2578,stock,600519,dividend_yield,2022-07-19,1.2444,,250,0
2579,stock,600519,dividend_yield,2022-07-20,1.2394,,250,0
2580,stock,600519,dividend_yield,2022-07-21,1.2473,,250,0
2581,stock,600519,dividend_yield,2022-07-22,1.2416,,250,0
2582,stock,600519,dividend_yield,2022-07-25,1.2433,,250,0
2583,stock,600519,dividend_yield,2022-07-26,1.2393,,250,0
2584,stock,600519,dividend_yield,2022-07-27,1.2614,,250,0
2585,stock,600519,dividend_yield,2022-07-28,1.2775,,250,0
2586,stock,600519,dividend_yield,2022-07-29,1.2771,,250,0
2587,stock,600519,dividend_yield,2022-08-01,1.2833,,250,0
2588,stock,600519,dividend_yield,2022-08-02,1.2912,,250,0
2589,stock,600519,dividend_yield,2022-08-03,1.2873,,250,0
2590,stock,600519,dividend_yield,2022-08-04,1.264,,250,0
2591,stock,600519,dividend_yield,2022-08-05,1.2582,,250,0
2592,stock,600519,dividend_yield,2022-08-08,1.2674,,250,0
2593,stock,600519,dividend_yield,2022-08-09,1.2685,,250,0
2594,stock,600519,dividend_yield,2022-08-10,1.2942,,250,0
2595,stock,600519,dividend_yield,2022-08-11,1.2708,,250,0
2596,stock,600519,dividend_yield,2022-08-12,1.2553,,250,0
2597,stock,600519,dividend_yield,2022-08-15,1.2612,,250,0
2598,stock,600519,dividend_yield,2022-08-16,1.2627,,250,0
2599,stock,600519,dividend_yield,2022-08-17,1.2626,,250,0
2600,stock,600519,dividend_yield,2022-08-18,1.2793,,250,0
2601,stock,600519,dividend_yield,2022-08-19,1.2797,,250,0
2602,stock,600519,dividend_yield,2022-08-22,1.2805,,250,0
2603,stock,600519,dividend_yield,2022-08-23,1.2989,,250,0
2604,stock,600519,dividend_yield,2022-08-24,1.3113,,250,0
2605,stock,600519,dividend_yield,2022-08-25,1.2873,,250,0
2606,stock,600519,dividend_yield,2022-08-26,1.2775,,250,0
2607,stock,600519,dividend_yield,2022-08-29,1.2921,,250,0
2608,stock,600519,dividend_yield,2022-08-30,1.2989,,250,0
2609,stock,600519,dividend_yield,2022-08-31,1.2582,,250,0
2610,stock,600519,dividend_yield,2022-09-01,1.2905,,250,0
2611,stock,600519,dividend_yield,2022-09-02,1.295,,250,0
2612,stock,600519,dividend_yield,2022-09-05,1.3267,,250,0
2613,stock,600519,dividend_yield,2022-09-06,1.3186,,250,0
2614,stock,600519,dividend_yield,2022-09-07,1.3407,,250,0
2615,stock,600519,dividend_yield,2022-09-08,1.3432,,250,0
2616,stock,600519,dividend_yield,2022-09-09,1.3188,,250,0
2617,stock,600519,dividend_yield,2022-09-13,1.2919,,250,0
2618,stock,600519,dividend_yield,2022-09-14,1.2997,,250,0
2619,stock,600519,dividend_yield,2022-09-15,1.2912,,250,0
2620,stock,600519,dividend_yield,2022-09-16,1.3075,,250,0
2621,stock,600519,dividend_yield,2022-09-19,1.2976,,250,0
2622,stock,600519,dividend_yield,2022-09-20,1.2927,,250,0
2623,stock,600519,dividend_yield,2022-09-21,1.3162,,250,0
2624,stock,600519,dividend_yield,2022-09-22,1.3383,,250,0
2625,stock,600519,dividend_yield,2022-09-23,1.3272,,250,0
2626,stock,600519,dividend_yield,2022-09-26,1.3044,,250,0
2627,stock,600519,dividend_yield,2022-09-27,1.285,,250,0
2628,stock,600519,dividend_yield,2022-09-28,1.2889,,250,0
2629,stock,600519,dividend_yield,2022-09-29,1.2909,,250,0
2630,stock,600519,dividend_yield,2022-09-30,1.2969,,250,0
2631,stock,600519,dividend_yield,2022-10-10,1.3677,,250,0
2632,stock,600519,dividend_yield,2022-10-11,1.3729,,250,0
2633,stock,600519,dividend_yield,2022-10-12,1.3906,,250,0
2634,stock,600519,dividend_yield,2022-10-13,1.4462,,250,0
2635,stock,600519,dividend_yield,2022-10-14,1.4108,,250,0
2636,stock,600519,dividend_yield,2022-10-17,1.4286,,250,0
2637,stock,600519,dividend_yield,2022-10-18,1.4406,,250,0
2638,stock,600519,dividend_yield,2022-10-19,1.4982,,250,0
2639,stock,600519,dividend_yield,2022-10-20,1.5029,,250,0
2640,stock,600519,dividend_yield,2022-10-21,1.5235,,250,0
2641,stock,600519,dividend_yield,2022-10-24,1.6673,,250,0
2642,stock,600519,dividend_yield,2022-10-25,1.6954,,250,0
2643,stock,600519,dividend_yield,2022-10-26,1.7164,,250,0
2644,stock,600519,dividend_yield,2022-10-27,1.8067,,250,0
2645,stock,600519,dividend_yield,2022-10-28,1.8706,,250,0
2646,stock,600519,dividend_yield,2022-10-31,1.8869,,250,0
2647,stock,600519,dividend_yield,2022-11-01,1.7192,,250,0
2648,stock,600519,dividend_yield,2022-11-02,1.7058,,250,0
2649,stock,600519,dividend_yield,2022-11-03,1.7505,,250,0
2650,stock,600519,dividend_yield,2022-11-04,1.6479,,250,0
2651,stock,600519,dividend_yield,2022-11-07,1.6599,,250,0
2652,stock,600519,dividend_yield,2022-11-08,1.6886,,250,0
2653,stock,600519,dividend_yield,2022-11-09,1.7221,,250,0
2654,stock,600519,dividend_yield,2022-11-10,1.7017,,250,0
2655,stock,600519,dividend_yield,2022-11-11,1.6335,,250,0
2656,stock,600519,dividend_yield,2022-11-14,1.6276,,250,0
2657,stock,600519,dividend_yield,2022-11-15,1.563,,250,0
2658,stock,600519,dividend_yield,2022-11-16,1.5661,,250,0
2659,stock,600519,dividend_yield,2022-11-17,1.5871,,250,0
2660,stock,600519,dividend_yield,2022-11-18,1.5869,,250,0
2661,stock,600519,dividend_yield,2022-11-21,1.6437,,250,0
2662,stock,600519,dividend_yield,2022-11-22,1.6191,,250,0
2663,stock,600519,dividend_yield,2022-11-23,1.6083,,250,0
2664,stock,600519,dividend_yield,2022-11-24,1.6436,,250,0
2665,stock,600519,dividend_yield,2022-11-25,1.6411,,250,0
2666,stock,600519,dividend_yield,2022-11-28,1.6563,,250,0
2667,stock,600519,dividend_yield,2022-11-29,1.5507,,250,0
2668,stock,600519,dividend_yield,2022-11-30,1.5507,,250,0
2669,stock,600519,dividend_yield,2022-12-01,1.5162,,250,0
2670,stock,600519,dividend_yield,2022-12-02,1.513,,250,0
2671,stock,600519,dividend_yield,2022-12-05,1.4809,,250,0
2672,stock,600519,dividend_yield,2022-12-06,1.4579,,250,0
2673,stock,600519,dividend_yield,2022-12-07,1.4618,,250,0
2674,stock,600519,dividend_yield,2022-12-08,1.4589,,250,0
2675,stock,600519,dividend_yield,2022-12-09,1.4178,,250,0
2676,stock,600519,dividend_yield,2022-12-12,1.4095,,250,0
2677,stock,600519,dividend_yield,2022-12-13,1.3995,,250,0
2678,stock,600519,dividend_yield,2022-12-14,1.3809,,250,0
2679,stock,600519,dividend_yield,2022-12-15,1.3669,,250,0
2680,stock,600519,dividend_yield,2022-12-16,1.367,,250,0
2681,stock,600519,dividend_yield,2022-12-19,1.3791,,250,0
2682,stock,600519,dividend_yield,2022-12-20,1.4319,,250,0
2683,stock,600519,dividend_yield,2022-12-21,1.4095,,250,0
2684,stock,600519,dividend_yield,2022-12-22,1.3835,,250,0
2685,stock,600519,dividend_yield,2022-12-23,1.3808,,250,0
2686,stock,600519,dividend_yield,2022-12-26,1.4067,,250,0
2687,stock,600519,dividend_yield,2022-12-27,1.3951,,250,0
2688,stock,600519,dividend_yield,2022-12-28,1.3951,,250,0
2689,stock,600519,dividend_yield,2022-12-29,1.4078,,250,0
2690,stock,600519,dividend_yield,2022-12-30,1.4005,,250,0
2691,stock,600519,dividend_yield,2023-01-03,1.3978,,250,0
2692,stock,600519,dividend_yield,2023-01-04,1.4023,,250,0
2693,stock,600519,dividend_yield,2023-01-05,1.3366,,250,0
2694,stock,600519,dividend_yield,2023-01-06,1.3343,,250,0
2695,stock,600519,dividend_yield,2023-01-09,1.3043,,250,0
2696,stock,600519,dividend_yield,2023-01-10,1.294,,250,0
2697,stock,600519,dividend_yield,2023-01-11,1.3013,,250,0
2698,stock,600519,dividend_yield,2023-01-12,1.31,,250,0
2699,stock,600519,dividend_yield,2023-01-13,1.2693,,250,0
2700,stock,600519,dividend_yield,2023-01-16,1.2503,,250,0
2701,stock,600519,dividend_yield,2023-01-17,1.2539,,250,0
2702,stock,600519,dividend_yield,2023-01-18,1.2649,,250,0
2703,stock,600519,dividend_yield,2023-01-19,1.2744,,250,0
2704,stock,600519,dividend_yield,2023-01-20,1.2897,,250,0
2705,stock,600519,dividend_yield,2023-01-30,1.2686,,250,0
2706,stock,600519,dividend_yield,2023-01-31,1.3007,,250,0
2707,stock,600519,dividend_yield,2023-02-01,1.3013,,250,0
2708,stock,600519,dividend_yield,2023-02-02,1.3083,,250,0
2709,stock,600519,dividend_yield,2023-02-03,1.3227,,250,0
2710,stock,600519,dividend_yield,2023-02-06,1.3416,,250,0
2711,stock,600519,dividend_yield,2023-02-07,1.3399,,250,0
2712,stock,600519,dividend_yield,2023-02-08,1.3508,,250,0
2713,stock,600519,dividend_yield,2023-02-09,1.3227,,250,0
2714,stock,600519,dividend_yield,2023-02-10,1.3292,,250,0
2715,stock,600519,dividend_yield,2023-02-13,1.2925,,250,0
2716,stock,600519,dividend_yield,2023-02-14,1.3022,,250,0
2717,stock,600519,dividend_yield,2023-02-15,1.3044,,250,0
2718,stock,600519,dividend_yield,2023-02-16,1.2883,,250,0
2719,stock,600519,dividend_yield,2023-02-17,1.3205,,250,0
2720,stock,600519,dividend_yield,2023-02-20,1.2783,,250,0
2721,stock,600519,dividend_yield,2023-02-21,1.2843,,250,0
2722,stock,600519,dividend_yield,2023-02-22,1.3084,,250,0
2723,stock,600519,dividend_yield,2023-02-23,1.3227,,250,0
2724,stock,600519,dividend_yield,2023-02-24,1.3474,,250,0
2725,stock,600519,dividend_yield,2023-02-27,1.3289,,250,0
2726,stock,600519,dividend_yield,2023-02-28,1.3262,,250,0
2727,stock,600519,dividend_yield,2023-03-01,1.3064,,250,0
2728,stock,600519,dividend_yield,2023-03-02,1.3147,,250,0
2729,stock,600519,dividend_yield,2023-03-03,1.3227,,250,0
2730,stock,600519,dividend_yield,2023-03-06,1.3316,,250,0
2731,stock,600519,dividend_yield,2023-03-07,1.3472,,250,0
2732,stock,600519,dividend_yield,2023-03-08,1.3623,,250,0
2733,stock,600519,dividend_yield,2023-03-09,1.3626,,250,0
2734,stock,600519,dividend_yield,2023-03-10,1.38,,250,0
2735,stock,600519,dividend_yield,2023-03-13,1.3695,,250,0
2736,stock,600519,dividend_yield,2023-03-14,1.3661,,250,0
2737,stock,600519,dividend_yield,2023-03-15,1.3792,,250,0
2738,stock,600519,dividend_yield,2023-03-16,1.3783,,250,0
2739,stock,600519,dividend_yield,2023-03-17,1.3871,,250,0
2740,stock,600519,dividend_yield,2023-03-20,1.3982,,250,0
2741,stock,600519,dividend_yield,2023-03-21,1.3584,,250,0
2742,stock,600519,dividend_yield,2023-03-22,1.3598,,250,0
2743,stock,600519,dividend_yield,2023-03-23,1.3585,,250,0
2744,stock,600519,dividend_yield,2023-03-24,1.3553,,250,0
2745,stock,600519,dividend_yield,2023-03-27,1.3646,,250,0
2746,stock,600519,dividend_yield,2023-03-28,1.3526,,250,0
2747,stock,600519,dividend_yield,2023-03-29,1.3457,,250,0
2748,stock,600519,dividend_yield,2023-03-30,1.3374,,250,0
2749,stock,600519,dividend_yield,2023-03-31,1.3211,,250,0
2750,stock,600519,dividend_yield,2023-04-03,1.3357,,250,0
2751,stock,600519,dividend_yield,2023-04-04,1.3255,,250,0
2752,stock,600519,dividend_yield,2023-04-06,1.3399,,250,0
2753,stock,600519,dividend_yield,2023-04-07,1.3449,,250,0
2754,stock,600519,dividend_yield,2023-04-10,1.3612,,250,0
2755,stock,600519,dividend_yield,2023-04-11,1.384,,250,0
2756,stock,600519,dividend_yield,2023-04-12,1.4309,,250,0
2757,stock,600519,dividend_yield,2023-04-13,1.4041,,250,0
2758,stock,600519,dividend_yield,2023-04-14,1.4129,,250,0
2759,stock,600519,dividend_yield,2023-04-17,1.3774,,250,0
2760,stock,600519,dividend_yield,2023-04-18,1.373,,250,0
2761,stock,600519,dividend_yield,2023-04-19,1.3721,,250,0
2762,stock,600519,dividend_yield,2023-04-20,1.3872,,250,0
2763,stock,600519,dividend_yield,2023-04-21,1.4019,,250,0
2764,stock,600519,dividend_yield,2023-04-24,1.4207,,250,0
2765,stock,600519,dividend_yield,2023-04-25,1.3975,,250,0
2766,stock,600519,dividend_yield,2023-04-26,1.3854,,250,0
2767,stock,600519,dividend_yield,2023-04-27,1.3731,,250,0
2768,stock,600519,dividend_yield,2023-04-28,1.3708,,250,0
2769,stock,600519,dividend_yield,2023-05-04,1.3801,,250,0
2770,stock,600519,dividend_yield,2023-05-05,1.38,,250,0
2771,stock,600519,dividend_yield,2023-05-08,1.4064,,250,0
2772,stock,600519,dividend_yield,2023-05-09,1.4051,,250,0
2773,stock,600519,dividend_yield,2023-05-10,1.4023,,250,0
2774,stock,600519,dividend_yield,2023-05-11,1.4096,,250,0
2775,stock,600519,dividend_yield,2023-05-12,1.4194,,250,0
2776,stock,600519,dividend_yield,2023-05-15,1.4103,,250,0
2777,stock,600519,dividend_yield,2023-05-16,1.4223,,250,0
2778,stock,600519,dividend_yield,2023-05-17,1.4244,,250,0
2779,stock,600519,dividend_yield,2023-05-18,1.4339,,250,0
2780,stock,600519,dividend_yield,2023-05-19,1.4259,,250,0
2781,stock,600519,dividend_yield,2023-05-22,1.3835,,250,0
2782,stock,600519,dividend_yield,2023-05-23,1.4027,,250,0
2783,stock,600519,dividend_yield,2023-05-24,1.4152,,250,0
2784,stock,600519,dividend_yield,2023-05-25,1.4244,,250,0
2785,stock,600519,dividend_yield,2023-05-26,1.4343,,250,0
2786,stock,600519,dividend_yield,2023-05-29,1.4358,,250,0
2787,stock,600519,dividend_yield,2023-05-30,1.4557,,250,0
2788,stock,600519,dividend_yield,2023-05-31,1.4953,,250,0
2789,stock,600519,dividend_yield,2023-06-01,1.4881,,250,0
2790,stock,600519,dividend_yield,2023-06-02,1.4535,,250,0
2791,stock,600519,dividend_yield,2023-06-05,1.459,,250,0
2792,stock,600519,dividend_yield,2023-06-06,1.457,,250,0
2793,stock,600519,dividend_yield,2023-06-07,1.4729,,250,0
2794,stock,600519,dividend_yield,2023-06-08,1.456,,250,0
2795,stock,600519,dividend_yield,2023-06-09,1.458,,250,0
2796,stock,600519,dividend_yield,2023-06-12,1.4291,,250,0
2797,stock,600519,dividend_yield,2023-06-13,1.4263,,250,0
2798,stock,600519,dividend_yield,2023-06-14,1.4006,,250,0
2799,stock,600519,dividend_yield,2023-06-15,1.3756,,250,0
2800,stock,600519,dividend_yield,2023-06-16,1.3393,,250,0
2801,stock,600519,dividend_yield,2023-06-19,1.3853,,250,0
2802,stock,600519,dividend_yield,2023-06-20,1.3858,,250,0
2803,stock,600519,dividend_yield,2023-06-21,1.3926,,250,0
2804,stock,600519,dividend_yield,2023-06-26,1.417,,250,0
2805,stock,600519,dividend_yield,2023-06-27,1.4151,,250,0
2806,stock,600519,dividend_yield,2023-06-28,1.3993,,250,0
2807,stock,600519,dividend_yield,2023-06-29,1.4127,,250,0
2808,stock,600519,dividend_yield,2023-06-30,3.0949,,250,0
2809,stock,600519,dividend_yield,2023-07-03,1.6497,,250,0
2810,stock,600519,dividend_yield,2023-07-04,1.6429,,250,0
2811,stock,600519,dividend_yield,2023-07-05,1.6589,,250,0
2812,stock,600519,dividend_yield,2023-07-06,1.6722,,250,0
2813,stock,600519,dividend_yield,2023-07-07,1.6863,,250,0
2814,stock,600519,dividend_yield,2023-07-10,1.6744,,250,0
2815,stock,600519,dividend_yield,2023-07-11,1.6646,,250,0
2816,stock,600519,dividend_yield,2023-07-12,1.6606,,250,0
2817,stock,600519,dividend_yield,2023-07-13,1.6348,,250,0
2818,stock,600519,dividend_yield,2023-07-14,1.6199,,250,0
2819,stock,600519,dividend_yield,2023-07-17,1.6436,,250,0
2820,stock,600519,dividend_yield,2023-07-18,1.6511,,250,0
2821,stock,600519,dividend_yield,2023-07-19,1.6509,,250,0
2822,stock,600519,dividend_yield,2023-07-20,1.6498,,250,0
2823,stock,600519,dividend_yield,2023-07-21,1.6016,,250,0
2824,stock,600519,dividend_yield,2023-07-24,1.6017,,250,0
2825,stock,600519,dividend_yield,2023-07-25,1.5468,,250,0
2826,stock,600519,dividend_yield,2023-07-26,1.5468,,250,0
2827,stock,600519,dividend_yield,2023-07-27,1.5381,,250,0
2828,stock,600519,dividend_yield,2023-07-28,1.4861,,250,0
2829,stock,600519,dividend_yield,2023-07-31,1.5002,,250,0
2830,stock,600519,dividend_yield,2023-08-01,1.493,,250,0
2831,stock,600519,dividend_yield,2023-08-02,1.5007,,250,0
2832,stock,600519,dividend_yield,2023-08-03,1.5021,,250,0
2833,stock,600519,dividend_yield,2023-08-04,1.4891,,250,0
2834,stock,600519,dividend_yield,2023-08-07,1.4939,,250,0
2835,stock,600519,dividend_yield,2023-08-08,1.4921,,250,0
2836,stock,600519,dividend_yield,2023-08-09,1.4919,,250,0
2837,stock,600519,dividend_yield,2023-08-10,1.5051,,250,0
2838,stock,600519,dividend_yield,2023-08-11,1.5418,,250,0
2839,stock,600519,dividend_yield,2023-08-14,1.5708,,250,0
2840,stock,600519,dividend_yield,2023-08-15,1.5613,,250,0
2841,stock,600519,dividend_yield,2023-08-16,1.5548,,250,0
2842,stock,600519,dividend_yield,2023-08-17,1.5473,,250,0
2843,stock,600519,dividend_yield,2023-08-18,1.5712,,250,0
2844,stock,600519,dividend_yield,2023-08-21,1.5823,,250,0
2845,stock,600519,dividend_yield,2023-08-22,1.5852,,250,0
2846,stock,600519,dividend_yield,2023-08-23,1.5989,,250,0
2847,stock,600519,dividend_yield,2023-08-24,1.5582,,250,0
2848,stock,600519,dividend_yield,2023-08-25,1.5501,,250,0
2849,stock,600519,dividend_yield,2023-08-28,1.5409,,250,0
2850,stock,600519,dividend_yield,2023-08-29,1.5261,,250,0
2851,stock,600519,dividend_yield,2023-08-30,1.5219,,250,0
2852,stock,600519,dividend_yield,2023-08-31,1.53,,250,0
2853,stock,600519,dividend_yield,2023-09-01,1.5263,,250,0
2854,stock,600519,dividend_yield,2023-09-04,1.513,,250,0
2855,stock,600519,dividend_yield,2023-09-05,1.5195,,250,0
2856,stock,600519,dividend_yield,2023-09-06,1.5174,,250,0
2857,stock,600519,dividend_yield,2023-09-07,1.5382,,250,0
2858,stock,600519,dividend_yield,2023-09-08,1.5562,,250,0
2859,stock,600519,dividend_yield,2023-09-11,1.5527,,250,0
2860,stock,600519,dividend_yield,2023-09-12,1.5548,,250,0
2861,stock,600519,dividend_yield,2023-09-13,1.5549,,250,0
2862,stock,600519,dividend_yield,2023-09-14,1.556,,250,0
2863,stock,600519,dividend_yield,2023-09-15,1.5911,,250,0
2864,stock,600519,dividend_yield,2023-09-18,1.5462,,250,0
2865,stock,600519,dividend_yield,2023-09-19,1.5483,,250,0
2866,stock,600519,dividend_yield,2023-09-20,1.551,,250,0
2867,stock,600519,dividend_yield,2023-09-21,1.5752,,250,0
2868,stock,600519,dividend_yield,2023-09-22,1.5282,,250,0
2869,stock,600519,dividend_yield,2023-09-25,1.5433,,250,0
2870,stock,600519,dividend_yield,2023-09-26,1.5585,,250,0
2871,stock,600519,dividend_yield,2023-09-27,1.5604,,250,0
2872,stock,600519,dividend_yield,2023-09-28,1.575,,250,0
2873,stock,600519,dividend_yield,2023-10-09,1.5959,,250,0
2874,stock,600519,dividend_yield,2023-10-10,1.6029,,250,0
2875,stock,600519,dividend_yield,2023-10-11,1.5945,,250,0
2876,stock,600519,dividend_yield,2023-10-12,1.5871,,250,0
2877,stock,600519,dividend_yield,2023-10-13,1.6219,,250,0
2878,stock,600519,dividend_yield,2023-10-16,1.6436,,250,0
2879,stock,600519,dividend_yield,2023-10-17,1.6477,,250,0
2880,stock,600519,dividend_yield,2023-10-18,1.6456,,250,0
2881,stock,600519,dividend_yield,2023-10-19,1.7548,,250,0
2882,stock,600519,dividend_yield,2023-10-20,1.7372,,250,0
2883,stock,600519,dividend_yield,2023-10-23,1.7384,,250,0
2884,stock,600519,dividend_yield,2023-10-24,1.7396,,250,0
2885,stock,600519,dividend_yield,2023-10-25,1.7001,,250,0
2886,stock,600519,dividend_yield,2023-10-26,1.706,,250,0
2887,stock,600519,dividend_yield,2023-10-27,1.701,,250,0
2888,stock,600519,dividend_yield,2023-10-30,1.6962,,250,0
2889,stock,600519,dividend_yield,2023-10-31,1.6923,,250,0
2890,stock,600519,dividend_yield,2023-11-01,1.592,,250,0
2891,stock,600519,dividend_yield,2023-11-02,1.5935,,250,0
2892,stock,600519,dividend_yield,2023-11-03,1.563,,250,0
2893,stock,600519,dividend_yield,2023-11-06,1.5623,,250,0
2894,stock,600519,dividend_yield,2023-11-07,1.5821,,250,0
2895,stock,600519,dividend_yield,2023-11-08,1.5752,,250,0
2896,stock,600519,dividend_yield,2023-11-09,1.5793,,250,0
2897,stock,600519,dividend_yield,2023-11-10,1.5971,,250,0
2898,stock,600519,dividend_yield,2023-11-13,1.6088,,250,0
2899,stock,600519,dividend_yield,2023-11-14,1.6076,,250,0
2900,stock,600519,dividend_yield,2023-11-15,1.6,,250,0
2901,stock,600519,dividend_yield,2023-11-16,1.6128,,250,0
2902,stock,600519,dividend_yield,2023-11-17,1.6195,,250,0
2903,stock,600519,dividend_yield,2023-11-20,1.6103,,250,0
2904,stock,600519,dividend_yield,2023-11-21,1.5833,,250,0
2905,stock,600519,dividend_yield,2023-11-22,1.5915,,250,0
2906,stock,600519,dividend_yield,2023-11-23,1.5871,,250,0
2907,stock,600519,dividend_yield,2023-11-24,1.5959,,250,0
2908,stock,600519,dividend_yield,2023-11-27,1.6098,,250,0
2909,stock,600519,dividend_yield,2023-11-28,1.6038,,250,0
2910,stock,600519,dividend_yield,2023-11-29,1.5982,,250,0
2911,stock,600519,dividend_yield,2023-11-30,1.5818,,250,0
2912,stock,600519,dividend_yield,2023-12-01,1.6126,,250,0
2913,stock,600519,dividend_yield,2023-12-04,1.6222,,250,0
2914,stock,600519,dividend_yield,2023-12-05,1.6657,,250,0
2915,stock,600519,dividend_yield,2023-12-06,1.6722,,250,0
2916,stock,600519,dividend_yield,2023-12-07,1.6754,,250,0
2917,stock,600519,dividend_yield,2023-12-08,1.6701,,250,0
2918,stock,600519,dividend_yield,2023-12-11,1.6776,,250,0
2919,stock,600519,dividend_yield,2023-12-12,1.6647,,250,0
2920,stock,600519,dividend_yield,2023-12-13,1.7199,,250,0
2921,stock,600519,dividend_yield,2023-12-14,1.7478,,250,0
2922,stock,600519,dividend_yield,2023-12-15,1.7372,,250,0
2923,stock,600519,dividend_yield,2023-12-18,1.7176,,250,0
2924,stock,600519,dividend_yield,2023-12-19,1.7029,,250,0
2925,stock,600519,dividend_yield,2023-12-20,1.7098,,250,0
2926,stock,600519,dividend_yield,2023-12-21,1.6873,,250,0
2927,stock,600519,dividend_yield,2023-12-22,1.6866,,250,0
2928,stock,600519,dividend_yield,2023-12-25,1.6851,,250,0
2929,stock,600519,dividend_yield,2023-12-26,1.6873,,250,0
2930,stock,600519,dividend_yield,2023-12-27,1.6905,,250,0
2931,stock,600519,dividend_yield,2023-12-28,1.629,,250,0
2932,stock,600519,dividend_yield,2023-12-29,1.6279,,250,0
2933,stock,600519,dividend_yield,2024-01-02,1.671,,250,0
2934,stock,600519,dividend_yield,2024-01-03,1.6613,,250,0
2935,stock,600519,dividend_yield,2024-01-04,1.6884,,250,0
2936,stock,600519,dividend_yield,2024-01-05,1.6946,,250,0
2937,stock,600519,dividend_yield,2024-01-08,1.7164,,250,0
2938,stock,600519,dividend_yield,2024-01-09,1.7198,,250,0
2939,stock,600519,dividend_yield,2024-01-10,1.7192,,250,0
2940,stock,600519,dividend_yield,2024-01-11,1.7134,,250,0
2941,stock,600519,dividend_yield,2024-01-12,1.7174,,250,0
2942,stock,600519,dividend_yield,2024-01-15,1.7209,,250,0
2943,stock,600519,dividend_yield,2024-01-16,1.7216,,250,0
2944,stock,600519,dividend_yield,2024-01-17,1.7961,,250,0
2945,stock,600519,dividend_yield,2024-01-18,1.7549,,250,0
2946,stock,600519,dividend_yield,2024-01-19,1.7266,,250,0
2947,stock,600519,dividend_yield,2024-01-22,1.7186,,250,0
2948,stock,600519,dividend_yield,2024-01-23,1.7452,,250,0
2949,stock,600519,dividend_yield,2024-01-24,1.7371,,250,0
2950,stock,600519,dividend_yield,2024-01-25,1.7232,,250,0
2951,stock,600519,dividend_yield,2024-01-26,1.724,,250,0
2952,stock,600519,dividend_yield,2024-01-29,1.7096,,250,0
2953,stock,600519,dividend_yield,2024-01-30,1.7523,,250,0
2954,stock,600519,dividend_yield,2024-01-31,1.762,,250,0
2955,stock,600519,dividend_yield,2024-02-01,1.7559,,250,0
2956,stock,600519,dividend_yield,2024-02-02,1.7727,,250,0
2957,stock,600519,dividend_yield,2024-02-05,1.7324,,250,0
2958,stock,600519,dividend_yield,2024-02-06,1.6807,,250,0
2959,stock,600519,dividend_yield,2024-02-07,1.6434,,250,0
2960,stock,600519,dividend_yield,2024-02-08,1.6486,,250,0
2961,stock,600519,dividend_yield,2024-02-19,1.6598,,250,0
2962,stock,600519,dividend_yield,2024-02-20,1.6873,,250,0
2963,stock,600519,dividend_yield,2024-02-21,1.6365,,250,0
2964,stock,600519,dividend_yield,2024-02-22,1.6358,,250,0
2965,stock,600519,dividend_yield,2024-02-23,1.6402,,250,0
2966,stock,600519,dividend_yield,2024-02-26,1.6603,,250,0
2967,stock,600519,dividend_yield,2024-02-27,1.6661,,250,0
2968,stock,600519,dividend_yield,2024-02-28,1.6747,,250,0
2969,stock,600519,dividend_yield,2024-02-29,1.6603,,250,0
2970,stock,600519,dividend_yield,2024-03-01,1.6709,,250,0
2971,stock,600519,dividend_yield,2024-03-04,1.6804,,250,0
2972,stock,600519,dividend_yield,2024-03-05,1.6602,,250,0
2973,stock,600519,dividend_yield,2024-03-06,1.6758,,250,0
2974,stock,600519,dividend_yield,2024-03-07,1.6724,,250,0
2975,stock,600519,dividend_yield,2024-03-08,1.6857,,250,0
2976,stock,600519,dividend_yield,2024-03-11,1.6608,,250,0
2977,stock,600519,dividend_yield,2024-03-12,1.6087,,250,0
2978,stock,600519,dividend_yield,2024-03-13,1.6264,,250,0
2979,stock,600519,dividend_yield,2024-03-14,1.6376,,250,0
2980,stock,600519,dividend_yield,2024-03-15,1.6367,,250,0
2981,stock,600519,dividend_yield,2024-03-18,1.6463,,250,0
2982,stock,600519,dividend_yield,2024-03-19,1.6465,,250,0
2983,stock,600519,dividend_yield,2024-03-20,1.6449,,250,0
2984,stock,600519,dividend_yield,2024-03-21,1.6455,,250,0
2985,stock,600519,dividend_yield,2024-03-22,1.6535,,250,0
2986,stock,600519,dividend_yield,2024-03-25,1.6667,,250,0
2987,stock,600519,dividend_yield,2024-03-26,1.6452,,250,0
2988,stock,600519,dividend_yield,2024-03-27,1.6539,,250,0
2989,stock,600519,dividend_yield,2024-03-28,1.6532,,250,0
2990,stock,600519,dividend_yield,2024-03-29,1.6519,,250,0
2991,stock,600519,dividend_yield,2024-04-01,1.6327,,250,0
2992,stock,600519,dividend_yield,2024-04-02,1.6403,,250,0
2993,stock,600519,dividend_yield,2024-04-03,1.6391,,250,0
2994,stock,600519,dividend_yield,2024-04-08,1.691,,250,0
2995,stock,600519,dividend_yield,2024-04-09,1.6959,,250,0
2996,stock,600519,dividend_yield,2024-04-10,1.7118,,250,0
2997,stock,600519,dividend_yield,2024-04-11,1.7118,,250,0
2998,stock,600519,dividend_yield,2024-04-12,1.7278,,250,0
2999,stock,600519,dividend_yield,2024-04-15,1.684,,250,0
3000,stock,600519,dividend_yield,2024-04-16,1.6873,,250,0
3001,stock,600519,dividend_yield,2024-04-17,1.6906,,250,0
3002,stock,600519,dividend_yield,2024-04-18,1.6864,,250,0
3003,stock,600519,dividend_yield,2024-04-19,1.7134,,250,0
3004,stock,600519,dividend_yield,2024-04-22,1.6817,,250,0
3005,stock,600519,dividend_yield,2024-04-23,1.6632,,250,0
3006,stock,600519,dividend_yield,2024-04-24,1.6617,,250,0
3007,stock,600519,dividend_yield,2024-04-25,1.6623,,250,0
3008,stock,600519,dividend_yield,2024-04-26,1.645,,250,0
3009,stock,600519,dividend_yield,2024-04-29,1.6507,,250,0
3010,stock,600519,dividend_yield,2024-04-30,1.6497,,250,0
3011,stock,600519,dividend_yield,2024-05-06,1.5937,,250,0
3012,stock,600519,dividend_yield,2024-05-07,1.5841,,250,0
3013,stock,600519,dividend_yield,2024-05-08,1.59,,250,0
3014,stock,600519,dividend_yield,2024-05-09,1.5978,,250,0
3015,stock,600519,dividend_yield,2024-05-10,1.6148,,250,0
3016,stock,600519,dividend_yield,2024-05-13,1.6486,,250,0
3017,stock,600519,dividend_yield,2024-05-14,1.6529,,250,0
3018,stock,600519,dividend_yield,2024-05-15,1.655,,250,0
3019,stock,600519,dividend_yield,2024-05-16,1.6502,,250,0
3020,stock,600519,dividend_yield,2024-05-17,1.6393,,250,0
3021,stock,600519,dividend_yield,2024-05-20,1.6455,,250,0
3022,stock,600519,dividend_yield,2024-05-21,1.6497,,250,0
3023,stock,600519,dividend_yield,2024-05-22,1.6574,,250,0
3024,stock,600519,dividend_yield,2024-05-23,1.6634,,250,0
3025,stock,600519,dividend_yield,2024-05-24,1.6795,,250,0
3026,stock,600519,dividend_yield,2024-05-27,1.6872,,250,0
3027,stock,600519,dividend_yield,2024-05-28,1.6932,,250,0
3028,stock,600519,dividend_yield,2024-05-29,1.6829,,250,0
3029,stock,600519,dividend_yield,2024-05-30,1.7107,,250,0
3030,stock,600519,dividend_yield,2024-05-31,1.7113,,250,0
3031,stock,600519,dividend_yield,2024-06-03,1.7216,,250,0
3032,stock,600519,dividend_yield,2024-06-04,1.706,,250,0
3033,stock,600519,dividend_yield,2024-06-05,1.7163,,250,0
3034,stock,600519,dividend_yield,2024-06-06,1.7211,,250,0
3035,stock,600519,dividend_yield,2024-06-07,1.745,,250,0
3036,stock,600519,dividend_yield,2024-06-11,1.8061,,250,0
3037,stock,600519,dividend_yield,2024-06-12,1.8027,,250,0
3038,stock,600519,dividend_yield,2024-06-13,1.8239,,250,0
3039,stock,600519,dividend_yield,2024-06-14,1.8239,,250,0
3040,stock,600519,dividend_yield,2024-06-17,1.8414,,250,0
3041,stock,600519,dividend_yield,2024-06-18,1.8679,,250,0
3042,stock,600519,dividend_yield,2024-06-19,4.0634,,250,0
3043,stock,600519,dividend_yield,2024-06-20,4.066,,250,0
3044,stock,600519,dividend_yield,2024-06-21,4.1525,,250,0
3045,stock,600519,dividend_yield,2024-06-24,4.1357,,250,0
3046,stock,600519,dividend_yield,2024-06-25,4.1055,,250,0
3047,stock,600519,dividend_yield,2024-06-26,4.0979,,250,0
3048,stock,600519,dividend_yield,2024-06-27,4.0941,,250,0
3049,stock,600519,dividend_yield,2024-06-28,4.1635,,250,0
3050,stock,600519,dividend_yield,2024-07-01,2.3095,,250,0
3051,stock,600519,dividend_yield,2024-07-02,2.2257,,250,0
3052,stock,600519,dividend_yield,2024-07-03,2.2109,,250,0
3053,stock,600519,dividend_yield,2024-07-04,2.2337,,250,0
3054,stock,600519,dividend_yield,2024-07-05,2.2879,,250,0
3055,stock,600519,dividend_yield,2024-07-08,2.3452,,250,0
3056,stock,600519,dividend_yield,2024-07-09,2.3136,,250,0
3057,stock,600519,dividend_yield,2024-07-10,2.3143,,250,0
3058,stock,600519,dividend_yield,2024-07-11,2.2726,,250,0
3059,stock,600519,dividend_yield,2024-07-12,2.2449,,250,0
3060,stock,600519,dividend_yield,2024-07-15,2.2514,,250,0
3061,stock,600519,dividend_yield,2024-07-16,2.2496,,250,0
3062,stock,600519,dividend_yield,2024-07-17,2.2087,,250,0
3063,stock,600519,dividend_yield,2024-07-18,2.2148,,250,0
3064,stock,600519,dividend_yield,2024-07-19,2.1711,,250,0
3065,stock,600519,dividend_yield,2024-07-22,2.2125,,250,0
3066,stock,600519,dividend_yield,2024-07-23,2.2845,,250,0
3067,stock,600519,dividend_yield,2024-07-24,2.3101,,250,0
3068,stock,600519,dividend_yield,2024-07-25,2.3267,,250,0
3069,stock,600519,dividend_yield,2024-07-26,2.3413,,250,0
3070,stock,600519,dividend_yield,2024-07-29,2.3851,,250,0
3071,stock,600519,dividend_yield,2024-07-30,2.4187,,250,0
3072,stock,600519,dividend_yield,2024-07-31,2.343,,250,0
3073,stock,600519,dividend_yield,2024-08-01,2.4071,,250,0
3074,stock,600519,dividend_yield,2024-08-02,2.4084,,250,0
3075,stock,600519,dividend_yield,2024-08-05,2.3632,,250,0
3076,stock,600519,dividend_yield,2024-08-06,2.3728,,250,0
3077,stock,600519,dividend_yield,2024-08-07,2.3533,,250,0
3078,stock,600519,dividend_yield,2024-08-08,2.3263,,250,0
3079,stock,600519,dividend_yield,2024-08-09,2.3157,,250,0
3080,stock,600519,dividend_yield,2024-08-12,2.3169,,250,0
3081,stock,600519,dividend_yield,2024-08-13,2.3399,,250,0
3082,stock,600519,dividend_yield,2024-08-14,2.3572,,250,0
3083,stock,600519,dividend_yield,2024-08-15,2.333,,250,0
3084,stock,600519,dividend_yield,2024-08-16,2.3255,,250,0
3085,stock,600519,dividend_yield,2024-08-19,2.3356,,250,0
3086,stock,600519,dividend_yield,2024-08-20,2.3404,,250,0
3087,stock,600519,dividend_yield,2024-08-21,2.3496,,250,0
3088,stock,600519,dividend_yield,2024-08-22,2.3631,,250,0
3089,stock,600519,dividend_yield,2024-08-23,2.3542,,250,0
3090,stock,600519,dividend_yield,2024-08-26,2.3596,,250,0
3091,stock,600519,dividend_yield,2024-08-27,2.374,,250,0
3092,stock,600519,dividend_yield,2024-08-28,2.4018,,250,0
3093,stock,600519,dividend_yield,2024-08-29,2.3572,,250,0
3094,stock,600519,dividend_yield,2024-08-30,2.3046,,250,0
3095,stock,600519,dividend_yield,2024-09-02,2.3906,,250,0
3096,stock,600519,dividend_yield,2024-09-03,2.3632,,250,0
3097,stock,600519,dividend_yield,2024-09-04,2.3814,,250,0
3098,stock,600519,dividend_yield,2024-09-05,2.3725,,250,0
3099,stock,600519,dividend_yield,2024-09-06,2.3851,,250,0
3100,stock,600519,dividend_yield,2024-09-09,2.4282,,250,0
3101,stock,600519,dividend_yield,2024-09-10,2.4225,,250,0
3102,stock,600519,dividend_yield,2024-09-11,2.4187,,250,0
3103,stock,600519,dividend_yield,2024-09-12,2.507,,250,0
3104,stock,600519,dividend_yield,2024-09-13,2.5716,,250,0
3105,stock,600519,dividend_yield,2024-09-18,2.6539,,250,0
3106,stock,600519,dividend_yield,2024-09-19,2.6674,,250,0
3107,stock,600519,dividend_yield,2024-09-20,2.6607,,250,0
3108,stock,600519,dividend_yield,2024-09-23,2.6661,,250,0
3109,stock,600519,dividend_yield,2024-09-24,2.4328,,250,0
3110,stock,600519,dividend_yield,2024-09-25,2.3833,,250,0
3111,stock,600519,dividend_yield,2024-09-26,2.1659,,250,0
3112,stock,600519,dividend_yield,2024-09-27,2.0237,,250,0
3113,stock,600519,dividend_yield,2024-09-30,1.8775,,250,0
3114,stock,600519,dividend_yield,2024-10-08,1.9065,,250,0
3115,stock,600519,dividend_yield,2024-10-09,2.0699,,250,0
3116,stock,600519,dividend_yield,2024-10-10,2.0094,,250,0
3117,stock,600519,dividend_yield,2024-10-11,2.0563,,250,0
3118,stock,600519,dividend_yield,2024-10-14,2.0604,,250,0
3119,stock,600519,dividend_yield,2024-10-15,2.1282,,250,0
3120,stock,600519,dividend_yield,2024-10-16,2.1758,,250,0
3121,stock,600519,dividend_yield,2024-10-17,2.2195,,250,0
3122,stock,600519,dividend_yield,2024-10-18,2.1478,,250,0
3123,stock,600519,dividend_yield,2024-10-21,2.1662,,250,0
3124,stock,600519,dividend_yield,2024-10-22,2.1449,,250,0
3125,stock,600519,dividend_yield,2024-10-23,2.109,,250,0
3126,stock,600519,dividend_yield,2024-10-24,2.1312,,250,0
3127,stock,600519,dividend_yield,2024-10-25,2.1215,,250,0
3128,stock,600519,dividend_yield,2024-10-28,2.1126,,250,0
3129,stock,600519,dividend_yield,2024-10-29,2.1619,,250,0
3130,stock,600519,dividend_yield,2024-10-30,2.1614,,250,0
3131,stock,600519,dividend_yield,2024-10-31,2.1678,,250,0
3132,stock,600519,dividend_yield,2024-11-01,2.1587,,250,0
3133,stock,600519,dividend_yield,2024-11-04,2.1371,,250,0
3134,stock,600519,dividend_yield,2024-11-05,2.0954,,250,0
3135,stock,600519,dividend_yield,2024-11-06,2.1039,,250,0
3136,stock,600519,dividend_yield,2024-11-07,1.9976,,250,0
3137,stock,600519,dividend_yield,2024-11-08,2.0495,,250,0
3138,stock,600519,dividend_yield,2024-11-11,2.0659,,250,0
3139,stock,600519,dividend_yield,2024-11-12,2.0951,,250,0
3140,stock,600519,dividend_yield,2024-11-13,2.0932,,250,0
3141,stock,600519,dividend_yield,2024-11-14,2.0999,,250,0
3142,stock,600519,dividend_yield,2024-11-15,2.1213,,250,0
3143,stock,600519,dividend_yield,2024-11-18,2.1213,,250,0
3144,stock,600519,dividend_yield,2024-11-19,2.1465,,250,0
3145,stock,600519,dividend_yield,2024-11-20,2.1422,,250,0
3146,stock,600519,dividend_yield,2024-11-21,2.1417,,250,0
3147,stock,600519,dividend_yield,2024-11-22,2.1986,,250,0
3148,stock,600519,dividend_yield,2024-11-25,2.2132,,250,0
3149,stock,600519,dividend_yield,2024-11-26,2.1967,,250,0
3150,stock,600519,dividend_yield,2024-11-27,2.1811,,250,0
3151,stock,600519,dividend_yield,2024-11-28,2.1828,,250,0
3152,stock,600519,dividend_yield,2024-11-29,2.1709,,250,0
3153,stock,600519,dividend_yield,2024-12-02,2.172,,250,0
3154,stock,600519,dividend_yield,2024-12-03,2.1694,,250,0
3155,stock,600519,dividend_yield,2024-12-04,2.1797,,250,0
3156,stock,600519,dividend_yield,2024-12-05,2.1936,,250,0
3157,stock,600519,dividend_yield,2024-12-06,2.1781,,250,0
3158,stock,600519,dividend_yield,2024-12-09,2.1815,,250,0
3159,stock,600519,dividend_yield,2024-12-10,2.1395,,250,0
3160,stock,600519,dividend_yield,2024-12-11,2.1559,,250,0
3161,stock,600519,dividend_yield,2024-12-12,2.1114,,250,0
3162,stock,600519,dividend_yield,2024-12-13,2.1812,,250,0
3163,stock,600519,dividend_yield,2024-12-16,2.1687,,250,0
3164,stock,600519,dividend_yield,2024-12-17,2.1227,,250,0
3165,stock,600519,dividend_yield,2024-12-18,2.1032,,250,0
3166,stock,600519,dividend_yield,2024-12-19,2.133,,250,0
3167,stock,600519,dividend_yield,2024-12-20,3.7963,,250,0
3168,stock,600519,dividend_yield,2024-12-23,3.7846,,250,0
3169,stock,600519,dividend_yield,2024-12-24,3.7525,,250,0
3170,stock,600519,dividend_yield,2024-12-25,3.7753,,250,0
3171,stock,600519,dividend_yield,2024-12-26,3.7811,,250,0
3172,stock,600519,dividend_yield,2024-12-27,3.778,,250,0
3173,stock,600519,dividend_yield,2024-12-30,3.7884,,250,0
3174,stock,600519,dividend_yield,2024-12-31,3.791,,250,0
3175,stock,600519,dividend_yield,2025-01-02,3.8879,,250,0
3176,stock,600519,dividend_yield,2025-01-03,3.9241,,250,0
3177,stock,600519,dividend_yield,2025-01-06,4.0251,,250,0
3178,stock,600519,dividend_yield,2025-01-07,4.0245,,250,0
3179,stock,600519,dividend_yield,2025-01-08,4.0177,,250,0
3180,stock,600519,dividend_yield,2025-01-09,4.0133,,250,0
3181,stock,600519,dividend_yield,2025-01-10,4.037,,250,0
3182,stock,600519,dividend_yield,2025-01-13,4.0133,,250,0
3183,stock,600519,dividend_yield,2025-01-14,3.9312,,250,0
3184,stock,600519,dividend_yield,2025-01-15,3.9346,,250,0
3185,stock,600519,dividend_yield,2025-01-16,4.0063,,250,0
3186,stock,600519,dividend_yield,2025-01-17,3.9819,,250,0
3187,stock,600519,dividend_yield,2025-01-20,3.9247,,250,0
3188,stock,600519,dividend_yield,2025-01-21,3.9435,,250,0
3189,stock,600519,dividend_yield,2025-01-22,4.0221,,250,0
3190,stock,600519,dividend_yield,2025-01-23,4.0162,,250,0
3191,stock,600519,dividend_yield,2025-01-24,4.037,,250,0
3192,stock,600519,dividend_yield,2025-01-27,4.04,,250,0
3193,stock,600519,dividend_yield,2025-02-05,4.1351,,250,0
3194,stock,600519,dividend_yield,2025-02-06,4.1071,,250,0
3195,stock,600519,dividend_yield,2025-02-07,4.037,,250,0
3196,stock,600519,dividend_yield,2025-02-10,4.0504,,250,0
3197,stock,600519,dividend_yield,2025-02-11,4.0912,,250,0
3198,stock,600519,dividend_yield,2025-02-12,4.0162,,250,0
3199,stock,600519,dividend_yield,2025-02-13,3.9523,,250,0
3200,stock,600519,dividend_yield,2025-02-14,3.9241,,250,0
3201,stock,600519,dividend_yield,2025-02-17,3.9337,,250,0
3202,stock,600519,dividend_yield,2025-02-18,3.9241,,250,0
3203,stock,600519,dividend_yield,2025-02-19,3.8796,,250,0
3204,stock,600519,dividend_yield,2025-02-20,3.9269,,250,0
3205,stock,600519,dividend_yield,2025-02-21,3.8873,,250,0
3206,stock,600519,dividend_yield,2025-02-24,3.9127,,250,0
3207,stock,600519,dividend_yield,2025-02-25,3.9841,,250,0
3208,stock,600519,dividend_yield,2025-02-26,3.9667,,250,0
3209,stock,600519,dividend_yield,2025-02-27,3.8946,,250,0
3210,stock,600519,dividend_yield,2025-02-28,3.8529,,250,0
3211,stock,600519,dividend_yield,2025-03-03,3.8906,,250,0
3212,stock,600519,dividend_yield,2025-03-04,3.9379,,250,0
3213,stock,600519,dividend_yield,2025-03-05,3.9485,,250,0
3214,stock,600519,dividend_yield,2025-03-06,3.8389,,250,0
3215,stock,600519,dividend_yield,2025-03-07,3.7989,,250,0
3216,stock,600519,dividend_yield,2025-03-10,3.7939,,250,0
3217,stock,600519,dividend_yield,2025-03-11,3.7273,,250,0
3218,stock,600519,dividend_yield,2025-03-12,3.7429,,250,0
3219,stock,600519,dividend_yield,2025-03-13,3.7552,,250,0
3220,stock,600519,dividend_yield,2025-03-14,3.5364,,250,0
3221,stock,600519,dividend_yield,2025-03-17,3.514,,250,0
3222,stock,600519,dividend_yield,2025-03-18,3.5455,,250,0
3223,stock,600519,dividend_yield,2025-03-19,3.5189,,250,0
3224,stock,600519,dividend_yield,2025-03-20,3.5921,,250,0
3225,stock,600519,dividend_yield,2025-03-21,3.6648,,250,0
3226,stock,600519,dividend_yield,2025-03-24,3.6422,,250,0
3227,stock,600519,dividend_yield,2025-03-25,3.6605,,250,0
3228,stock,600519,dividend_yield,2025-03-26,3.6593,,250,0
3229,stock,600519,dividend_yield,2025-03-27,3.6278,,250,0
3230,stock,600519,dividend_yield,2025-03-28,3.6369,,250,0
3231,stock,600519,dividend_yield,2025-03-31,3.6963,,250,0
3232,stock,600519,dividend_yield,2025-04-01,3.7088,,250,0
3233,stock,600519,dividend_yield,2025-04-02,3.7265,,250,0
3234,stock,600519,dividend_yield,2025-04-03,3.6768,,250,0
3235,stock,600519,dividend_yield,2025-04-07,3.8551,,250,0
3236,stock,600519,dividend_yield,2025-04-08,3.7367,,250,0
3237,stock,600519,dividend_yield,2025-04-09,3.7468,,250,0
3238,stock,600519,dividend_yield,2025-04-10,3.7265,,250,0
3239,stock,600519,dividend_yield,2025-04-11,3.6765,,250,0
3240,stock,600519,dividend_yield,2025-04-14,3.7189,,250,0
3241,stock,600519,dividend_yield,2025-04-15,3.7038,,250,0
3242,stock,600519,dividend_yield,2025-04-16,3.7009,,250,0
3243,stock,600519,dividend_yield,2025-04-17,3.674,,250,0
3244,stock,600519,dividend_yield,2025-04-18,3.684,,250,0
3245,stock,600519,dividend_yield,2025-04-21,3.7214,,250,0
3246,stock,600519,dividend_yield,2025-04-22,3.727,,250,0
3247,stock,600519,dividend_yield,2025-04-23,3.7189,,250,0
3248,stock,600519,dividend_yield,2025-04-24,3.7183,,250,0
3249,stock,600519,dividend_yield,2025-04-25,3.724,,250,0
3250,stock,600519,dividend_yield,2025-04-28,3.724,,250,0
3251,stock,600519,dividend_yield,2025-04-29,3.7392,,250,0
3252,stock,600519,dividend_yield,2025-04-30,3.7316,,250,0
3253,stock,600519,dividend_yield,2025-05-06,3.7235,,250,0
3254,stock,600519,dividend_yield,2025-05-07,3.7113,,250,0
3255,stock,600519,dividend_yield,2025-05-08,3.6539,,250,0
3256,stock,600519,dividend_yield,2025-05-09,3.6225,,250,0
3257,stock,600519,dividend_yield,2025-05-12,3.5909,,250,0
3258,stock,600519,dividend_yield,2025-05-13,3.6246,,250,0
3259,stock,600519,dividend_yield,2025-05-14,3.5205,,250,0
3260,stock,600519,dividend_yield,2025-05-15,3.5272,,250,0
3261,stock,600519,dividend_yield,2025-05-16,3.5683,,250,0
3262,stock,600519,dividend_yield,2025-05-19,3.652,,250,0
3263,stock,600519,dividend_yield,2025-05-20,3.635,,250,0
3264,stock,600519,dividend_yield,2025-05-21,3.6472,,250,0
3265,stock,600519,dividend_yield,2025-05-22,3.6495,,250,0
3266,stock,600519,dividend_yield,2025-05-23,3.6676,,250,0
3267,stock,600519,dividend_yield,2025-05-26,3.7227,,250,0
3268,stock,600519,dividend_yield,2025-05-27,3.7395,,250,0
3269,stock,600519,dividend_yield,2025-05-28,3.7572,,250,0
3270,stock,600519,dividend_yield,2025-05-29,3.7495,,250,0
3271,stock,600519,dividend_yield,2025-05-30,3.7963,,250,0
3272,stock,600519,dividend_yield,2025-06-03,3.8308,,250,0
3273,stock,600519,dividend_yield,2025-06-04,3.8282,,250,0
3274,stock,600519,dividend_yield,2025-06-05,3.8174,,250,0
3275,stock,600519,dividend_yield,2025-06-06,3.8378,,250,0
3276,stock,600519,dividend_yield,2025-06-09,3.8931,,250,0
3277,stock,600519,dividend_yield,2025-06-10,3.9241,,250,0
3278,stock,600519,dividend_yield,2025-06-11,3.9101,,250,0
3279,stock,600519,dividend_yield,2025-06-12,3.9696,,250,0
3280,stock,600519,dividend_yield,2025-06-13,4.0641,,250,0
3281,stock,600519,dividend_yield,2025-06-16,4.0782,,250,0
3282,stock,600519,dividend_yield,2025-06-17,4.0639,,250,0
3283,stock,600519,dividend_yield,2025-06-18,4.07,,250,0
3284,stock,600519,dividend_yield,2025-06-19,4.0669,,250,0
3285,stock,600519,dividend_yield,2025-06-20,1.7702,,250,0
3286,stock,600519,dividend_yield,2025-06-23,1.7817,,250,0
3287,stock,600519,dividend_yield,2025-06-24,1.7591,,250,0
3288,stock,600519,dividend_yield,2025-06-25,1.7608,,250,0
3289,stock,600519,dividend_yield,2025-06-26,3.7686,,250,0
3290,stock,600519,dividend_yield,2025-06-27,3.8158,,250,0
3291,stock,600519,dividend_yield,2025-06-30,3.7977,,250,0
3292,stock,600519,dividend_yield,2025-07-01,3.8101,,250,0
3293,stock,600519,dividend_yield,2025-07-02,3.7975,,250,0
3294,stock,600519,dividend_yield,2025-07-03,3.7807,,250,0
3295,stock,600519,dividend_yield,2025-07-04,3.7625,,250,0
3296,stock,600519,dividend_yield,2025-07-07,3.7944,,250,0
3297,stock,600519,dividend_yield,2025-07-08,3.7793,,250,0
3298,stock,600519,dividend_yield,2025-07-09,3.7717,,250,0
3299,stock,600519,dividend_yield,2025-07-10,3.7508,,250,0
3300,stock,600519,dividend_yield,2025-07-11,3.7494,,250,0
3301,stock,600519,dividend_yield,2025-07-14,3.7587,,250,0
3302,stock,600519,dividend_yield,2025-07-15,3.7935,,250,0
3303,stock,600519,dividend_yield,2025-07-16,3.7935,,250,0
3304,stock,600519,dividend_yield,2025-07-17,3.7787,,250,0
3305,stock,600519,dividend_yield,2025-07-18,3.7223,,250,0
3306,stock,600519,dividend_yield,2025-07-21,3.7063,,250,0
3307,stock,600519,dividend_yield,2025-07-22,3.6486,,250,0
3308,stock,600519,dividend_yield,2025-07-23,3.6217,,250,0
3309,stock,600519,dividend_yield,2025-07-24,3.5814,,250,0
3310,stock,600519,dividend_yield,2025-07-25,3.6746,,250,0
3311,stock,600519,dividend_yield,2025-07-28,3.7179,,250,0
3312,stock,600519,dividend_yield,2025-07-29,3.717,,250,0
3313,stock,600519,dividend_yield,2025-07-30,3.6892,,250,0
3314,stock,600519,dividend_yield,2025-07-31,3.764,,250,0
3315,stock,600519,dividend_yield,2025-08-01,3.7769,,250,0
3316,stock,600519,dividend_yield,2025-08-04,3.7713,,250,0
3317,stock,600519,dividend_yield,2025-08-05,3.7474,,250,0
3318,stock,600519,dividend_yield,2025-08-06,3.7579,,250,0
3319,stock,600519,dividend_yield,2025-08-07,3.7621,,250,0
3320,stock,600519,dividend_yield,2025-08-08,3.7659,,250,0
3321,stock,600519,dividend_yield,2025-08-11,3.701,,250,0
3322,stock,600519,dividend_yield,2025-08-12,3.7222,,250,0
3323,stock,600519,dividend_yield,2025-08-13,3.7684,,250,0
3324,stock,600519,dividend_yield,2025-08-14,3.7494,,250,0
3325,stock,600519,dividend_yield,2025-08-15,3.7629,,250,0
3326,stock,600519,dividend_yield,2025-08-18,3.7453,,250,0
3327,stock,600519,dividend_yield,2025-08-19,3.7196,,250,0
3328,stock,600519,dividend_yield,2025-08-20,3.6877,,250,0
3329,stock,600519,dividend_yield,2025-08-21,3.6923,,250,0
3330,stock,600519,dividend_yield,2025-08-22,3.6513,,250,0
3331,stock,600519,dividend_yield,2025-08-25,3.5843,,250,0
3332,stock,600519,dividend_yield,2025-08-26,3.6062,,250,0
3333,stock,600519,dividend_yield,2025-08-27,3.693,,250,0
3334,stock,600519,dividend_yield,2025-08-28,3.698,,250,0
3335,stock,600519,dividend_yield,2025-08-29,3.6102,,250,0
3336,stock,600519,dividend_yield,2025-09-01,3.6201,,250,0
3337,stock,600519,dividend_yield,2025-09-02,3.5819,,250,0
3338,stock,600519,dividend_yield,2025-09-03,3.6089,,250,0
3339,stock,600519,dividend_yield,2025-09-04,3.6289,,250,0
3340,stock,600519,dividend_yield,2025-09-05,3.6027,,250,0
3341,stock,600519,dividend_yield,2025-09-08,3.5574,,250,0
3342,stock,600519,dividend_yield,2025-09-09,3.5481,,250,0
3343,stock,600519,dividend_yield,2025-09-10,3.5071,,250,0
3344,stock,600519,dividend_yield,2025-09-11,3.5035,,250,0
3345,stock,600519,dividend_yield,2025-09-12,3.5215,,250,0
3346,stock,600519,dividend_yield,2025-09-15,3.5236,,250,0
3347,stock,600519,dividend_yield,2025-09-16,3.5604,,250,0
3348,stock,600519,dividend_yield,2025-09-17,3.5777,,250,0
3349,stock,600519,dividend_yield,2025-09-18,3.6409,,250,0
3350,stock,600519,dividend_yield,2025-09-19,3.6409,,250,0
3351,stock,600519,dividend_yield,2025-09-22,3.6789,,250,0
3352,stock,600519,dividend_yield,2025-09-23,3.6945,,250,0
3353,stock,600519,dividend_yield,2025-09-24,3.7089,,250,0
3354,stock,600519,dividend_yield,2025-09-25,3.717,,250,0
3355,stock,600519,dividend_yield,2025-09-26,3.7277,,250,0
3356,stock,600519,dividend_yield,2025-09-29,3.6593,,250,0
3357,stock,600519,dividend_yield,2025-09-30,3.7036,,250,0
3358,stock,600519,dividend_yield,2025-10-09,3.7229,,250,0
3359,stock,600519,dividend_yield,2025-10-10,3.7412,,250,0
3360,stock,600519,dividend_yield,2025-10-13,3.7708,,250,0
3361,stock,600519,dividend_yield,2025-10-14,3.685,,250,0
3362,stock,600519,dividend_yield,2025-10-15,3.6563,,250,0
3363,stock,600519,dividend_yield,2025-10-16,3.5979,,250,0
3364,stock,600519,dividend_yield,2025-10-17,3.6746,,250,0
3365,stock,600519,dividend_yield,2025-10-20,3.6669,,250,0
3366,stock,600519,dividend_yield,2025-10-21,3.6557,,250,0
3367,stock,600519,dividend_yield,2025-10-22,3.6649,,250,0
3368,stock,600519,dividend_yield,2025-10-23,3.6409,,250,0
3369,stock,600519,dividend_yield,2025-10-24,3.6877,,250,0
3370,stock,600519,dividend_yield,2025-10-27,3.7132,,250,0
3371,stock,600519,dividend_yield,2025-10-28,3.701,,250,0
3372,stock,600519,dividend_yield,2025-10-29,3.7361,,250,0
3373,stock,600519,dividend_yield,2025-10-30,3.7501,,250,0
3374,stock,600519,dividend_yield,2025-10-31,3.7412,,250,0
3375,stock,600519,dividend_yield,2025-11-03,3.7277,,250,0
3376,stock,600519,dividend_yield,2025-11-04,3.744,,250,0
3377,stock,600519,dividend_yield,2025-11-05,3.7684,,250,0
3378,stock,600519,dividend_yield,2025-11-06,3.7274,,250,0
3379,stock,600519,dividend_yield,2025-11-07,3.7322,,250,0
3380,stock,600519,dividend_yield,2025-11-10,3.6556,,250,0
3381,stock,600519,dividend_yield,2025-11-11,3.6642,,250,0
3382,stock,600519,dividend_yield,2025-11-12,3.6482,,250,0
3383,stock,600519,dividend_yield,2025-11-13,3.6347,,250,0
3384,stock,600519,dividend_yield,2025-11-14,3.6704,,250,0
3385,stock,600519,dividend_yield,2025-11-17,3.6331,,250,0
3386,stock,600519,dividend_yield,2025-11-18,3.6204,,250,0
3387,stock,600519,dividend_yield,2025-11-19,3.6331,,250,0
3388,stock,600519,dividend_yield,2025-11-20,3.6431,,250,0
3389,stock,600519,dividend_yield,2025-11-21,3.6444,,250,0
3390,stock,600519,dividend_yield,2025-11-24,3.6824,,250,0
3391,stock,600519,dividend_yield,2025-11-25,3.7019,,250,0
3392,stock,600519,dividend_yield,2025-11-26,3.69,,250,0
3393,stock,600519,dividend_yield,2025-11-27,3.6949,,250,0
3394,stock,600519,dividend_yield,2025-11-28,3.6864,,250,0
3395,stock,600519,dividend_yield,2025-12-01,3.693,,250,0
3396,stock,600519,dividend_yield,2025-12-02,3.7249,,250,0
3397,stock,600519,dividend_yield,2025-12-03,3.7437,,250,0
3398,stock,600519,dividend_yield,2025-12-04,3.7577,,250,0
3399,stock,600519,dividend_yield,2025-12-05,3.7412,,250,0
3400,stock,600519,dividend_yield,2025-12-08,3.7735,,250,0
3401,stock,600519,dividend_yield,2025-12-09,3.8216,,250,0
3402,stock,600519,dividend_yield,2025-12-10,3.8166,,250,0
3403,stock,600519,dividend_yield,2025-12-11,3.7908,,250,0
3404,stock,600519,dividend_yield,2025-12-12,3.7668,,250,0
3405,stock,600519,dividend_yield,2025-12-15,3.7521,,250,0
3406,stock,600519,dividend_yield,2025-12-16,3.7631,,250,0
3407,stock,600519,dividend_yield,2025-12-17,3.7328,,250,0
3408,stock,600519,dividend_yield,2025-12-18,3.7385,,250,0
3409,stock,600519,dividend_yield,2025-12-19,5.464,,250,0
3410,stock,600519,dividend_yield,2025-12-22,3.7407,,250,0
3411,stock,600519,dividend_yield,2025-12-23,3.7417,,250,0
3412,stock,600519,dividend_yield,2025-12-24,3.7607,,250,0
3413,stock,600519,dividend_yield,2025-12-25,3.7247,,250,0
3414,stock,600519,dividend_yield,2025-12-26,3.7248,,250,0
3415,stock,600519,dividend_yield,2025-12-29,3.7577,,250,0
3416,stock,600519,dividend_yield,2025-12-30,3.7916,,250,0
3417,stock,600519,dividend_yield,2025-12-31,3.8268,,250,0
3418,stock,600519,dividend_yield,2026-01-05,3.6932,,250,0
3419,stock,600519,dividend_yield,2026-01-06,3.6879,,250,0
3420,stock,600519,dividend_yield,2026-01-07,3.7002,,250,0
3421,stock,600519,dividend_yield,2026-01-08,3.7297,,250,0
3422,stock,600519,dividend_yield,2026-01-09,3.7115,,250,0
3423,stock,600519,dividend_yield,2026-01-12,3.7005,,250,0
3424,stock,600519,dividend_yield,2026-01-13,3.7332,,250,0
3425,stock,600519,dividend_yield,2026-01-14,3.7686,,250,0
3426,stock,600519,dividend_yield,2026-01-15,3.7939,,250,0
3427,stock,600519,dividend_yield,2026-01-16,3.8132,,250,0
3428,stock,600519,dividend_yield,2026-01-19,3.8302,,250,0
3429,stock,600519,dividend_yield,2026-01-20,3.8371,,250,0
3430,stock,600519,dividend_yield,2026-01-21,3.9024,,250,0
3431,stock,600519,dividend_yield,2026-01-22,3.9351,,250,0
3432,stock,600519,dividend_yield,2026-01-23,3.9443,,250,0
3433,stock,600519,dividend_yield,2026-01-26,3.9293,,250,0
3434,stock,600519,dividend_yield,2026-01-27,3.9263,,250,0
3435,stock,600519,dividend_yield,2026-01-28,3.9848,,250,0
3436,stock,600519,dividend_yield,2026-01-29,3.6625,,250,0
3437,stock,600519,dividend_yield,2026-01-30,3.7604,,250,0
3438,stock,600519,dividend_yield,2026-02-02,3.6905,,250,0
3439,stock,600519,dividend_yield,2026-02-03,3.5683,,250,0
3440,stock,600519,dividend_yield,2026-02-04,3.4489,,250,0
3441,stock,600519,dividend_yield,2026-02-05,3.3812,,250,0
3442,stock,600519,dividend_yield,2026-02-06,3.4721,,250,0
3443,stock,600519,dividend_yield,2026-02-09,3.449,,250,0
3444,stock,600519,dividend_yield,2026-02-10,3.4961,,250,0
3445,stock,600519,dividend_yield,2026-02-11,3.4972,,250,0
3446,stock,600519,dividend_yield,2026-02-12,3.5397,,250,0
3447,stock,600519,dividend_yield,2026-02-13,3.5429,,250,0
3448,stock,600519,dividend_yield,2026-02-24,3.5885,,250,0
3449,stock,600519,dividend_yield,2026-02-25,3.5275,,250,0
3450,stock,600519,dividend_yield,2026-02-26,3.5899,,250,0
3451,stock,600519,dividend_yield,2026-02-27,3.6181,,250,0
3452,stock,600519,dividend_yield,2026-03-02,3.6563,,250,0
3453,stock,600519,dividend_yield,2026-03-03,3.6927,,250,0
3454,stock,600519,dividend_yield,2026-03-04,3.7599,,250,0
3455,stock,600519,dividend_yield,2026-03-05,3.7658,,250,0
3456,stock,600519,dividend_yield,2026-03-06,3.7577,,250,0
3457,stock,600519,dividend_yield,2026-03-09,3.7714,,250,0
3458,stock,600519,dividend_yield,2026-03-10,3.758,,250,0
3459,stock,600519,dividend_yield,2026-03-11,3.7632,,250,0
3460,stock,600519,dividend_yield,2026-03-12,3.7852,,250,0
3461,stock,600519,dividend_yield,2026-03-13,3.7261,,250,0
3462,stock,600519,dividend_yield,2026-03-16,3.605,,250,0
3463,stock,600519,dividend_yield,2026-03-17,3.5436,,250,0
3464,stock,600519,dividend_yield,2026-03-18,3.5835,,250,0
3465,stock,600519,dividend_yield,2026-03-19,3.6235,,250,0
3466,stock,600519,dividend_yield,2026-03-20,3.6437,,250,0
3467,stock,600519,dividend_yield,2026-03-23,3.7412,,250,0
3468,stock,600519,dividend_yield,2026-03-24,3.7432,,250,0
3469,stock,600519,dividend_yield,2026-03-25,3.7352,,250,0
3470,stock,600519,dividend_yield,2026-03-26,3.7599,,250,0
3471,stock,600519,dividend_yield,2026-03-27,3.7197,,250,0
3472,stock,600519,dividend_yield,2026-03-30,3.7091,,250,0
3473,stock,600519,dividend_yield,2026-03-31,3.6309,,250,0
3474,stock,600519,dividend_yield,2026-04-01,3.6069,,250,0
3475,stock,600519,dividend_yield,2026-04-02,3.6058,,250,0
3476,stock,600519,dividend_yield,2026-04-03,3.6055,,250,0
3477,stock,600519,dividend_yield,2026-04-07,3.6565,,250,0
3478,stock,600519,dividend_yield,2026-04-08,3.5929,,250,0
3479,stock,600519,dividend_yield,2026-04-09,3.6043,,250,0
3480,stock,600519,dividend_yield,2026-04-10,3.6208,,250,0
3481,stock,600519,dividend_yield,2026-04-13,3.648,,250,0
3482,stock,600519,dividend_yield,2026-04-14,3.6388,,250,0
3483,stock,600519,dividend_yield,2026-04-15,3.5867,,250,0
3484,stock,600519,dividend_yield,2026-04-16,3.5984,,250,0
3485,stock,600519,dividend_yield,2026-04-17,3.7434,,250,0
3486,stock,600519,dividend_yield,2026-04-20,3.7335,,250,0
3487,stock,600519,dividend_yield,2026-04-21,3.7305,,250,0
3488,stock,600519,dividend_yield,2026-04-22,3.7373,,250,0
3489,stock,600519,dividend_yield,2026-04-23,3.7118,,250,0
3490,stock,600519,dividend_yield,2026-04-24,3.6093,,250,0
3491,stock,600519,dividend_yield,2026-04-27,3.7544,,250,0
3492,stock,600519,dividend_yield,2026-04-28,3.7495,,250,0
3493,stock,600519,dividend_yield,2026-04-29,3.76,,250,0
3494,stock,600519,dividend_yield,2026-04-30,3.8054,,250,0
3495,stock,600519,dividend_yield,2026-05-06,3.833,,250,0
3496,stock,600519,dividend_yield,2026-05-07,3.8443,,250,0
3497,stock,600519,dividend_yield,2026-05-08,3.8387,,250,0
3498,stock,600519,dividend_yield,2026-05-11,3.8723,,250,0
3499,stock,600519,dividend_yield,2026-05-12,3.8921,,250,0
3500,stock,600519,dividend_yield,2026-05-13,3.923,,250,0
3501,stock,600519,dividend_yield,2026-05-14,3.9288,,250,0
3502,stock,600519,dividend_yield,2026-05-15,3.9565,,250,0
3503,stock,600519,dividend_yield,2026-05-18,3.9869,,250,0
3504,stock,600519,dividend_yield,2026-05-19,3.9829,,250,0
3505,stock,600519,dividend_yield,2026-05-20,4.0117,,250,0
3506,stock,600519,dividend_yield,2026-05-21,4.0242,,250,0
3507,stock,600519,dividend_yield,2026-05-22,4.0905,,250,0
3508,stock,600519,dividend_yield,2026-05-25,4.1046,,250,0
3509,stock,600519,dividend_yield,2026-05-26,4.1458,,250,0
3510,stock,600519,dividend_yield,2026-05-27,4.0495,,250,0
3511,stock,600519,dividend_yield,2026-05-28,4.1372,,250,0
3512,stock,600519,dividend_yield,2026-05-29,3.9777,,250,0
3513,stock,600519,dividend_yield,2026-06-01,4.0286,,250,0
3514,stock,600519,dividend_yield,2026-06-02,4.0361,,250,0
3515,stock,600519,dividend_yield,2026-06-03,4.1176,,250,0
3516,stock,600519,dividend_yield,2026-06-04,4.1638,,250,0
3517,stock,600519,dividend_yield,2026-06-05,4.1475,,250,0
3518,stock,600519,dividend_yield,2026-06-08,4.1807,,250,0
3519,stock,600519,dividend_yield,2026-06-09,4.2045,,250,0
3520,stock,600519,dividend_yield,2026-06-10,4.1375,,250,0
3521,stock,600519,dividend_yield,2026-06-11,4.1272,,250,0
3522,stock,600519,dividend_yield,2026-06-12,4.085,,250,0
3523,stock,600519,dividend_yield,2026-06-15,4.1534,,250,0
3524,stock,600519,dividend_yield,2026-06-16,4.2056,,250,0
3525,stock,600519,dividend_yield,2026-06-17,4.26,,250,0
3526,stock,600519,dividend_yield,2026-06-18,4.3497,,250,0
3527,stock,600519,dividend_yield,2026-06-22,4.255,,250,0
3528,stock,600519,dividend_yield,2026-06-23,4.3226,,250,0
3529,stock,600519,dividend_yield,2026-06-24,4.3767,,250,0
3530,stock,600519,dividend_yield,2026-06-25,4.3603,,250,0
3531,stock,600519,dividend_yield,2026-06-26,6.816,,250,0
3532,stock,600519,dividend_yield,2026-06-29,4.35,,250,0
3533,stock,600519,dividend_yield,2026-06-30,4.3848,,250,0
3534,stock,000858,dividend_yield,2021-07-09,1.0425,,250,0
3535,stock,000858,dividend_yield,2021-07-12,1.0273,,250,0
3536,stock,000858,dividend_yield,2021-07-13,1.007,,250,0
3537,stock,000858,dividend_yield,2021-07-14,1.0098,,250,0
3538,stock,000858,dividend_yield,2021-07-15,0.9884,,250,0
3539,stock,000858,dividend_yield,2021-07-16,1.0011,,250,0
3540,stock,000858,dividend_yield,2021-07-19,0.9882,,250,0
3541,stock,000858,dividend_yield,2021-07-20,0.9829,,250,0
3542,stock,000858,dividend_yield,2021-07-21,0.9869,,250,0
3543,stock,000858,dividend_yield,2021-07-22,0.9912,,250,0
3544,stock,000858,dividend_yield,2021-07-23,1.0262,,250,0
3545,stock,000858,dividend_yield,2021-07-26,1.123,,250,0
3546,stock,000858,dividend_yield,2021-07-27,1.2207,,250,0
3547,stock,000858,dividend_yield,2021-07-28,1.1896,,250,0
3548,stock,000858,dividend_yield,2021-07-29,1.1986,,250,0
3549,stock,000858,dividend_yield,2021-07-30,1.2839,,250,0
3550,stock,000858,dividend_yield,2021-08-02,1.202,,250,0
3551,stock,000858,dividend_yield,2021-08-03,1.1714,,250,0
3552,stock,000858,dividend_yield,2021-08-04,1.2017,,250,0
3553,stock,000858,dividend_yield,2021-08-05,1.2442,,250,0
3554,stock,000858,dividend_yield,2021-08-06,1.2512,,250,0
3555,stock,000858,dividend_yield,2021-08-09,1.2273,,250,0
3556,stock,000858,dividend_yield,2021-08-10,1.1261,,250,0
3557,stock,000858,dividend_yield,2021-08-11,1.1396,,250,0
3558,stock,000858,dividend_yield,2021-08-12,1.1828,,250,0
3559,stock,000858,dividend_yield,2021-08-13,1.1674,,250,0
3560,stock,000858,dividend_yield,2021-08-16,1.1679,,250,0
3561,stock,000858,dividend_yield,2021-08-17,1.2277,,250,0
3562,stock,000858,dividend_yield,2021-08-18,1.2333,,250,0
3563,stock,000858,dividend_yield,2021-08-19,1.2719,,250,0
3564,stock,000858,dividend_yield,2021-08-20,1.3828,,250,0
3565,stock,000858,dividend_yield,2021-08-23,1.3853,,250,0
3566,stock,000858,dividend_yield,2021-08-24,1.3565,,250,0
3567,stock,000858,dividend_yield,2021-08-25,1.305,,250,0
3568,stock,000858,dividend_yield,2021-08-26,1.377,,250,0
3569,stock,000858,dividend_yield,2021-08-27,1.388,,250,0
3570,stock,000858,dividend_yield,2021-08-30,1.3782,,250,0
3571,stock,000858,dividend_yield,2021-08-31,1.4184,,250,0
3572,stock,000858,dividend_yield,2021-09-01,1.373,,250,0
3573,stock,000858,dividend_yield,2021-09-02,1.422,,250,0
3574,stock,000858,dividend_yield,2021-09-03,1.3864,,250,0
3575,stock,000858,dividend_yield,2021-09-06,1.3461,,250,0
3576,stock,000858,dividend_yield,2021-09-07,1.3426,,250,0
3577,stock,000858,dividend_yield,2021-09-08,1.3729,,250,0
3578,stock,000858,dividend_yield,2021-09-09,1.3758,,250,0
3579,stock,000858,dividend_yield,2021-09-10,1.3306,,250,0
3580,stock,000858,dividend_yield,2021-09-13,1.3724,,250,0
3581,stock,000858,dividend_yield,2021-09-14,1.3876,,250,0
3582,stock,000858,dividend_yield,2021-09-15,1.4438,,250,0
3583,stock,000858,dividend_yield,2021-09-16,1.456,,250,0
3584,stock,000858,dividend_yield,2021-09-17,1.4164,,250,0
3585,stock,000858,dividend_yield,2021-09-22,1.4817,,250,0
3586,stock,000858,dividend_yield,2021-09-23,1.4775,,250,0
3587,stock,000858,dividend_yield,2021-09-24,1.4276,,250,0
3588,stock,000858,dividend_yield,2021-09-27,1.2851,,250,0
3589,stock,000858,dividend_yield,2021-09-28,1.3087,,250,0
3590,stock,000858,dividend_yield,2021-09-29,1.2973,,250,0
3591,stock,000858,dividend_yield,2021-09-30,1.2926,,250,0
3592,stock,000858,dividend_yield,2021-10-08,1.2379,,250,0
3593,stock,000858,dividend_yield,2021-10-11,1.2404,,250,0
3594,stock,000858,dividend_yield,2021-10-12,1.2313,,250,0
3595,stock,000858,dividend_yield,2021-10-13,1.1744,,250,0
3596,stock,000858,dividend_yield,2021-10-14,1.1717,,250,0
3597,stock,000858,dividend_yield,2021-10-15,1.2027,,250,0
3598,stock,000858,dividend_yield,2021-10-18,1.3196,,250,0
3599,stock,000858,dividend_yield,2021-10-19,1.2954,,250,0
3600,stock,000858,dividend_yield,2021-10-20,1.2891,,250,0
3601,stock,000858,dividend_yield,2021-10-21,1.2824,,250,0
3602,stock,000858,dividend_yield,2021-10-22,1.2571,,250,0
3603,stock,000858,dividend_yield,2021-10-25,1.2864,,250,0
3604,stock,000858,dividend_yield,2021-10-26,1.2845,,250,0
3605,stock,000858,dividend_yield,2021-10-27,1.315,,250,0
3606,stock,000858,dividend_yield,2021-10-28,1.3198,,250,0
3607,stock,000858,dividend_yield,2021-10-29,1.3116,,250,0
3608,stock,000858,dividend_yield,2021-11-01,1.3935,,250,0
3609,stock,000858,dividend_yield,2021-11-02,1.4213,,250,0
3610,stock,000858,dividend_yield,2021-11-03,1.4387,,250,0
3611,stock,000858,dividend_yield,2021-11-04,1.3795,,250,0
3612,stock,000858,dividend_yield,2021-11-05,1.3543,,250,0
3613,stock,000858,dividend_yield,2021-11-08,1.3494,,250,0
3614,stock,000858,dividend_yield,2021-11-09,1.3653,,250,0
3615,stock,000858,dividend_yield,2021-11-10,1.3878,,250,0
3616,stock,000858,dividend_yield,2021-11-11,1.3818,,250,0
3617,stock,000858,dividend_yield,2021-11-12,1.4018,,250,0
3618,stock,000858,dividend_yield,2021-11-15,1.3953,,250,0
3619,stock,000858,dividend_yield,2021-11-16,1.3424,,250,0
3620,stock,000858,dividend_yield,2021-11-17,1.3458,,250,0
3621,stock,000858,dividend_yield,2021-11-18,1.3664,,250,0
3622,stock,000858,dividend_yield,2021-11-19,1.3382,,250,0
3623,stock,000858,dividend_yield,2021-11-22,1.3152,,250,0
3624,stock,000858,dividend_yield,2021-11-23,1.3231,,250,0
3625,stock,000858,dividend_yield,2021-11-24,1.2609,,250,0
3626,stock,000858,dividend_yield,2021-11-25,1.27,,250,0
3627,stock,000858,dividend_yield,2021-11-26,1.2706,,250,0
3628,stock,000858,dividend_yield,2021-11-29,1.259,,250,0
3629,stock,000858,dividend_yield,2021-11-30,1.3017,,250,0
3630,stock,000858,dividend_yield,2021-12-01,1.2851,,250,0
3631,stock,000858,dividend_yield,2021-12-02,1.2712,,250,0
3632,stock,000858,dividend_yield,2021-12-03,1.2306,,250,0
3633,stock,000858,dividend_yield,2021-12-06,1.2141,,250,0
3634,stock,000858,dividend_yield,2021-12-07,1.2045,,250,0
3635,stock,000858,dividend_yield,2021-12-08,1.1508,,250,0
3636,stock,000858,dividend_yield,2021-12-09,1.1159,,250,0
3637,stock,000858,dividend_yield,2021-12-10,1.1356,,250,0
3638,stock,000858,dividend_yield,2021-12-13,1.1209,,250,0
3639,stock,000858,dividend_yield,2021-12-14,1.1208,,250,0
3640,stock,000858,dividend_yield,2021-12-15,1.1518,,250,0
3641,stock,000858,dividend_yield,2021-12-16,1.1533,,250,0
3642,stock,000858,dividend_yield,2021-12-17,1.198,,250,0
3643,stock,000858,dividend_yield,2021-12-20,1.1933,,250,0
3644,stock,000858,dividend_yield,2021-12-21,1.2178,,250,0
3645,stock,000858,dividend_yield,2021-12-22,1.2151,,250,0
3646,stock,000858,dividend_yield,2021-12-23,1.1878,,250,0
3647,stock,000858,dividend_yield,2021-12-24,1.1614,,250,0
3648,stock,000858,dividend_yield,2021-12-27,1.1922,,250,0
3649,stock,000858,dividend_yield,2021-12-28,1.1847,,250,0
3650,stock,000858,dividend_yield,2021-12-29,1.253,,250,0
3651,stock,000858,dividend_yield,2021-12-30,1.2543,,250,0
3652,stock,000858,dividend_yield,2021-12-31,1.2718,,250,0
3653,stock,000858,dividend_yield,2022-01-04,1.2662,,250,0
3654,stock,000858,dividend_yield,2022-01-05,1.265,,250,0
3655,stock,000858,dividend_yield,2022-01-06,1.2921,,250,0
3656,stock,000858,dividend_yield,2022-01-07,1.304,,250,0
3657,stock,000858,dividend_yield,2022-01-10,1.322,,250,0
3658,stock,000858,dividend_yield,2022-01-11,1.3329,,250,0
3659,stock,000858,dividend_yield,2022-01-12,1.3022,,250,0
3660,stock,000858,dividend_yield,2022-01-13,1.3644,,250,0
3661,stock,000858,dividend_yield,2022-01-14,1.3767,,250,0
3662,stock,000858,dividend_yield,2022-01-17,1.3648,,250,0
3663,stock,000858,dividend_yield,2022-01-18,1.3459,,250,0
3664,stock,000858,dividend_yield,2022-01-19,1.3508,,250,0
3665,stock,000858,dividend_yield,2022-01-20,1.3339,,250,0
3666,stock,000858,dividend_yield,2022-01-21,1.3066,,250,0
3667,stock,000858,dividend_yield,2022-01-24,1.3212,,250,0
3668,stock,000858,dividend_yield,2022-01-25,1.3683,,250,0
3669,stock,000858,dividend_yield,2022-01-26,1.3852,,250,0
3670,stock,000858,dividend_yield,2022-01-27,1.4052,,250,0
3671,stock,000858,dividend_yield,2022-01-28,1.4447,,250,0
3672,stock,000858,dividend_yield,2022-02-07,1.4674,,250,0
3673,stock,000858,dividend_yield,2022-02-08,1.5159,,250,0
3674,stock,000858,dividend_yield,2022-02-09,1.4644,,250,0
3675,stock,000858,dividend_yield,2022-02-10,1.4893,,250,0
3676,stock,000858,dividend_yield,2022-02-11,1.4788,,250,0
3677,stock,000858,dividend_yield,2022-02-14,1.4477,,250,0
3678,stock,000858,dividend_yield,2022-02-15,1.4333,,250,0
3679,stock,000858,dividend_yield,2022-02-16,1.4364,,250,0
3680,stock,000858,dividend_yield,2022-02-17,1.4524,,250,0
3681,stock,000858,dividend_yield,2022-02-18,1.4397,,250,0
3682,stock,000858,dividend_yield,2022-02-21,1.4381,,250,0
3683,stock,000858,dividend_yield,2022-02-22,1.4862,,250,0
3684,stock,000858,dividend_yield,2022-02-23,1.4626,,250,0
3685,stock,000858,dividend_yield,2022-02-24,1.5276,,250,0
3686,stock,000858,dividend_yield,2022-02-25,1.5116,,250,0
3687,stock,000858,dividend_yield,2022-02-28,1.5159,,250,0
3688,stock,000858,dividend_yield,2022-03-01,1.488,,250,0
3689,stock,000858,dividend_yield,2022-03-02,1.523,,250,0
3690,stock,000858,dividend_yield,2022-03-03,1.5899,,250,0
3691,stock,000858,dividend_yield,2022-03-04,1.6478,,250,0
3692,stock,000858,dividend_yield,2022-03-07,1.7647,,250,0
3693,stock,000858,dividend_yield,2022-03-08,1.7617,,250,0
3694,stock,000858,dividend_yield,2022-03-09,1.8032,,250,0
3695,stock,000858,dividend_yield,2022-03-10,1.6935,,250,0
3696,stock,000858,dividend_yield,2022-03-11,1.6977,,250,0
3697,stock,000858,dividend_yield,2022-03-14,1.7615,,250,0
3698,stock,000858,dividend_yield,2022-03-15,1.8784,,250,0
3699,stock,000858,dividend_yield,2022-03-16,1.7793,,250,0
3700,stock,000858,dividend_yield,2022-03-17,1.7381,,250,0
3701,stock,000858,dividend_yield,2022-03-18,1.7421,,250,0
3702,stock,000858,dividend_yield,2022-03-21,1.7682,,250,0
3703,stock,000858,dividend_yield,2022-03-22,1.7855,,250,0
3704,stock,000858,dividend_yield,2022-03-23,1.7654,,250,0
3705,stock,000858,dividend_yield,2022-03-24,1.8225,,250,0
3706,stock,000858,dividend_yield,2022-03-25,1.8779,,250,0
3707,stock,000858,dividend_yield,2022-03-28,1.9635,,250,0
3708,stock,000858,dividend_yield,2022-03-29,1.9941,,250,0
3709,stock,000858,dividend_yield,2022-03-30,1.8812,,250,0
3710,stock,000858,dividend_yield,2022-03-31,1.9074,,250,0
3711,stock,000858,dividend_yield,2022-04-01,1.8415,,250,0
3712,stock,000858,dividend_yield,2022-04-06,1.8401,,250,0
3713,stock,000858,dividend_yield,2022-04-07,1.8343,,250,0
3714,stock,000858,dividend_yield,2022-04-08,1.8325,,250,0
3715,stock,000858,dividend_yield,2022-04-11,1.9274,,250,0
3716,stock,000858,dividend_yield,2022-04-12,1.7907,,250,0
3717,stock,000858,dividend_yield,2022-04-13,1.8103,,250,0
3718,stock,000858,dividend_yield,2022-04-14,1.6999,,250,0
3719,stock,000858,dividend_yield,2022-04-15,1.7189,,250,0
3720,stock,000858,dividend_yield,2022-04-18,1.7506,,250,0
3721,stock,000858,dividend_yield,2022-04-19,1.7769,,250,0
3722,stock,000858,dividend_yield,2022-04-20,1.7659,,250,0
3723,stock,000858,dividend_yield,2022-04-21,1.807,,250,0
3724,stock,000858,dividend_yield,2022-04-22,1.7716,,250,0
3725,stock,000858,dividend_yield,2022-04-25,1.9083,,250,0
3726,stock,000858,dividend_yield,2022-04-26,1.8601,,250,0
3727,stock,000858,dividend_yield,2022-04-27,1.8222,,250,0
3728,stock,000858,dividend_yield,2022-04-28,1.7665,,250,0
3729,stock,000858,dividend_yield,2022-04-29,1.8127,,250,0
3730,stock,000858,dividend_yield,2022-05-05,1.8202,,250,0
3731,stock,000858,dividend_yield,2022-05-06,1.8796,,250,0
3732,stock,000858,dividend_yield,2022-05-09,1.9114,,250,0
3733,stock,000858,dividend_yield,2022-05-10,1.9036,,250,0
3734,stock,000858,dividend_yield,2022-05-11,1.8735,,250,0
3735,stock,000858,dividend_yield,2022-05-12,1.8658,,250,0
3736,stock,000858,dividend_yield,2022-05-13,1.8813,,250,0
3737,stock,000858,dividend_yield,2022-05-16,1.9057,,250,0
3738,stock,000858,dividend_yield,2022-05-17,1.8922,,250,0
3739,stock,000858,dividend_yield,2022-05-18,1.9142,,250,0
3740,stock,000858,dividend_yield,2022-05-19,1.9294,,250,0
3741,stock,000858,dividend_yield,2022-05-20,1.8084,,250,0
3742,stock,000858,dividend_yield,2022-05-23,1.8477,,250,0
3743,stock,000858,dividend_yield,2022-05-24,1.8864,,250,0
3744,stock,000858,dividend_yield,2022-05-25,1.8743,,250,0
3745,stock,000858,dividend_yield,2022-05-26,1.8775,,250,0
3746,stock,000858,dividend_yield,2022-05-27,1.8675,,250,0
3747,stock,000858,dividend_yield,2022-05-30,1.7625,,250,0
3748,stock,000858,dividend_yield,2022-05-31,1.7018,,250,0
3749,stock,000858,dividend_yield,2022-06-01,1.713,,250,0
3750,stock,000858,dividend_yield,2022-06-02,1.7206,,250,0
3751,stock,000858,dividend_yield,2022-06-06,1.6847,,250,0
3752,stock,000858,dividend_yield,2022-06-07,1.6719,,250,0
3753,stock,000858,dividend_yield,2022-06-08,1.6295,,250,0
3754,stock,000858,dividend_yield,2022-06-09,1.6516,,250,0
3755,stock,000858,dividend_yield,2022-06-10,1.6368,,250,0
3756,stock,000858,dividend_yield,2022-06-13,1.6895,,250,0
3757,stock,000858,dividend_yield,2022-06-14,1.6753,,250,0
3758,stock,000858,dividend_yield,2022-06-15,1.6383,,250,0
3759,stock,000858,dividend_yield,2022-06-16,1.635,,250,0
3760,stock,000858,dividend_yield,2022-06-17,1.5987,,250,0
3761,stock,000858,dividend_yield,2022-06-20,1.5762,,250,0
3762,stock,000858,dividend_yield,2022-06-21,1.594,,250,0
3763,stock,000858,dividend_yield,2022-06-22,1.6301,,250,0
3764,stock,000858,dividend_yield,2022-06-23,1.6065,,250,0
3765,stock,000858,dividend_yield,2022-06-24,1.5617,,250,0
3766,stock,000858,dividend_yield,2022-06-27,1.4896,,250,0
3767,stock,000858,dividend_yield,2022-06-28,1.4345,,250,0
3768,stock,000858,dividend_yield,2022-06-29,3.1975,,250,0
3769,stock,000858,dividend_yield,2022-06-30,3.026,,250,0
3770,stock,000858,dividend_yield,2022-07-01,3.0086,,250,0
3771,stock,000858,dividend_yield,2022-07-04,3.0406,,250,0
3772,stock,000858,dividend_yield,2022-07-05,3.0813,,250,0
3773,stock,000858,dividend_yield,2022-07-06,3.1483,,250,0
3774,stock,000858,dividend_yield,2022-07-07,3.205,,250,0
3775,stock,000858,dividend_yield,2022-07-08,3.1848,,250,0
3776,stock,000858,dividend_yield,2022-07-11,1.7513,,250,0
3777,stock,000858,dividend_yield,2022-07-12,1.7451,,250,0
3778,stock,000858,dividend_yield,2022-07-13,1.7144,,250,0
3779,stock,000858,dividend_yield,2022-07-14,1.7438,,250,0
3780,stock,000858,dividend_yield,2022-07-15,1.7461,,250,0
3781,stock,000858,dividend_yield,2022-07-18,1.7724,,250,0
3782,stock,000858,dividend_yield,2022-07-19,1.7562,,250,0
3783,stock,000858,dividend_yield,2022-07-20,1.7541,,250,0
3784,stock,000858,dividend_yield,2022-07-21,1.779,,250,0
3785,stock,000858,dividend_yield,2022-07-22,1.7873,,250,0
3786,stock,000858,dividend_yield,2022-07-25,1.7646,,250,0
3787,stock,000858,dividend_yield,2022-07-26,1.7352,,250,0
3788,stock,000858,dividend_yield,2022-07-27,1.7644,,250,0
3789,stock,000858,dividend_yield,2022-07-28,1.7746,,250,0
3790,stock,000858,dividend_yield,2022-07-29,1.8703,,250,0
3791,stock,000858,dividend_yield,2022-08-01,1.8682,,250,0
3792,stock,000858,dividend_yield,2022-08-02,1.9026,,250,0
3793,stock,000858,dividend_yield,2022-08-03,1.9155,,250,0
3794,stock,000858,dividend_yield,2022-08-04,1.8893,,250,0
3795,stock,000858,dividend_yield,2022-08-05,1.8613,,250,0
3796,stock,000858,dividend_yield,2022-08-08,1.876,,250,0
3797,stock,000858,dividend_yield,2022-08-09,1.8869,,250,0
3798,stock,000858,dividend_yield,2022-08-10,1.9227,,250,0
3799,stock,000858,dividend_yield,2022-08-11,1.876,,250,0
3800,stock,000858,dividend_yield,2022-08-12,1.8669,,250,0
3801,stock,000858,dividend_yield,2022-08-15,1.8985,,250,0
3802,stock,000858,dividend_yield,2022-08-16,1.9077,,250,0
3803,stock,000858,dividend_yield,2022-08-17,1.8961,,250,0
3804,stock,000858,dividend_yield,2022-08-18,1.9297,,250,0
3805,stock,000858,dividend_yield,2022-08-19,1.9268,,250,0
3806,stock,000858,dividend_yield,2022-08-22,1.9537,,250,0
3807,stock,000858,dividend_yield,2022-08-23,1.9989,,250,0
3808,stock,000858,dividend_yield,2022-08-24,2.009,,250,0
3809,stock,000858,dividend_yield,2022-08-25,1.9805,,250,0
3810,stock,000858,dividend_yield,2022-08-26,1.9716,,250,0
3811,stock,000858,dividend_yield,2022-08-29,2.0346,,250,0
3812,stock,000858,dividend_yield,2022-08-30,2.0528,,250,0
3813,stock,000858,dividend_yield,2022-08-31,2.0097,,250,0
3814,stock,000858,dividend_yield,2022-09-01,2.0594,,250,0
3815,stock,000858,dividend_yield,2022-09-02,2.0838,,250,0
3816,stock,000858,dividend_yield,2022-09-05,2.1251,,250,0
3817,stock,000858,dividend_yield,2022-09-06,2.1028,,250,0
3818,stock,000858,dividend_yield,2022-09-07,2.1263,,250,0
3819,stock,000858,dividend_yield,2022-09-08,2.1244,,250,0
3820,stock,000858,dividend_yield,2022-09-09,2.0893,,250,0
3821,stock,000858,dividend_yield,2022-09-13,2.0584,,250,0
3822,stock,000858,dividend_yield,2022-09-14,2.0758,,250,0
3823,stock,000858,dividend_yield,2022-09-15,2.0477,,250,0
3824,stock,000858,dividend_yield,2022-09-16,2.0948,,250,0
3825,stock,000858,dividend_yield,2022-09-19,2.067,,250,0
3826,stock,000858,dividend_yield,2022-09-20,2.0286,,250,0
3827,stock,000858,dividend_yield,2022-09-21,2.0609,,250,0
3828,stock,000858,dividend_yield,2022-09-22,2.1269,,250,0
3829,stock,000858,dividend_yield,2022-09-23,2.1235,,250,0
3830,stock,000858,dividend_yield,2022-09-26,2.08,,250,0
3831,stock,000858,dividend_yield,2022-09-27,1.9622,,250,0
3832,stock,000858,dividend_yield,2022-09-28,1.978,,250,0
3833,stock,000858,dividend_yield,2022-09-29,1.9922,,250,0
3834,stock,000858,dividend_yield,2022-09-30,1.9828,,250,0
3835,stock,000858,dividend_yield,2022-10-10,2.1269,,250,0
3836,stock,000858,dividend_yield,2022-10-11,2.1316,,250,0
3837,stock,000858,dividend_yield,2022-10-12,2.1619,,250,0
3838,stock,000858,dividend_yield,2022-10-13,2.2098,,250,0
3839,stock,000858,dividend_yield,2022-10-14,2.1236,,250,0
3840,stock,000858,dividend_yield,2022-10-17,2.1458,,250,0
3841,stock,000858,dividend_yield,2022-10-18,2.1299,,250,0
3842,stock,000858,dividend_yield,2022-10-19,2.1949,,250,0
3843,stock,000858,dividend_yield,2022-10-20,2.2005,,250,0
3844,stock,000858,dividend_yield,2022-10-21,2.233,,250,0
3845,stock,000858,dividend_yield,2022-10-24,2.3905,,250,0
3846,stock,000858,dividend_yield,2022-10-25,2.4116,,250,0
3847,stock,000858,dividend_yield,2022-10-26,2.3873,,250,0
3848,stock,000858,dividend_yield,2022-10-27,2.5123,,250,0
3849,stock,000858,dividend_yield,2022-10-28,2.5039,,250,0
3850,stock,000858,dividend_yield,2022-10-31,2.5897,,250,0
3851,stock,000858,dividend_yield,2022-11-01,2.4028,,250,0
3852,stock,000858,dividend_yield,2022-11-02,2.3831,,250,0
3853,stock,000858,dividend_yield,2022-11-03,2.435,,250,0
3854,stock,000858,dividend_yield,2022-11-04,2.269,,250,0
3855,stock,000858,dividend_yield,2022-11-07,2.2498,,250,0
3856,stock,000858,dividend_yield,2022-11-08,2.3126,,250,0
3857,stock,000858,dividend_yield,2022-11-09,2.3502,,250,0
3858,stock,000858,dividend_yield,2022-11-10,2.3436,,250,0
3859,stock,000858,dividend_yield,2022-11-11,2.2687,,250,0
3860,stock,000858,dividend_yield,2022-11-14,2.2639,,250,0
3861,stock,000858,dividend_yield,2022-11-15,2.2005,,250,0
3862,stock,000858,dividend_yield,2022-11-16,2.1995,,250,0
3863,stock,000858,dividend_yield,2022-11-17,2.2256,,250,0
3864,stock,000858,dividend_yield,2022-11-18,2.2091,,250,0
3865,stock,000858,dividend_yield,2022-11-21,2.2874,,250,0
3866,stock,000858,dividend_yield,2022-11-22,2.2651,,250,0
3867,stock,000858,dividend_yield,2022-11-23,2.2729,,250,0
3868,stock,000858,dividend_yield,2022-11-24,2.3069,,250,0
3869,stock,000858,dividend_yield,2022-11-25,2.3145,,250,0
3870,stock,000858,dividend_yield,2022-11-28,2.3097,,250,0
3871,stock,000858,dividend_yield,2022-11-29,2.1861,,250,0
3872,stock,000858,dividend_yield,2022-11-30,2.1579,,250,0
3873,stock,000858,dividend_yield,2022-12-01,2.0451,,250,0
3874,stock,000858,dividend_yield,2022-12-02,2.0664,,250,0
3875,stock,000858,dividend_yield,2022-12-05,1.9922,,250,0
3876,stock,000858,dividend_yield,2022-12-06,1.9057,,250,0
3877,stock,000858,dividend_yield,2022-12-07,1.9266,,250,0
3878,stock,000858,dividend_yield,2022-12-08,1.9134,,250,0
3879,stock,000858,dividend_yield,2022-12-09,1.8156,,250,0
3880,stock,000858,dividend_yield,2022-12-12,1.8709,,250,0
3881,stock,000858,dividend_yield,2022-12-13,1.858,,250,0
3882,stock,000858,dividend_yield,2022-12-14,1.8068,,250,0
3883,stock,000858,dividend_yield,2022-12-15,1.83,,250,0
3884,stock,000858,dividend_yield,2022-12-16,1.8238,,250,0
3885,stock,000858,dividend_yield,2022-12-19,1.8526,,250,0
3886,stock,000858,dividend_yield,2022-12-20,1.9411,,250,0
3887,stock,000858,dividend_yield,2022-12-21,1.9167,,250,0
3888,stock,000858,dividend_yield,2022-12-22,1.8577,,250,0
3889,stock,000858,dividend_yield,2022-12-23,1.8487,,250,0
3890,stock,000858,dividend_yield,2022-12-26,1.868,,250,0
3891,stock,000858,dividend_yield,2022-12-27,1.8402,,250,0
3892,stock,000858,dividend_yield,2022-12-28,1.8499,,250,0
3893,stock,000858,dividend_yield,2022-12-29,1.8663,,250,0
3894,stock,000858,dividend_yield,2022-12-30,1.8442,,250,0
3895,stock,000858,dividend_yield,2023-01-03,1.8726,,250,0
3896,stock,000858,dividend_yield,2023-01-04,1.8678,,250,0
3897,stock,000858,dividend_yield,2023-01-05,1.7552,,250,0
3898,stock,000858,dividend_yield,2023-01-06,1.7405,,250,0
3899,stock,000858,dividend_yield,2023-01-09,1.6878,,250,0
3900,stock,000858,dividend_yield,2023-01-10,1.6938,,250,0
3901,stock,000858,dividend_yield,2023-01-11,1.7047,,250,0
3902,stock,000858,dividend_yield,2023-01-12,1.7116,,250,0
3903,stock,000858,dividend_yield,2023-01-13,1.6627,,250,0
3904,stock,000858,dividend_yield,2023-01-16,1.5931,,250,0
3905,stock,000858,dividend_yield,2023-01-17,1.6245,,250,0
3906,stock,000858,dividend_yield,2023-01-18,1.5992,,250,0
3907,stock,000858,dividend_yield,2023-01-19,1.6035,,250,0
3908,stock,000858,dividend_yield,2023-01-20,1.5749,,250,0
3909,stock,000858,dividend_yield,2023-01-30,1.5053,,250,0
3910,stock,000858,dividend_yield,2023-01-31,1.5726,,250,0
3911,stock,000858,dividend_yield,2023-02-01,1.564,,250,0
3912,stock,000858,dividend_yield,2023-02-02,1.5444,,250,0
3913,stock,000858,dividend_yield,2023-02-03,1.5645,,250,0
3914,stock,000858,dividend_yield,2023-02-06,1.6347,,250,0
3915,stock,000858,dividend_yield,2023-02-07,1.6218,,250,0
3916,stock,000858,dividend_yield,2023-02-08,1.6539,,250,0
3917,stock,000858,dividend_yield,2023-02-09,1.5859,,250,0
3918,stock,000858,dividend_yield,2023-02-10,1.6086,,250,0
3919,stock,000858,dividend_yield,2023-02-13,1.5453,,250,0
3920,stock,000858,dividend_yield,2023-02-14,1.5706,,250,0
3921,stock,000858,dividend_yield,2023-02-15,1.5564,,250,0
3922,stock,000858,dividend_yield,2023-02-16,1.5581,,250,0
3923,stock,000858,dividend_yield,2023-02-17,1.5796,,250,0
3924,stock,000858,dividend_yield,2023-02-20,1.5409,,250,0
3925,stock,000858,dividend_yield,2023-02-21,1.5638,,250,0
3926,stock,000858,dividend_yield,2023-02-22,1.585,,250,0
3927,stock,000858,dividend_yield,2023-02-23,1.6052,,250,0
3928,stock,000858,dividend_yield,2023-02-24,1.64,,250,0
3929,stock,000858,dividend_yield,2023-02-27,1.6076,,250,0
3930,stock,000858,dividend_yield,2023-02-28,1.611,,250,0
3931,stock,000858,dividend_yield,2023-03-01,1.586,,250,0
3932,stock,000858,dividend_yield,2023-03-02,1.5955,,250,0
3933,stock,000858,dividend_yield,2023-03-03,1.5996,,250,0
3934,stock,000858,dividend_yield,2023-03-06,1.6096,,250,0
3935,stock,000858,dividend_yield,2023-03-07,1.6458,,250,0
3936,stock,000858,dividend_yield,2023-03-08,1.6562,,250,0
3937,stock,000858,dividend_yield,2023-03-09,1.668,,250,0
3938,stock,000858,dividend_yield,2023-03-10,1.6938,,250,0
3939,stock,000858,dividend_yield,2023-03-13,1.6625,,250,0
3940,stock,000858,dividend_yield,2023-03-14,1.6935,,250,0
3941,stock,000858,dividend_yield,2023-03-15,1.722,,250,0
3942,stock,000858,dividend_yield,2023-03-16,1.7331,,250,0
3943,stock,000858,dividend_yield,2023-03-17,1.7603,,250,0
3944,stock,000858,dividend_yield,2023-03-20,1.7874,,250,0
3945,stock,000858,dividend_yield,2023-03-21,1.7228,,250,0
3946,stock,000858,dividend_yield,2023-03-22,1.7274,,250,0
3947,stock,000858,dividend_yield,2023-03-23,1.7001,,250,0
3948,stock,000858,dividend_yield,2023-03-24,1.7152,,250,0
3949,stock,000858,dividend_yield,2023-03-27,1.741,,250,0
3950,stock,000858,dividend_yield,2023-03-28,1.7203,,250,0
3951,stock,000858,dividend_yield,2023-03-29,1.6935,,250,0
3952,stock,000858,dividend_yield,2023-03-30,1.6645,,250,0
3953,stock,000858,dividend_yield,2023-03-31,1.6773,,250,0
3954,stock,000858,dividend_yield,2023-04-03,1.6943,,250,0
3955,stock,000858,dividend_yield,2023-04-04,1.6852,,250,0
3956,stock,000858,dividend_yield,2023-04-06,1.7397,,250,0
3957,stock,000858,dividend_yield,2023-04-07,1.7546,,250,0
3958,stock,000858,dividend_yield,2023-04-10,1.8007,,250,0
3959,stock,000858,dividend_yield,2023-04-11,1.846,,250,0
3960,stock,000858,dividend_yield,2023-04-12,1.9007,,250,0
3961,stock,000858,dividend_yield,2023-04-13,1.8764,,250,0
3962,stock,000858,dividend_yield,2023-04-14,1.9034,,250,0
3963,stock,000858,dividend_yield,2023-04-17,1.8729,,250,0
3964,stock,000858,dividend_yield,2023-04-18,1.8712,,250,0
3965,stock,000858,dividend_yield,2023-04-19,1.8951,,250,0
3966,stock,000858,dividend_yield,2023-04-20,1.9288,,250,0
3967,stock,000858,dividend_yield,2023-04-21,1.9474,,250,0
3968,stock,000858,dividend_yield,2023-04-24,1.9989,,250,0
3969,stock,000858,dividend_yield,2023-04-25,1.9754,,250,0
3970,stock,000858,dividend_yield,2023-04-26,1.9909,,250,0
3971,stock,000858,dividend_yield,2023-04-27,1.9836,,250,0
3972,stock,000858,dividend_yield,2023-04-28,1.9858,,250,0
3973,stock,000858,dividend_yield,2023-05-04,1.9865,,250,0
3974,stock,000858,dividend_yield,2023-05-05,1.9262,,250,0
3975,stock,000858,dividend_yield,2023-05-08,1.955,,250,0
3976,stock,000858,dividend_yield,2023-05-09,1.9133,,250,0
3977,stock,000858,dividend_yield,2023-05-10,1.931,,250,0
3978,stock,000858,dividend_yield,2023-05-11,1.9403,,250,0
3979,stock,000858,dividend_yield,2023-05-12,1.981,,250,0
3980,stock,000858,dividend_yield,2023-05-15,1.9419,,250,0
3981,stock,000858,dividend_yield,2023-05-16,1.9666,,250,0
3982,stock,000858,dividend_yield,2023-05-17,1.9814,,250,0
3983,stock,000858,dividend_yield,2023-05-18,1.9903,,250,0
3984,stock,000858,dividend_yield,2023-05-19,1.9626,,250,0
3985,stock,000858,dividend_yield,2023-05-22,1.8795,,250,0
3986,stock,000858,dividend_yield,2023-05-23,1.9227,,250,0
3987,stock,000858,dividend_yield,2023-05-24,1.9684,,250,0
3988,stock,000858,dividend_yield,2023-05-25,1.9963,,250,0
3989,stock,000858,dividend_yield,2023-05-26,1.9716,,250,0
3990,stock,000858,dividend_yield,2023-05-29,1.9955,,250,0
3991,stock,000858,dividend_yield,2023-05-30,2.0371,,250,0
3992,stock,000858,dividend_yield,2023-05-31,2.0933,,250,0
3993,stock,000858,dividend_yield,2023-06-01,2.0628,,250,0
3994,stock,000858,dividend_yield,2023-06-02,2.0003,,250,0
3995,stock,000858,dividend_yield,2023-06-05,2.0367,,250,0
3996,stock,000858,dividend_yield,2023-06-06,2.0309,,250,0
3997,stock,000858,dividend_yield,2023-06-07,2.0533,,250,0
3998,stock,000858,dividend_yield,2023-06-08,2.0419,,250,0
3999,stock,000858,dividend_yield,2023-06-09,2.0451,,250,0
4000,stock,000858,dividend_yield,2023-06-12,1.9676,,250,0
4001,stock,000858,dividend_yield,2023-06-13,1.934,,250,0
4002,stock,000858,dividend_yield,2023-06-14,1.8787,,250,0
4003,stock,000858,dividend_yield,2023-06-15,1.8296,,250,0
4004,stock,000858,dividend_yield,2023-06-16,1.8068,,250,0
4005,stock,000858,dividend_yield,2023-06-19,1.8803,,250,0
4006,stock,000858,dividend_yield,2023-06-20,1.9225,,250,0
4007,stock,000858,dividend_yield,2023-06-21,1.955,,250,0
4008,stock,000858,dividend_yield,2023-06-26,2.0168,,250,0
4009,stock,000858,dividend_yield,2023-06-27,4.4439,,250,0
4010,stock,000858,dividend_yield,2023-06-28,4.428,,250,0
4011,stock,000858,dividend_yield,2023-06-29,4.512,,250,0
4012,stock,000858,dividend_yield,2023-06-30,2.5116,,250,0
4013,stock,000858,dividend_yield,2023-07-03,2.45,,250,0
4014,stock,000858,dividend_yield,2023-07-04,2.4364,,250,0
4015,stock,000858,dividend_yield,2023-07-05,2.4818,,250,0
4016,stock,000858,dividend_yield,2023-07-06,2.4995,,250,0
4017,stock,000858,dividend_yield,2023-07-07,2.5101,,250,0
4018,stock,000858,dividend_yield,2023-07-10,2.4946,,250,0
4019,stock,000858,dividend_yield,2023-07-11,2.4857,,250,0
4020,stock,000858,dividend_yield,2023-07-12,2.4805,,250,0
4021,stock,000858,dividend_yield,2023-07-13,2.3688,,250,0
4022,stock,000858,dividend_yield,2023-07-14,2.3786,,250,0
4023,stock,000858,dividend_yield,2023-07-17,2.414,,250,0
4024,stock,000858,dividend_yield,2023-07-18,2.4336,,250,0
4025,stock,000858,dividend_yield,2023-07-19,2.4348,,250,0
4026,stock,000858,dividend_yield,2023-07-20,2.4311,,250,0
4027,stock,000858,dividend_yield,2023-07-21,2.3894,,250,0
4028,stock,000858,dividend_yield,2023-07-24,2.4186,,250,0
4029,stock,000858,dividend_yield,2023-07-25,2.2713,,250,0
4030,stock,000858,dividend_yield,2023-07-26,2.2948,,250,0
4031,stock,000858,dividend_yield,2023-07-27,2.2856,,250,0
4032,stock,000858,dividend_yield,2023-07-28,2.2486,,250,0
4033,stock,000858,dividend_yield,2023-07-31,2.2511,,250,0
4034,stock,000858,dividend_yield,2023-08-01,2.2662,,250,0
4035,stock,000858,dividend_yield,2023-08-02,2.2923,,250,0
4036,stock,000858,dividend_yield,2023-08-03,2.2837,,250,0
4037,stock,000858,dividend_yield,2023-08-04,2.2743,,250,0
4038,stock,000858,dividend_yield,2023-08-07,2.3016,,250,0
4039,stock,000858,dividend_yield,2023-08-08,2.3076,,250,0
4040,stock,000858,dividend_yield,2023-08-09,2.3034,,250,0
4041,stock,000858,dividend_yield,2023-08-10,2.3157,,250,0
4042,stock,000858,dividend_yield,2023-08-11,2.3731,,250,0
4043,stock,000858,dividend_yield,2023-08-14,2.4301,,250,0
4044,stock,000858,dividend_yield,2023-08-15,2.4637,,250,0
4045,stock,000858,dividend_yield,2023-08-16,2.4605,,250,0
4046,stock,000858,dividend_yield,2023-08-17,2.4329,,250,0
4047,stock,000858,dividend_yield,2023-08-18,2.5123,,250,0
4048,stock,000858,dividend_yield,2023-08-21,2.5386,,250,0
4049,stock,000858,dividend_yield,2023-08-22,2.5355,,250,0
4050,stock,000858,dividend_yield,2023-08-23,2.5724,,250,0
4051,stock,000858,dividend_yield,2023-08-24,2.5337,,250,0
4052,stock,000858,dividend_yield,2023-08-25,2.5458,,250,0
4053,stock,000858,dividend_yield,2023-08-28,2.6173,,250,0
4054,stock,000858,dividend_yield,2023-08-29,2.5832,,250,0
4055,stock,000858,dividend_yield,2023-08-30,2.6113,,250,0
4056,stock,000858,dividend_yield,2023-08-31,2.6462,,250,0
4057,stock,000858,dividend_yield,2023-09-01,2.5772,,250,0
4058,stock,000858,dividend_yield,2023-09-04,2.4409,,250,0
4059,stock,000858,dividend_yield,2023-09-05,2.4763,,250,0
4060,stock,000858,dividend_yield,2023-09-06,2.4768,,250,0
4061,stock,000858,dividend_yield,2023-09-07,2.5195,,250,0
4062,stock,000858,dividend_yield,2023-09-08,2.5394,,250,0
4063,stock,000858,dividend_yield,2023-09-11,2.4987,,250,0
4064,stock,000858,dividend_yield,2023-09-12,2.5215,,250,0
4065,stock,000858,dividend_yield,2023-09-13,2.5103,,250,0
4066,stock,000858,dividend_yield,2023-09-14,2.5381,,250,0
4067,stock,000858,dividend_yield,2023-09-15,2.5777,,250,0
4068,stock,000858,dividend_yield,2023-09-18,2.5245,,250,0
4069,stock,000858,dividend_yield,2023-09-19,2.5568,,250,0
4070,stock,000858,dividend_yield,2023-09-20,2.5754,,250,0
4071,stock,000858,dividend_yield,2023-09-21,2.6142,,250,0
4072,stock,000858,dividend_yield,2023-09-22,2.574,,250,0
4073,stock,000858,dividend_yield,2023-09-25,2.592,,250,0
4074,stock,000858,dividend_yield,2023-09-26,2.6326,,250,0
4075,stock,000858,dividend_yield,2023-09-27,2.6337,,250,0
4076,stock,000858,dividend_yield,2023-09-28,2.6427,,250,0
4077,stock,000858,dividend_yield,2023-10-09,2.677,,250,0
4078,stock,000858,dividend_yield,2023-10-10,2.6933,,250,0
4079,stock,000858,dividend_yield,2023-10-11,2.6878,,250,0
4080,stock,000858,dividend_yield,2023-10-12,2.6496,,250,0
4081,stock,000858,dividend_yield,2023-10-13,2.6891,,250,0
4082,stock,000858,dividend_yield,2023-10-16,2.7576,,250,0
4083,stock,000858,dividend_yield,2023-10-17,2.7521,,250,0
4084,stock,000858,dividend_yield,2023-10-18,2.7758,,250,0
4085,stock,000858,dividend_yield,2023-10-19,2.8813,,250,0
4086,stock,000858,dividend_yield,2023-10-20,2.8934,,250,0
4087,stock,000858,dividend_yield,2023-10-23,2.8923,,250,0
4088,stock,000858,dividend_yield,2023-10-24,2.8857,,250,0
4089,stock,000858,dividend_yield,2023-10-25,2.7737,,250,0
4090,stock,000858,dividend_yield,2023-10-26,2.7394,,250,0
4091,stock,000858,dividend_yield,2023-10-27,2.7014,,250,0
4092,stock,000858,dividend_yield,2023-10-30,2.6335,,250,0
4093,stock,000858,dividend_yield,2023-10-31,2.6446,,250,0
4094,stock,000858,dividend_yield,2023-11-01,2.5726,,250,0
4095,stock,000858,dividend_yield,2023-11-02,2.6099,,250,0
4096,stock,000858,dividend_yield,2023-11-03,2.5784,,250,0
4097,stock,000858,dividend_yield,2023-11-06,2.5754,,250,0
4098,stock,000858,dividend_yield,2023-11-07,2.5847,,250,0
4099,stock,000858,dividend_yield,2023-11-08,2.5968,,250,0
4100,stock,000858,dividend_yield,2023-11-09,2.5982,,250,0
4101,stock,000858,dividend_yield,2023-11-10,2.628,,250,0
4102,stock,000858,dividend_yield,2023-11-13,2.6654,,250,0
4103,stock,000858,dividend_yield,2023-11-14,2.6464,,250,0
4104,stock,000858,dividend_yield,2023-11-15,2.6217,,250,0
4105,stock,000858,dividend_yield,2023-11-16,2.6377,,250,0
4106,stock,000858,dividend_yield,2023-11-17,2.6632,,250,0
4107,stock,000858,dividend_yield,2023-11-20,2.6745,,250,0
4108,stock,000858,dividend_yield,2023-11-21,2.6576,,250,0
4109,stock,000858,dividend_yield,2023-11-22,2.6914,,250,0
4110,stock,000858,dividend_yield,2023-11-23,2.6999,,250,0
4111,stock,000858,dividend_yield,2023-11-24,2.6968,,250,0
4112,stock,000858,dividend_yield,2023-11-27,2.7756,,250,0
4113,stock,000858,dividend_yield,2023-11-28,2.7858,,250,0
4114,stock,000858,dividend_yield,2023-11-29,2.7951,,250,0
4115,stock,000858,dividend_yield,2023-11-30,2.7776,,250,0
4116,stock,000858,dividend_yield,2023-12-01,2.8178,,250,0
4117,stock,000858,dividend_yield,2023-12-04,2.8466,,250,0
4118,stock,000858,dividend_yield,2023-12-05,2.9164,,250,0
4119,stock,000858,dividend_yield,2023-12-06,2.8846,,250,0
4120,stock,000858,dividend_yield,2023-12-07,2.9198,,250,0
4121,stock,000858,dividend_yield,2023-12-08,2.9106,,250,0
4122,stock,000858,dividend_yield,2023-12-11,2.9966,,250,0
4123,stock,000858,dividend_yield,2023-12-12,2.9942,,250,0
4124,stock,000858,dividend_yield,2023-12-13,3.1311,,250,0
4125,stock,000858,dividend_yield,2023-12-14,3.1606,,250,0
4126,stock,000858,dividend_yield,2023-12-15,3.1331,,250,0
4127,stock,000858,dividend_yield,2023-12-18,3.1254,,250,0
4128,stock,000858,dividend_yield,2023-12-19,3.1428,,250,0
4129,stock,000858,dividend_yield,2023-12-20,3.1744,,250,0
4130,stock,000858,dividend_yield,2023-12-21,3.1228,,250,0
4131,stock,000858,dividend_yield,2023-12-22,3.1404,,250,0
4132,stock,000858,dividend_yield,2023-12-25,3.1112,,250,0
4133,stock,000858,dividend_yield,2023-12-26,3.1171,,250,0
4134,stock,000858,dividend_yield,2023-12-27,3.1298,,250,0
4135,stock,000858,dividend_yield,2023-12-28,2.9754,,250,0
4136,stock,000858,dividend_yield,2023-12-29,2.9705,,250,0
4137,stock,000858,dividend_yield,2024-01-02,3.0745,,250,0
4138,stock,000858,dividend_yield,2024-01-03,3.1028,,250,0
4139,stock,000858,dividend_yield,2024-01-04,3.1694,,250,0
4140,stock,000858,dividend_yield,2024-01-05,3.1983,,250,0
4141,stock,000858,dividend_yield,2024-01-08,3.2856,,250,0
4142,stock,000858,dividend_yield,2024-01-09,3.2939,,250,0
4143,stock,000858,dividend_yield,2024-01-10,3.2657,,250,0
4144,stock,000858,dividend_yield,2024-01-11,3.2427,,250,0
4145,stock,000858,dividend_yield,2024-01-12,3.2671,,250,0
4146,stock,000858,dividend_yield,2024-01-15,3.2691,,250,0
4147,stock,000858,dividend_yield,2024-01-16,3.2767,,250,0
4148,stock,000858,dividend_yield,2024-01-17,3.3723,,250,0
4149,stock,000858,dividend_yield,2024-01-18,3.2913,,250,0
4150,stock,000858,dividend_yield,2024-01-19,3.2632,,250,0
4151,stock,000858,dividend_yield,2024-01-22,3.3173,,250,0
4152,stock,000858,dividend_yield,2024-01-23,3.3062,,250,0
4153,stock,000858,dividend_yield,2024-01-24,3.287,,250,0
4154,stock,000858,dividend_yield,2024-01-25,3.2018,,250,0
4155,stock,000858,dividend_yield,2024-01-26,3.2048,,250,0
4156,stock,000858,dividend_yield,2024-01-29,3.1838,,250,0
4157,stock,000858,dividend_yield,2024-01-30,3.2967,,250,0
4158,stock,000858,dividend_yield,2024-01-31,3.3377,,250,0
4159,stock,000858,dividend_yield,2024-02-01,3.3319,,250,0
4160,stock,000858,dividend_yield,2024-02-02,3.4124,,250,0
4161,stock,000858,dividend_yield,2024-02-05,3.3298,,250,0
4162,stock,000858,dividend_yield,2024-02-06,3.1517,,250,0
4163,stock,000858,dividend_yield,2024-02-07,3.1287,,250,0
4164,stock,000858,dividend_yield,2024-02-08,3.136,,250,0
4165,stock,000858,dividend_yield,2024-02-19,3.0708,,250,0
4166,stock,000858,dividend_yield,2024-02-20,3.1156,,250,0
4167,stock,000858,dividend_yield,2024-02-21,2.954,,250,0
4168,stock,000858,dividend_yield,2024-02-22,2.9522,,250,0
4169,stock,000858,dividend_yield,2024-02-23,2.9382,,250,0
4170,stock,000858,dividend_yield,2024-02-26,2.9834,,250,0
4171,stock,000858,dividend_yield,2024-02-27,2.9834,,250,0
4172,stock,000858,dividend_yield,2024-02-28,2.9888,,250,0
4173,stock,000858,dividend_yield,2024-02-29,2.9259,,250,0
4174,stock,000858,dividend_yield,2024-03-01,2.9182,,250,0
4175,stock,000858,dividend_yield,2024-03-04,2.97,,250,0
4176,stock,000858,dividend_yield,2024-03-05,2.9409,,250,0
4177,stock,000858,dividend_yield,2024-03-06,2.9999,,250,0
4178,stock,000858,dividend_yield,2024-03-07,3.0193,,250,0
4179,stock,000858,dividend_yield,2024-03-08,3.0152,,250,0
4180,stock,000858,dividend_yield,2024-03-11,2.9508,,250,0
4181,stock,000858,dividend_yield,2024-03-12,2.7949,,250,0
4182,stock,000858,dividend_yield,2024-03-13,2.8063,,250,0
4183,stock,000858,dividend_yield,2024-03-14,2.7693,,250,0
4184,stock,000858,dividend_yield,2024-03-15,2.7111,,250,0
4185,stock,000858,dividend_yield,2024-03-18,2.6916,,250,0
4186,stock,000858,dividend_yield,2024-03-19,2.6195,,250,0
4187,stock,000858,dividend_yield,2024-03-20,2.6271,,250,0
4188,stock,000858,dividend_yield,2024-03-21,2.6333,,250,0
4189,stock,000858,dividend_yield,2024-03-22,2.693,,250,0
4190,stock,000858,dividend_yield,2024-03-25,2.7262,,250,0
4191,stock,000858,dividend_yield,2024-03-26,2.6591,,250,0
4192,stock,000858,dividend_yield,2024-03-27,2.7078,,250,0
4193,stock,000858,dividend_yield,2024-03-28,2.6993,,250,0
4194,stock,000858,dividend_yield,2024-03-29,2.6914,,250,0
4195,stock,000858,dividend_yield,2024-04-01,2.6211,,250,0
4196,stock,000858,dividend_yield,2024-04-02,2.6538,,250,0
4197,stock,000858,dividend_yield,2024-04-03,2.6707,,250,0
4198,stock,000858,dividend_yield,2024-04-08,2.8161,,250,0
4199,stock,000858,dividend_yield,2024-04-09,2.8332,,250,0
4200,stock,000858,dividend_yield,2024-04-10,2.9063,,250,0
4201,stock,000858,dividend_yield,2024-04-11,2.9239,,250,0
4202,stock,000858,dividend_yield,2024-04-12,2.9663,,250,0
4203,stock,000858,dividend_yield,2024-04-15,2.8155,,250,0
4204,stock,000858,dividend_yield,2024-04-16,2.8656,,250,0
4205,stock,000858,dividend_yield,2024-04-17,2.8584,,250,0
4206,stock,000858,dividend_yield,2024-04-18,2.8654,,250,0
4207,stock,000858,dividend_yield,2024-04-19,2.9112,,250,0
4208,stock,000858,dividend_yield,2024-04-22,2.8745,,250,0
4209,stock,000858,dividend_yield,2024-04-23,2.8215,,250,0
4210,stock,000858,dividend_yield,2024-04-24,2.7811,,250,0
4211,stock,000858,dividend_yield,2024-04-25,2.7811,,250,0
4212,stock,000858,dividend_yield,2024-04-26,2.7158,,250,0
4213,stock,000858,dividend_yield,2024-04-29,2.7256,,250,0
4214,stock,000858,dividend_yield,2024-04-30,2.7517,,250,0
4215,stock,000858,dividend_yield,2024-05-06,2.663,,250,0
4216,stock,000858,dividend_yield,2024-05-07,2.6457,,250,0
4217,stock,000858,dividend_yield,2024-05-08,2.6632,,250,0
4218,stock,000858,dividend_yield,2024-05-09,2.6662,,250,0
4219,stock,000858,dividend_yield,2024-05-10,2.6739,,250,0
4220,stock,000858,dividend_yield,2024-05-13,2.7384,,250,0
4221,stock,000858,dividend_yield,2024-05-14,2.7336,,250,0
4222,stock,000858,dividend_yield,2024-05-15,2.7331,,250,0
4223,stock,000858,dividend_yield,2024-05-16,2.6811,,250,0
4224,stock,000858,dividend_yield,2024-05-17,2.637,,250,0
4225,stock,000858,dividend_yield,2024-05-20,2.6207,,250,0
4226,stock,000858,dividend_yield,2024-05-21,2.6346,,250,0
4227,stock,000858,dividend_yield,2024-05-22,2.6609,,250,0
4228,stock,000858,dividend_yield,2024-05-23,2.6897,,250,0
4229,stock,000858,dividend_yield,2024-05-24,2.7374,,250,0
4230,stock,000858,dividend_yield,2024-05-27,2.7289,,250,0
4231,stock,000858,dividend_yield,2024-05-28,2.7598,,250,0
4232,stock,000858,dividend_yield,2024-05-29,2.7764,,250,0
4233,stock,000858,dividend_yield,2024-05-30,2.8378,,250,0
4234,stock,000858,dividend_yield,2024-05-31,2.8285,,250,0
4235,stock,000858,dividend_yield,2024-06-03,2.8438,,250,0
4236,stock,000858,dividend_yield,2024-06-04,2.8058,,250,0
4237,stock,000858,dividend_yield,2024-06-05,2.8485,,250,0
4238,stock,000858,dividend_yield,2024-06-06,2.8671,,250,0
4239,stock,000858,dividend_yield,2024-06-07,2.9239,,250,0
4240,stock,000858,dividend_yield,2024-06-11,3.0138,,250,0
4241,stock,000858,dividend_yield,2024-06-12,3.0278,,250,0
4242,stock,000858,dividend_yield,2024-06-13,3.111,,250,0
4243,stock,000858,dividend_yield,2024-06-14,3.0826,,250,0
4244,stock,000858,dividend_yield,2024-06-17,3.0813,,250,0
4245,stock,000858,dividend_yield,2024-06-18,3.1282,,250,0
4246,stock,000858,dividend_yield,2024-06-19,3.1197,,250,0
4247,stock,000858,dividend_yield,2024-06-20,3.1726,,250,0
4248,stock,000858,dividend_yield,2024-06-21,3.2267,,250,0
4249,stock,000858,dividend_yield,2024-06-24,3.204,,250,0
4250,stock,000858,dividend_yield,2024-06-25,3.191,,250,0
4251,stock,000858,dividend_yield,2024-06-26,3.1967,,250,0
4252,stock,000858,dividend_yield,2024-07-12,3.9217,,250,0
4253,stock,000858,dividend_yield,2024-07-15,3.9184,,250,0
4254,stock,000858,dividend_yield,2024-07-16,3.9191,,250,0
4255,stock,000858,dividend_yield,2024-07-17,3.8141,,250,0
4256,stock,000858,dividend_yield,2024-07-18,3.8036,,250,0
4257,stock,000858,dividend_yield,2024-07-19,3.733,,250,0
4258,stock,000858,dividend_yield,2024-07-22,3.7998,,250,0
4259,stock,000858,dividend_yield,2024-07-23,3.9416,,250,0
4260,stock,000858,dividend_yield,2024-07-24,3.9664,,250,0
4261,stock,000858,dividend_yield,2024-07-25,3.9758,,250,0
4262,stock,000858,dividend_yield,2024-07-26,3.9617,,250,0
4263,stock,000858,dividend_yield,2024-07-29,4.0335,,250,0
4264,stock,000858,dividend_yield,2024-07-30,4.0619,,250,0
4265,stock,000858,dividend_yield,2024-07-31,3.9396,,250,0
4266,stock,000858,dividend_yield,2024-08-01,4.037,,250,0
4267,stock,000858,dividend_yield,2024-08-02,4.0475,,250,0
4268,stock,000858,dividend_yield,2024-08-05,3.9684,,250,0
4269,stock,000858,dividend_yield,2024-08-06,3.9718,,250,0
4270,stock,000858,dividend_yield,2024-08-07,3.935,,250,0
4271,stock,000858,dividend_yield,2024-08-08,3.8907,,250,0
4272,stock,000858,dividend_yield,2024-08-09,3.8995,,250,0
4273,stock,000858,dividend_yield,2024-08-12,3.9116,,250,0
4274,stock,000858,dividend_yield,2024-08-13,3.9819,,250,0
4275,stock,000858,dividend_yield,2024-08-14,4.0255,,250,0
4276,stock,000858,dividend_yield,2024-08-15,4.0041,,250,0
4277,stock,000858,dividend_yield,2024-08-16,4.0021,,250,0
4278,stock,000858,dividend_yield,2024-08-19,4.0387,,250,0
4279,stock,000858,dividend_yield,2024-08-20,4.0669,,250,0
4280,stock,000858,dividend_yield,2024-08-21,4.1008,,250,0
4281,stock,000858,dividend_yield,2024-08-22,4.1448,,250,0
4282,stock,000858,dividend_yield,2024-08-23,4.1404,,250,0
4283,stock,000858,dividend_yield,2024-08-26,4.2532,,250,0
4284,stock,000858,dividend_yield,2024-08-27,4.2695,,250,0
4285,stock,000858,dividend_yield,2024-08-28,4.419,,250,0
4286,stock,000858,dividend_yield,2024-08-29,4.2278,,250,0
4287,stock,000858,dividend_yield,2024-08-30,4.0711,,250,0
4288,stock,000858,dividend_yield,2024-09-02,4.2194,,250,0
4289,stock,000858,dividend_yield,2024-09-03,4.1696,,250,0
4290,stock,000858,dividend_yield,2024-09-04,4.2152,,250,0
4291,stock,000858,dividend_yield,2024-09-05,4.1985,,250,0
4292,stock,000858,dividend_yield,2024-09-06,4.2762,,250,0
4293,stock,000858,dividend_yield,2024-09-09,4.3281,,250,0
4294,stock,000858,dividend_yield,2024-09-10,4.3197,,250,0
4295,stock,000858,dividend_yield,2024-09-11,4.3365,,250,0
4296,stock,000858,dividend_yield,2024-09-12,4.4459,,250,0
4297,stock,000858,dividend_yield,2024-09-13,4.6293,,250,0
4298,stock,000858,dividend_yield,2024-09-18,4.6996,,250,0
4299,stock,000858,dividend_yield,2024-09-19,4.5525,,250,0
4300,stock,000858,dividend_yield,2024-09-20,4.5802,,250,0
4301,stock,000858,dividend_yield,2024-09-23,4.4917,,250,0
4302,stock,000858,dividend_yield,2024-09-24,4.1682,,250,0
4303,stock,000858,dividend_yield,2024-09-25,4.1044,,250,0
4304,stock,000858,dividend_yield,2024-09-26,3.7066,,250,0
4305,stock,000858,dividend_yield,2024-09-27,3.3496,,250,0
4306,stock,000858,dividend_yield,2024-09-30,3.0287,,250,0
4307,stock,000858,dividend_yield,2024-10-08,2.9988,,250,0
4308,stock,000858,dividend_yield,2024-10-09,3.351,,250,0
4309,stock,000858,dividend_yield,2024-10-10,3.2507,,250,0
4310,stock,000858,dividend_yield,2024-10-11,3.3043,,250,0
4311,stock,000858,dividend_yield,2024-10-14,3.3018,,250,0
4312,stock,000858,dividend_yield,2024-10-15,3.4419,,250,0
4313,stock,000858,dividend_yield,2024-10-16,3.5026,,250,0
4314,stock,000858,dividend_yield,2024-10-17,3.6026,,250,0
4315,stock,000858,dividend_yield,2024-10-18,3.4675,,250,0
4316,stock,000858,dividend_yield,2024-10-21,3.4672,,250,0
4317,stock,000858,dividend_yield,2024-10-22,3.4058,,250,0
4318,stock,000858,dividend_yield,2024-10-23,3.3307,,250,0
4319,stock,000858,dividend_yield,2024-10-24,3.3806,,250,0
4320,stock,000858,dividend_yield,2024-10-25,3.3407,,250,0
4321,stock,000858,dividend_yield,2024-10-28,3.2063,,250,0
4322,stock,000858,dividend_yield,2024-10-29,3.2777,,250,0
4323,stock,000858,dividend_yield,2024-10-30,3.3243,,250,0
4324,stock,000858,dividend_yield,2024-10-31,3.3716,,250,0
4325,stock,000858,dividend_yield,2024-11-01,3.3453,,250,0
4326,stock,000858,dividend_yield,2024-11-04,3.3291,,250,0
4327,stock,000858,dividend_yield,2024-11-05,3.2323,,250,0
4328,stock,000858,dividend_yield,2024-11-06,3.2673,,250,0
4329,stock,000858,dividend_yield,2024-11-07,3.034,,250,0
4330,stock,000858,dividend_yield,2024-11-08,3.1522,,250,0
4331,stock,000858,dividend_yield,2024-11-11,3.1877,,250,0
4332,stock,000858,dividend_yield,2024-11-12,3.1991,,250,0
4333,stock,000858,dividend_yield,2024-11-13,3.207,,250,0
4334,stock,000858,dividend_yield,2024-11-14,3.2169,,250,0
4335,stock,000858,dividend_yield,2024-11-15,3.2664,,250,0
4336,stock,000858,dividend_yield,2024-11-18,3.3118,,250,0
4337,stock,000858,dividend_yield,2024-11-19,3.3326,,250,0
4338,stock,000858,dividend_yield,2024-11-20,3.3055,,250,0
4339,stock,000858,dividend_yield,2024-11-21,3.3078,,250,0
4340,stock,000858,dividend_yield,2024-11-22,3.4195,,250,0
4341,stock,000858,dividend_yield,2024-11-25,3.447,,250,0
4342,stock,000858,dividend_yield,2024-11-26,3.4217,,250,0
4343,stock,000858,dividend_yield,2024-11-27,3.3663,,250,0
4344,stock,000858,dividend_yield,2024-11-28,3.4419,,250,0
4345,stock,000858,dividend_yield,2024-11-29,3.3731,,250,0
4346,stock,000858,dividend_yield,2024-12-02,3.3578,,250,0
4347,stock,000858,dividend_yield,2024-12-03,3.3677,,250,0
4348,stock,000858,dividend_yield,2024-12-04,3.3986,,250,0
4349,stock,000858,dividend_yield,2024-12-05,3.416,,250,0
4350,stock,000858,dividend_yield,2024-12-06,3.3811,,250,0
4351,stock,000858,dividend_yield,2024-12-09,3.3978,,250,0
4352,stock,000858,dividend_yield,2024-12-10,3.3172,,250,0
4353,stock,000858,dividend_yield,2024-12-11,3.3102,,250,0
4354,stock,000858,dividend_yield,2024-12-12,3.2544,,250,0
4355,stock,000858,dividend_yield,2024-12-13,3.3424,,250,0
4356,stock,000858,dividend_yield,2024-12-16,3.427,,250,0
4357,stock,000858,dividend_yield,2024-12-17,3.4195,,250,0
4358,stock,000858,dividend_yield,2024-12-18,3.4117,,250,0
4359,stock,000858,dividend_yield,2024-12-19,3.4534,,250,0
4360,stock,000858,dividend_yield,2024-12-20,3.4621,,250,0
4361,stock,000858,dividend_yield,2024-12-23,3.4817,,250,0
4362,stock,000858,dividend_yield,2024-12-24,3.4552,,250,0
4363,stock,000858,dividend_yield,2024-12-25,3.4654,,250,0
4364,stock,000858,dividend_yield,2024-12-26,3.4807,,250,0
4365,stock,000858,dividend_yield,2024-12-27,3.4799,,250,0
4366,stock,000858,dividend_yield,2024-12-30,3.5142,,250,0
4367,stock,000858,dividend_yield,2024-12-31,3.5454,,250,0
4368,stock,000858,dividend_yield,2025-01-02,3.6294,,250,0
4369,stock,000858,dividend_yield,2025-01-03,3.6749,,250,0
4370,stock,000858,dividend_yield,2025-01-06,3.8119,,250,0
4371,stock,000858,dividend_yield,2025-01-07,3.8113,,250,0
4372,stock,000858,dividend_yield,2025-01-08,3.8474,,250,0
4373,stock,000858,dividend_yield,2025-01-09,3.8197,,250,0
4374,stock,000858,dividend_yield,2025-01-10,3.8826,,250,0
4375,stock,000858,dividend_yield,2025-01-13,3.8633,,250,0
4376,stock,000858,dividend_yield,2025-01-14,3.745,,250,0
4377,stock,000858,dividend_yield,2025-01-15,3.7525,,250,0
4378,stock,000858,dividend_yield,2025-01-16,3.7918,,250,0
4379,stock,000858,dividend_yield,2025-01-17,3.7667,,250,0
4380,stock,000858,dividend_yield,2025-01-20,3.7069,,250,0
4381,stock,000858,dividend_yield,2025-01-21,3.7339,,250,0
4382,stock,000858,dividend_yield,2025-01-22,3.8269,,250,0
4383,stock,000858,dividend_yield,2025-01-23,5.8959,,250,0
4384,stock,000858,dividend_yield,2025-01-24,5.9408,,250,0
4385,stock,000858,dividend_yield,2025-01-27,5.9662,,250,0
4386,stock,000858,dividend_yield,2025-02-05,6.0758,,250,0
4387,stock,000858,dividend_yield,2025-02-06,6.0308,,250,0
4388,stock,000858,dividend_yield,2025-02-07,5.9452,,250,0
4389,stock,000858,dividend_yield,2025-02-10,5.9501,,250,0
4390,stock,000858,dividend_yield,2025-02-11,6.0128,,250,0
4391,stock,000858,dividend_yield,2025-02-12,5.9418,,250,0
4392,stock,000858,dividend_yield,2025-02-13,5.7618,,250,0
4393,stock,000858,dividend_yield,2025-02-14,5.7746,,250,0
4394,stock,000858,dividend_yield,2025-02-17,5.7599,,250,0
4395,stock,000858,dividend_yield,2025-02-18,5.8224,,250,0
4396,stock,000858,dividend_yield,2025-02-19,5.7802,,250,0
4397,stock,000858,dividend_yield,2025-02-20,5.8084,,250,0
4398,stock,000858,dividend_yield,2025-02-21,5.7797,,250,0
4399,stock,000858,dividend_yield,2025-02-24,5.744,,250,0
4400,stock,000858,dividend_yield,2025-02-25,5.8911,,250,0
4401,stock,000858,dividend_yield,2025-02-26,5.8412,,250,0
4402,stock,000858,dividend_yield,2025-02-27,5.7055,,250,0
4403,stock,000858,dividend_yield,2025-02-28,5.7586,,250,0
4404,stock,000858,dividend_yield,2025-03-03,5.7926,,250,0
4405,stock,000858,dividend_yield,2025-03-04,5.8435,,250,0
4406,stock,000858,dividend_yield,2025-03-05,5.8978,,250,0
4407,stock,000858,dividend_yield,2025-03-06,5.754,,250,0
4408,stock,000858,dividend_yield,2025-03-07,5.6149,,250,0
4409,stock,000858,dividend_yield,2025-03-10,5.7082,,250,0
4410,stock,000858,dividend_yield,2025-03-11,5.5975,,250,0
4411,stock,000858,dividend_yield,2025-03-12,5.6956,,250,0
4412,stock,000858,dividend_yield,2025-03-13,5.7217,,250,0
4413,stock,000858,dividend_yield,2025-03-14,5.3654,,250,0
4414,stock,000858,dividend_yield,2025-03-17,5.4038,,250,0
4415,stock,000858,dividend_yield,2025-03-18,5.4155,,250,0
4416,stock,000858,dividend_yield,2025-03-19,5.4412,,250,0
4417,stock,000858,dividend_yield,2025-03-20,5.5636,,250,0
4418,stock,000858,dividend_yield,2025-03-21,5.6236,,250,0
4419,stock,000858,dividend_yield,2025-03-24,5.6363,,250,0
4420,stock,000858,dividend_yield,2025-03-25,5.6694,,250,0
4421,stock,000858,dividend_yield,2025-03-26,5.6787,,250,0
4422,stock,000858,dividend_yield,2025-03-27,5.6543,,250,0
4423,stock,000858,dividend_yield,2025-03-28,5.684,,250,0
4424,stock,000858,dividend_yield,2025-03-31,5.7691,,250,0
4425,stock,000858,dividend_yield,2025-04-01,5.749,,250,0
4426,stock,000858,dividend_yield,2025-04-02,5.7783,,250,0
4427,stock,000858,dividend_yield,2025-04-03,5.7394,,250,0
4428,stock,000858,dividend_yield,2025-04-07,5.9869,,250,0
4429,stock,000858,dividend_yield,2025-04-08,5.7963,,250,0
4430,stock,000858,dividend_yield,2025-04-09,5.7281,,250,0
4431,stock,000858,dividend_yield,2025-04-10,5.6876,,250,0
4432,stock,000858,dividend_yield,2025-04-11,5.7576,,250,0
4433,stock,000858,dividend_yield,2025-04-14,5.7834,,250,0
4434,stock,000858,dividend_yield,2025-04-15,5.7691,,250,0
4435,stock,000858,dividend_yield,2025-04-16,5.7258,,250,0
4436,stock,000858,dividend_yield,2025-04-17,5.7154,,250,0
4437,stock,000858,dividend_yield,2025-04-18,5.7508,,250,0
4438,stock,000858,dividend_yield,2025-04-21,5.8159,,250,0
4439,stock,000858,dividend_yield,2025-04-22,5.8271,,250,0
4440,stock,000858,dividend_yield,2025-04-23,5.8332,,250,0
4441,stock,000858,dividend_yield,2025-04-24,5.8762,,250,0
4442,stock,000858,dividend_yield,2025-04-25,5.8767,,250,0
4443,stock,000858,dividend_yield,2025-04-28,5.7922,,250,0
4444,stock,000858,dividend_yield,2025-04-29,5.853,,250,0
4445,stock,000858,dividend_yield,2025-04-30,5.8935,,250,0
4446,stock,000858,dividend_yield,2025-05-06,5.8558,,250,0
4447,stock,000858,dividend_yield,2025-05-07,5.8323,,250,0
4448,stock,000858,dividend_yield,2025-05-08,5.7485,,250,0
4449,stock,000858,dividend_yield,2025-05-09,5.7586,,250,0
4450,stock,000858,dividend_yield,2025-05-12,5.6956,,250,0
4451,stock,000858,dividend_yield,2025-05-13,5.6948,,250,0
4452,stock,000858,dividend_yield,2025-05-14,5.5949,,250,0
4453,stock,000858,dividend_yield,2025-05-15,5.6645,,250,0
4454,stock,000858,dividend_yield,2025-05-16,5.7815,,250,0
4455,stock,000858,dividend_yield,2025-05-19,5.8648,,250,0
4456,stock,000858,dividend_yield,2025-05-20,5.8729,,250,0
4457,stock,000858,dividend_yield,2025-05-21,5.8667,,250,0
4458,stock,000858,dividend_yield,2025-05-22,5.8748,,250,0
4459,stock,000858,dividend_yield,2025-05-23,5.9199,,250,0
4460,stock,000858,dividend_yield,2025-05-26,6.0053,,250,0
4461,stock,000858,dividend_yield,2025-05-27,6.0178,,250,0
4462,stock,000858,dividend_yield,2025-05-28,5.98,,250,0
4463,stock,000858,dividend_yield,2025-05-29,5.9604,,250,0
4464,stock,000858,dividend_yield,2025-05-30,6.0038,,250,0
4465,stock,000858,dividend_yield,2025-06-03,6.0927,,250,0
4466,stock,000858,dividend_yield,2025-06-04,6.0993,,250,0
4467,stock,000858,dividend_yield,2025-06-05,6.0748,,250,0
4468,stock,000858,dividend_yield,2025-06-06,6.0717,,250,0
4469,stock,000858,dividend_yield,2025-06-09,6.0783,,250,0
4470,stock,000858,dividend_yield,2025-06-10,6.1076,,250,0
4471,stock,000858,dividend_yield,2025-06-11,6.0916,,250,0
4472,stock,000858,dividend_yield,2025-06-12,6.2064,,250,0
4473,stock,000858,dividend_yield,2025-06-13,6.3915,,250,0
4474,stock,000858,dividend_yield,2025-06-16,6.4397,,250,0
4475,stock,000858,dividend_yield,2025-06-17,6.472,,250,0
4476,stock,000858,dividend_yield,2025-06-18,6.4363,,250,0
4477,stock,000858,dividend_yield,2025-06-19,6.4969,,250,0
4478,stock,000858,dividend_yield,2025-06-20,6.3668,,250,0
4479,stock,000858,dividend_yield,2025-06-23,6.4392,,250,0
4480,stock,000858,dividend_yield,2025-06-24,6.3561,,250,0
4481,stock,000858,dividend_yield,2025-06-25,6.3323,,250,0
4482,stock,000858,dividend_yield,2025-06-26,6.3573,,250,0
4483,stock,000858,dividend_yield,2025-06-27,6.3881,,250,0
4484,stock,000858,dividend_yield,2025-06-30,6.4039,,250,0
4485,stock,000858,dividend_yield,2025-07-01,6.4192,,250,0
4486,stock,000858,dividend_yield,2025-07-02,6.3881,,250,0
4487,stock,000858,dividend_yield,2025-07-03,6.3634,,250,0
4488,stock,000858,dividend_yield,2025-07-04,6.3207,,250,0
4489,stock,000858,dividend_yield,2025-07-07,6.3472,,250,0
4490,stock,000858,dividend_yield,2025-07-08,6.2992,,250,0
4491,stock,000858,dividend_yield,2025-07-09,6.2546,,250,0
4492,stock,000858,dividend_yield,2025-07-10,6.2022,,250,0
4493,stock,000858,dividend_yield,2025-07-11,6.1122,,250,0
4494,stock,000858,dividend_yield,2025-07-14,2.1528,,250,0
4495,stock,000858,dividend_yield,2025-07-15,2.1602,,250,0
4496,stock,000858,dividend_yield,2025-07-16,2.1551,,250,0
4497,stock,000858,dividend_yield,2025-07-17,2.1454,,250,0
4498,stock,000858,dividend_yield,2025-07-18,4.7401,,250,0
4499,stock,000858,dividend_yield,2025-07-21,4.7883,,250,0
4500,stock,000858,dividend_yield,2025-07-22,4.6726,,250,0
4501,stock,000858,dividend_yield,2025-07-23,4.6852,,250,0
4502,stock,000858,dividend_yield,2025-07-24,4.6719,,250,0
4503,stock,000858,dividend_yield,2025-07-25,4.7495,,250,0
4504,stock,000858,dividend_yield,2025-07-28,4.7292,,250,0
4505,stock,000858,dividend_yield,2025-07-29,4.7503,,250,0
4506,stock,000858,dividend_yield,2025-07-30,4.7113,,250,0
4507,stock,000858,dividend_yield,2025-07-31,4.8452,,250,0
4508,stock,000858,dividend_yield,2025-08-01,4.8514,,250,0
4509,stock,000858,dividend_yield,2025-08-04,4.8547,,250,0
4510,stock,000858,dividend_yield,2025-08-05,4.8128,,250,0
4511,stock,000858,dividend_yield,2025-08-06,4.8043,,250,0
4512,stock,000858,dividend_yield,2025-08-07,4.7887,,250,0
4513,stock,000858,dividend_yield,2025-08-08,4.8019,,250,0
4514,stock,000858,dividend_yield,2025-08-11,4.7338,,250,0
4515,stock,000858,dividend_yield,2025-08-12,4.7633,,250,0
4516,stock,000858,dividend_yield,2025-08-13,4.7633,,250,0
4517,stock,000858,dividend_yield,2025-08-14,4.7771,,250,0
4518,stock,000858,dividend_yield,2025-08-15,4.7668,,250,0
4519,stock,000858,dividend_yield,2025-08-18,4.7413,,250,0
4520,stock,000858,dividend_yield,2025-08-19,4.7156,,250,0
4521,stock,000858,dividend_yield,2025-08-20,4.6631,,250,0
4522,stock,000858,dividend_yield,2025-08-21,4.6757,,250,0
4523,stock,000858,dividend_yield,2025-08-22,4.6628,,250,0
4524,stock,000858,dividend_yield,2025-08-25,4.5112,,250,0
4525,stock,000858,dividend_yield,2025-08-26,4.5179,,250,0
4526,stock,000858,dividend_yield,2025-08-27,4.6316,,250,0
4527,stock,000858,dividend_yield,2025-08-28,4.6749,,250,0
4528,stock,000858,dividend_yield,2025-08-29,4.5254,,250,0
4529,stock,000858,dividend_yield,2025-09-01,4.5491,,250,0
4530,stock,000858,dividend_yield,2025-09-02,4.5602,,250,0
4531,stock,000858,dividend_yield,2025-09-03,4.6316,,250,0
4532,stock,000858,dividend_yield,2025-09-04,4.6734,,250,0
4533,stock,000858,dividend_yield,2025-09-05,4.6245,,250,0
4534,stock,000858,dividend_yield,2025-09-08,4.5411,,250,0
4535,stock,000858,dividend_yield,2025-09-09,4.5516,,250,0
4536,stock,000858,dividend_yield,2025-09-10,4.5784,,250,0
4537,stock,000858,dividend_yield,2025-09-11,4.5617,,250,0
4538,stock,000858,dividend_yield,2025-09-12,4.6104,,250,0
4539,stock,000858,dividend_yield,2025-09-15,4.6305,,250,0
4540,stock,000858,dividend_yield,2025-09-16,4.6624,,250,0
4541,stock,000858,dividend_yield,2025-09-17,4.6563,,250,0
4542,stock,000858,dividend_yield,2025-09-18,4.7338,,250,0
4543,stock,000858,dividend_yield,2025-09-19,4.7284,,250,0
4544,stock,000858,dividend_yield,2025-09-22,4.7907,,250,0
4545,stock,000858,dividend_yield,2025-09-23,4.8031,,250,0
4546,stock,000858,dividend_yield,2025-09-24,4.7959,,250,0
4547,stock,000858,dividend_yield,2025-09-25,4.8302,,250,0
4548,stock,000858,dividend_yield,2025-09-26,4.8856,,250,0
4549,stock,000858,dividend_yield,2025-09-29,4.814,,250,0
4550,stock,000858,dividend_yield,2025-09-30,4.8318,,250,0
4551,stock,000858,dividend_yield,2025-10-09,4.8448,,250,0
4552,stock,000858,dividend_yield,2025-10-10,4.8625,,250,0
4553,stock,000858,dividend_yield,2025-10-13,4.899,,250,0
4554,stock,000858,dividend_yield,2025-10-14,4.8079,,250,0
4555,stock,000858,dividend_yield,2025-10-15,4.8079,,250,0
4556,stock,000858,dividend_yield,2025-10-16,4.7811,,250,0
4557,stock,000858,dividend_yield,2025-10-17,4.8485,,250,0
4558,stock,000858,dividend_yield,2025-10-20,4.8736,,250,0
4559,stock,000858,dividend_yield,2025-10-21,4.8711,,250,0
4560,stock,000858,dividend_yield,2025-10-22,4.8885,,250,0
4561,stock,000858,dividend_yield,2025-10-23,4.8379,,250,0
4562,stock,000858,dividend_yield,2025-10-24,4.8806,,250,0
4563,stock,000858,dividend_yield,2025-10-27,4.8806,,250,0
4564,stock,000858,dividend_yield,2025-10-28,4.8885,,250,0
4565,stock,000858,dividend_yield,2025-10-29,4.9419,,250,0
4566,stock,000858,dividend_yield,2025-10-30,4.9573,,250,0
4567,stock,000858,dividend_yield,2025-10-31,4.9351,,250,0
4568,stock,000858,dividend_yield,2025-11-03,4.9356,,250,0
4569,stock,000858,dividend_yield,2025-11-04,5.014,,250,0
4570,stock,000858,dividend_yield,2025-11-05,5.0572,,250,0
4571,stock,000858,dividend_yield,2025-11-06,5.0577,,250,0
4572,stock,000858,dividend_yield,2025-11-07,5.032,,250,0
4573,stock,000858,dividend_yield,2025-11-10,4.8596,,250,0
4574,stock,000858,dividend_yield,2025-11-11,4.8604,,250,0
4575,stock,000858,dividend_yield,2025-11-12,4.8769,,250,0
4576,stock,000858,dividend_yield,2025-11-13,4.8432,,250,0
4577,stock,000858,dividend_yield,2025-11-14,4.884,,250,0
4578,stock,000858,dividend_yield,2025-11-17,4.8865,,250,0
4579,stock,000858,dividend_yield,2025-11-18,4.8777,,250,0
4580,stock,000858,dividend_yield,2025-11-19,4.8973,,250,0
4581,stock,000858,dividend_yield,2025-11-20,4.8823,,250,0
4582,stock,000858,dividend_yield,2025-11-21,4.9061,,250,0
4583,stock,000858,dividend_yield,2025-11-24,4.9551,,250,0
4584,stock,000858,dividend_yield,2025-11-25,4.9556,,250,0
4585,stock,000858,dividend_yield,2025-11-26,4.9663,,250,0
4586,stock,000858,dividend_yield,2025-11-27,4.9801,,250,0
4587,stock,000858,dividend_yield,2025-11-28,4.984,,250,0
4588,stock,000858,dividend_yield,2025-12-01,4.9926,,250,0
4589,stock,000858,dividend_yield,2025-12-02,5.0399,,250,0
4590,stock,000858,dividend_yield,2025-12-03,5.0832,,250,0
4591,stock,000858,dividend_yield,2025-12-04,5.1354,,250,0
4592,stock,000858,dividend_yield,2025-12-05,5.1121,,250,0
4593,stock,000858,dividend_yield,2025-12-08,5.1902,,250,0
4594,stock,000858,dividend_yield,2025-12-09,5.3047,,250,0
4595,stock,000858,dividend_yield,2025-12-10,5.2687,,250,0
4596,stock,000858,dividend_yield,2025-12-11,5.2552,,250,0
4597,stock,000858,dividend_yield,2025-12-12,5.2697,,250,0
4598,stock,000858,dividend_yield,2025-12-15,5.2289,,250,0
4599,stock,000858,dividend_yield,2025-12-16,5.2029,,250,0
4600,stock,000858,dividend_yield,2025-12-17,5.1841,,250,0
4601,stock,000858,dividend_yield,2025-12-18,7.5369,,250,0
4602,stock,000858,dividend_yield,2025-12-19,7.5301,,250,0
4603,stock,000858,dividend_yield,2025-12-22,7.5437,,250,0
4604,stock,000858,dividend_yield,2025-12-23,7.5857,,250,0
4605,stock,000858,dividend_yield,2025-12-24,7.6162,,250,0
4606,stock,000858,dividend_yield,2025-12-25,7.5253,,250,0
4607,stock,000858,dividend_yield,2025-12-26,7.5815,,250,0
4608,stock,000858,dividend_yield,2025-12-29,7.7022,,250,0
4609,stock,000858,dividend_yield,2025-12-30,7.7524,,250,0
4610,stock,000858,dividend_yield,2025-12-31,10.2898,,250,0
4611,stock,000858,dividend_yield,2026-01-05,10.1029,,250,0
4612,stock,000858,dividend_yield,2026-01-06,10.0777,,250,0
4613,stock,000858,dividend_yield,2026-01-07,10.1386,,250,0
4614,stock,000858,dividend_yield,2026-01-08,10.1974,,250,0
4615,stock,000858,dividend_yield,2026-01-09,10.1745,,250,0
4616,stock,000858,dividend_yield,2026-01-12,10.0424,,250,0
4617,stock,000858,dividend_yield,2026-01-13,10.0935,,250,0
4618,stock,000858,dividend_yield,2026-01-14,10.184,,250,0
4619,stock,000858,dividend_yield,2026-01-15,10.2752,,250,0
4620,stock,000858,dividend_yield,2026-01-16,10.3661,,250,0
4621,stock,000858,dividend_yield,2026-01-19,10.4266,,250,0
4622,stock,000858,dividend_yield,2026-01-20,10.3908,,250,0
4623,stock,000858,dividend_yield,2026-01-21,10.5784,,250,0
4624,stock,000858,dividend_yield,2026-01-22,10.6082,,250,0
4625,stock,000858,dividend_yield,2026-01-23,10.5845,,250,0
4626,stock,000858,dividend_yield,2026-01-26,8.1346,,250,0
4627,stock,000858,dividend_yield,2026-01-27,8.2409,,250,0
4628,stock,000858,dividend_yield,2026-01-28,8.2671,,250,0
4629,stock,000858,dividend_yield,2026-01-29,7.5156,,250,0
4630,stock,000858,dividend_yield,2026-01-30,7.9286,,250,0
4631,stock,000858,dividend_yield,2026-02-02,7.7593,,250,0
4632,stock,000858,dividend_yield,2026-02-03,7.7601,,250,0
4633,stock,000858,dividend_yield,2026-02-04,7.6714,,250,0
4634,stock,000858,dividend_yield,2026-02-05,7.6453,,250,0
4635,stock,000858,dividend_yield,2026-02-06,7.7804,,250,0
4636,stock,000858,dividend_yield,2026-02-09,7.7543,,250,0
4637,stock,000858,dividend_yield,2026-02-10,7.8169,,250,0
4638,stock,000858,dividend_yield,2026-02-11,7.8508,,250,0
4639,stock,000858,dividend_yield,2026-02-12,7.9574,,250,0
4640,stock,000858,dividend_yield,2026-02-13,7.8493,,250,0
4641,stock,000858,dividend_yield,2026-02-24,7.9165,,250,0
4642,stock,000858,dividend_yield,2026-02-25,7.9158,,250,0
4643,stock,000858,dividend_yield,2026-02-26,8.0141,,250,0
4644,stock,000858,dividend_yield,2026-02-27,8.001,,250,0
4645,stock,000858,dividend_yield,2026-03-02,8.0653,,250,0
4646,stock,000858,dividend_yield,2026-03-03,8.118,,250,0
4647,stock,000858,dividend_yield,2026-03-04,8.2409,,250,0
4648,stock,000858,dividend_yield,2026-03-05,8.206,,250,0
4649,stock,000858,dividend_yield,2026-03-06,8.1299,,250,0
4650,stock,000858,dividend_yield,2026-03-09,8.2004,,250,0
4651,stock,000858,dividend_yield,2026-03-10,8.1578,,250,0
4652,stock,000858,dividend_yield,2026-03-11,8.1474,,250,0
4653,stock,000858,dividend_yield,2026-03-12,8.1402,,250,0
4654,stock,000858,dividend_yield,2026-03-13,8.0864,,250,0
4655,stock,000858,dividend_yield,2026-03-16,7.9635,,250,0
4656,stock,000858,dividend_yield,2026-03-17,7.9445,,250,0
4657,stock,000858,dividend_yield,2026-03-18,8.0264,,250,0
4658,stock,000858,dividend_yield,2026-03-19,8.1196,,250,0
4659,stock,000858,dividend_yield,2026-03-20,8.1299,,250,0
4660,stock,000858,dividend_yield,2026-03-23,8.3059,,250,0
4661,stock,000858,dividend_yield,2026-03-24,8.2149,,250,0
4662,stock,000858,dividend_yield,2026-03-25,8.1259,,250,0
4663,stock,000858,dividend_yield,2026-03-26,8.2198,,250,0
4664,stock,000858,dividend_yield,2026-03-27,8.1101,,250,0
4665,stock,000858,dividend_yield,2026-03-30,8.0466,,250,0
4666,stock,000858,dividend_yield,2026-03-31,8.0614,,250,0
4667,stock,000858,dividend_yield,2026-04-01,7.9749,,250,0
4668,stock,000858,dividend_yield,2026-04-02,7.9286,,250,0
4669,stock,000858,dividend_yield,2026-04-03,8.0443,,250,0
4670,stock,000858,dividend_yield,2026-04-07,8.0739,,250,0
4671,stock,000858,dividend_yield,2026-04-08,7.9902,,250,0
4672,stock,000858,dividend_yield,2026-04-09,8.114,,250,0
4673,stock,000858,dividend_yield,2026-04-10,8.1562,,250,0
4674,stock,000858,dividend_yield,2026-04-13,8.1283,,250,0
4675,stock,000858,dividend_yield,2026-04-14,8.0747,,250,0
4676,stock,000858,dividend_yield,2026-04-15,8.0396,,250,0
4677,stock,000858,dividend_yield,2026-04-16,8.0481,,250,0
4678,stock,000858,dividend_yield,2026-04-17,8.173,,250,0
4679,stock,000858,dividend_yield,2026-04-20,8.2141,,250,0
4680,stock,000858,dividend_yield,2026-04-21,8.2279,,250,0
4681,stock,000858,dividend_yield,2026-04-22,8.2721,,250,0
4682,stock,000858,dividend_yield,2026-04-23,8.2279,,250,0
4683,stock,000858,dividend_yield,2026-04-24,8.2206,,250,0
4684,stock,000858,dividend_yield,2026-04-27,8.3084,,250,0
4685,stock,000858,dividend_yield,2026-04-28,8.3084,,250,0
4686,stock,000858,dividend_yield,2026-04-29,8.4655,,250,0
4687,stock,000858,dividend_yield,2026-04-30,8.5754,,250,0
4688,stock,000858,dividend_yield,2026-05-06,9.0234,,250,0
4689,stock,000858,dividend_yield,2026-05-07,8.9903,,250,0
4690,stock,000858,dividend_yield,2026-05-08,9.0361,,250,0
4691,stock,000858,dividend_yield,2026-05-11,9.0676,,250,0
4692,stock,000858,dividend_yield,2026-05-12,9.1928,,250,0
4693,stock,000858,dividend_yield,2026-05-13,9.3382,,250,0
4694,stock,000858,dividend_yield,2026-05-14,9.355,,250,0
4695,stock,000858,dividend_yield,2026-05-15,9.5833,,250,0
4696,stock,000858,dividend_yield,2026-05-18,9.7289,,250,0
4697,stock,000858,dividend_yield,2026-05-19,9.7051,,250,0
4698,stock,000858,dividend_yield,2026-05-20,9.7403,,250,0
4699,stock,000858,dividend_yield,2026-05-21,9.754,,250,0
4700,stock,000858,dividend_yield,2026-05-22,9.9072,,250,0
4701,stock,000858,dividend_yield,2026-05-25,9.8942,,250,0
4702,stock,000858,dividend_yield,2026-05-26,9.9868,,250,0
4703,stock,000858,dividend_yield,2026-05-27,9.9237,,250,0
4704,stock,000858,dividend_yield,2026-05-28,10.216,,250,0
4705,stock,000858,dividend_yield,2026-05-29,9.8068,,250,0
4706,stock,000858,dividend_yield,2026-06-01,9.9808,,250,0
4707,stock,000858,dividend_yield,2026-06-02,10.0653,,250,0
4708,stock,000858,dividend_yield,2026-06-03,10.1093,,250,0
4709,stock,000858,dividend_yield,2026-06-04,10.2651,,250,0
4710,stock,000858,dividend_yield,2026-06-05,10.2676,,250,0
4711,stock,000858,dividend_yield,2026-06-08,10.4115,,250,0
4712,stock,000858,dividend_yield,2026-06-09,10.5233,,250,0
4713,stock,000858,dividend_yield,2026-06-10,10.5193,,250,0
4714,stock,000858,dividend_yield,2026-06-11,10.4336,,250,0
4715,stock,000858,dividend_yield,2026-06-12,10.4167,,250,0
4716,stock,000858,dividend_yield,2026-06-15,10.4546,,250,0
4717,stock,000858,dividend_yield,2026-06-16,10.6281,,250,0
4718,stock,000858,dividend_yield,2026-06-17,10.7433,,250,0
4719,stock,000858,dividend_yield,2026-06-18,10.9756,,250,0
4720,stock,000858,dividend_yield,2026-06-22,10.8752,,250,0
4721,stock,000858,dividend_yield,2026-06-23,11.1356,,250,0
4722,stock,000858,dividend_yield,2026-06-24,11.3574,,250,0
4723,stock,000858,dividend_yield,2026-06-25,11.1,,250,0
4724,stock,000858,dividend_yield,2026-06-26,11.3776,,250,0
4725,stock,000858,dividend_yield,2026-06-29,11.25,,250,0
4726,stock,000858,dividend_yield,2026-06-30,11.25,,250,0
4727,stock,600036,dividend_yield,2021-05-31,2.4646,,250,0
4728,stock,600036,dividend_yield,2021-06-01,2.5073,,250,0
4729,stock,600036,dividend_yield,2021-06-02,2.4958,,250,0
4730,stock,600036,dividend_yield,2021-06-03,2.5652,,250,0
4731,stock,600036,dividend_yield,2021-06-04,2.4984,,250,0
4732,stock,600036,dividend_yield,2021-06-07,2.5263,,250,0
4733,stock,600036,dividend_yield,2021-06-08,2.5424,,250,0
4734,stock,600036,dividend_yield,2021-06-09,2.5548,,250,0
4735,stock,600036,dividend_yield,2021-06-10,2.5614,,250,0
4736,stock,600036,dividend_yield,2021-06-11,2.5625,,250,0
4737,stock,600036,dividend_yield,2021-06-15,2.649,,250,0
4738,stock,600036,dividend_yield,2021-06-16,2.603,,250,0
4739,stock,600036,dividend_yield,2021-06-17,2.6304,,250,0
4740,stock,600036,dividend_yield,2021-06-18,2.6555,,250,0
4741,stock,600036,dividend_yield,2021-06-21,2.7155,,250,0
4742,stock,600036,dividend_yield,2021-06-22,2.611,,250,0
4743,stock,600036,dividend_yield,2021-06-23,2.6478,,250,0
4744,stock,600036,dividend_yield,2021-06-24,2.6374,,250,0
4745,stock,600036,dividend_yield,2021-06-25,2.5586,,250,0
4746,stock,600036,dividend_yield,2021-06-28,2.6549,,250,0
4747,stock,600036,dividend_yield,2021-06-29,2.7088,,250,0
4748,stock,600036,dividend_yield,2021-06-30,2.6852,,250,0
4749,stock,600036,dividend_yield,2021-07-01,2.5806,,250,0
4750,stock,600036,dividend_yield,2021-07-02,2.7555,,250,0
4751,stock,600036,dividend_yield,2021-07-05,2.7624,,250,0
4752,stock,600036,dividend_yield,2021-07-06,2.7248,,250,0
4753,stock,600036,dividend_yield,2021-07-07,2.7316,,250,0
4754,stock,600036,dividend_yield,2021-07-08,2.9376,,250,0
4755,stock,600036,dividend_yield,2021-07-09,2.9703,,250,0
4756,stock,600036,dividend_yield,2021-07-13,3.0026,,250,0
4757,stock,600036,dividend_yield,2021-07-14,3.0779,,250,0
4758,stock,600036,dividend_yield,2021-07-15,2.9269,,250,0
4759,stock,600036,dividend_yield,2021-07-16,2.9303,,250,0
4760,stock,600036,dividend_yield,2021-07-19,2.942,,250,0
4761,stock,600036,dividend_yield,2021-07-20,3.007,,250,0
4762,stock,600036,dividend_yield,2021-07-21,3.0222,,250,0
4763,stock,600036,dividend_yield,2021-07-22,2.9826,,250,0
4764,stock,600036,dividend_yield,2021-07-23,2.9969,,250,0
4765,stock,600036,dividend_yield,2021-07-26,3.1754,,250,0
4766,stock,600036,dividend_yield,2021-07-27,3.3035,,250,0
4767,stock,600036,dividend_yield,2021-07-28,3.194,,250,0
4768,stock,600036,dividend_yield,2021-07-29,3.1554,,250,0
4769,stock,600036,dividend_yield,2021-07-30,3.275,,250,0
4770,stock,600036,dividend_yield,2021-08-02,3.1746,,250,0
4771,stock,600036,dividend_yield,2021-08-03,3.1842,,250,0
4772,stock,600036,dividend_yield,2021-08-04,3.2327,,250,0
4773,stock,600036,dividend_yield,2021-08-05,3.2537,,250,0
4774,stock,600036,dividend_yield,2021-08-06,3.1842,,250,0
4775,stock,600036,dividend_yield,2021-08-09,3.0696,,250,0
4776,stock,600036,dividend_yield,2021-08-10,2.9855,,250,0
4777,stock,600036,dividend_yield,2021-08-11,2.9372,,250,0
4778,stock,600036,dividend_yield,2021-08-12,2.9524,,250,0
4779,stock,600036,dividend_yield,2021-08-13,2.918,,250,0
4780,stock,600036,dividend_yield,2021-08-16,2.9392,,250,0
4781,stock,600036,dividend_yield,2021-08-17,3.028,,250,0
4782,stock,600036,dividend_yield,2021-08-18,2.7906,,250,0
4783,stock,600036,dividend_yield,2021-08-19,2.8911,,250,0
4784,stock,600036,dividend_yield,2021-08-20,2.9283,,250,0
4785,stock,600036,dividend_yield,2021-08-23,2.8706,,250,0
4786,stock,600036,dividend_yield,2021-08-24,2.8503,,250,0
4787,stock,600036,dividend_yield,2021-08-25,2.9011,,250,0
4788,stock,600036,dividend_yield,2021-08-26,3.0295,,250,0
4789,stock,600036,dividend_yield,2021-08-27,2.9755,,250,0
4790,stock,600036,dividend_yield,2021-08-30,3.1161,,250,0
4791,stock,600036,dividend_yield,2021-08-31,3.0771,,250,0
4792,stock,600036,dividend_yield,2021-09-01,2.9448,,250,0
4793,stock,600036,dividend_yield,2021-09-02,2.8898,,250,0
4794,stock,600036,dividend_yield,2021-09-03,2.8633,,250,0
4795,stock,600036,dividend_yield,2021-09-06,2.9167,,250,0
4796,stock,600036,dividend_yield,2021-09-07,2.8113,,250,0
4797,stock,600036,dividend_yield,2021-09-08,2.8368,,250,0
4798,stock,600036,dividend_yield,2021-09-09,2.8568,,250,0
4799,stock,600036,dividend_yield,2021-09-10,2.731,,250,0
4800,stock,600036,dividend_yield,2021-09-13,2.743,,250,0
4801,stock,600036,dividend_yield,2021-09-14,2.8568,,250,0
4802,stock,600036,dividend_yield,2021-09-15,2.9032,,250,0
4803,stock,600036,dividend_yield,2021-09-16,2.951,,250,0
4804,stock,600036,dividend_yield,2021-09-17,2.9133,,250,0
4805,stock,600036,dividend_yield,2021-09-22,3.0435,,250,0
4806,stock,600036,dividend_yield,2021-09-23,3.0862,,250,0
4807,stock,600036,dividend_yield,2021-09-24,3.0915,,250,0
4808,stock,600036,dividend_yield,2021-09-27,3.0673,,250,0
4809,stock,600036,dividend_yield,2021-09-28,2.9706,,250,0
4810,stock,600036,dividend_yield,2021-09-29,2.8924,,250,0
4811,stock,600036,dividend_yield,2021-09-30,2.9685,,250,0
4812,stock,600036,dividend_yield,2021-10-08,2.9351,,250,0
4813,stock,600036,dividend_yield,2021-10-11,2.7994,,250,0
4814,stock,600036,dividend_yield,2021-10-12,2.7938,,250,0
4815,stock,600036,dividend_yield,2021-10-13,2.7975,,250,0
4816,stock,600036,dividend_yield,2021-10-14,2.84,,250,0
4817,stock,600036,dividend_yield,2021-10-15,2.7801,,250,0
4818,stock,600036,dividend_yield,2021-10-18,2.8725,,250,0
4819,stock,600036,dividend_yield,2021-10-19,2.8069,,250,0
4820,stock,600036,dividend_yield,2021-10-20,2.8374,,250,0
4821,stock,600036,dividend_yield,2021-10-21,2.7532,,250,0
4822,stock,600036,dividend_yield,2021-10-22,2.721,,250,0
4823,stock,600036,dividend_yield,2021-10-25,2.7033,,250,0
4824,stock,600036,dividend_yield,2021-10-26,2.6626,,250,0
4825,stock,600036,dividend_yield,2021-10-27,2.7074,,250,0
4826,stock,600036,dividend_yield,2021-10-28,2.7251,,250,0
4827,stock,600036,dividend_yield,2021-10-29,2.74,,250,0
4828,stock,600036,dividend_yield,2021-11-01,2.731,,250,0
4829,stock,600036,dividend_yield,2021-11-02,2.8471,,250,0
4830,stock,600036,dividend_yield,2021-11-03,2.8831,,250,0
4831,stock,600036,dividend_yield,2021-11-04,2.8798,,250,0
4832,stock,600036,dividend_yield,2021-11-05,2.8924,,250,0
4833,stock,600036,dividend_yield,2021-11-08,2.9099,,250,0
4834,stock,600036,dividend_yield,2021-11-09,2.9262,,250,0
4835,stock,600036,dividend_yield,2021-11-10,2.9559,,250,0
4836,stock,600036,dividend_yield,2021-11-11,2.8107,,250,0
4837,stock,600036,dividend_yield,2021-11-12,2.8374,,250,0
4838,stock,600036,dividend_yield,2021-11-15,2.8038,,250,0
4839,stock,600036,dividend_yield,2021-11-16,2.831,,250,0
4840,stock,600036,dividend_yield,2021-11-17,2.8739,,250,0
4841,stock,600036,dividend_yield,2021-11-18,2.9025,,250,0
4842,stock,600036,dividend_yield,2021-11-19,2.8419,,250,0
4843,stock,600036,dividend_yield,2021-11-22,2.8838,,250,0
4844,stock,600036,dividend_yield,2021-11-23,2.8798,,250,0
4845,stock,600036,dividend_yield,2021-11-24,2.8805,,250,0
4846,stock,600036,dividend_yield,2021-11-25,2.9018,,250,0
4847,stock,600036,dividend_yield,2021-11-26,2.9933,,250,0
4848,stock,600036,dividend_yield,2021-11-29,3.0135,,250,0
4849,stock,600036,dividend_yield,2021-11-30,3.0376,,250,0
4850,stock,600036,dividend_yield,2021-12-01,3.0012,,250,0
4851,stock,600036,dividend_yield,2021-12-02,2.9379,,250,0
4852,stock,600036,dividend_yield,2021-12-03,2.9133,,250,0
4853,stock,600036,dividend_yield,2021-12-06,2.8752,,250,0
4854,stock,600036,dividend_yield,2021-12-07,2.8739,,250,0
4855,stock,600036,dividend_yield,2021-12-08,2.8607,,250,0
4856,stock,600036,dividend_yield,2021-12-09,2.7913,,250,0
4857,stock,600036,dividend_yield,2021-12-10,2.7691,,250,0
4858,stock,600036,dividend_yield,2021-12-13,2.8361,,250,0
4859,stock,600036,dividend_yield,2021-12-14,2.9201,,250,0
4860,stock,600036,dividend_yield,2021-12-15,2.9303,,250,0
4861,stock,600036,dividend_yield,2021-12-16,2.9167,,250,0
4862,stock,600036,dividend_yield,2021-12-17,2.9462,,250,0
4863,stock,600036,dividend_yield,2021-12-20,2.9517,,250,0
4864,stock,600036,dividend_yield,2021-12-21,2.9559,,250,0
4865,stock,600036,dividend_yield,2021-12-22,2.9998,,250,0
4866,stock,600036,dividend_yield,2021-12-23,2.9848,,250,0
4867,stock,600036,dividend_yield,2021-12-24,3.0106,,250,0
4868,stock,600036,dividend_yield,2021-12-27,3.0494,,250,0
4869,stock,600036,dividend_yield,2021-12-28,3.0273,,250,0
4870,stock,600036,dividend_yield,2021-12-29,3.1818,,250,0
4871,stock,600036,dividend_yield,2021-12-30,3.1123,,250,0
4872,stock,600036,dividend_yield,2021-12-31,3.0961,,250,0
4873,stock,600036,dividend_yield,2022-01-04,3.1239,,250,0
4874,stock,600036,dividend_yield,2022-01-05,3.0703,,250,0
4875,stock,600036,dividend_yield,2022-01-06,3.1396,,250,0
4876,stock,600036,dividend_yield,2022-01-07,3.0703,,250,0
4877,stock,600036,dividend_yield,2022-01-10,3.0568,,250,0
4878,stock,600036,dividend_yield,2022-01-11,3.0113,,250,0
4879,stock,600036,dividend_yield,2022-01-12,3.0178,,250,0
4880,stock,600036,dividend_yield,2022-01-13,3.0487,,250,0
4881,stock,600036,dividend_yield,2022-01-14,3.1498,,250,0
4882,stock,600036,dividend_yield,2022-01-17,3.1061,,250,0
4883,stock,600036,dividend_yield,2022-01-18,3.0733,,250,0
4884,stock,600036,dividend_yield,2022-01-19,3.0222,,250,0
4885,stock,600036,dividend_yield,2022-01-20,2.9052,,250,0
4886,stock,600036,dividend_yield,2022-01-21,2.8752,,250,0
4887,stock,600036,dividend_yield,2022-01-24,2.8732,,250,0
4888,stock,600036,dividend_yield,2022-01-25,2.9372,,250,0
4889,stock,600036,dividend_yield,2022-01-26,2.9303,,250,0
4890,stock,600036,dividend_yield,2022-01-27,2.9462,,250,0
4891,stock,600036,dividend_yield,2022-01-28,3.0583,,250,0
4892,stock,600036,dividend_yield,2022-02-07,2.9065,,250,0
4893,stock,600036,dividend_yield,2022-02-08,2.8824,,250,0
4894,stock,600036,dividend_yield,2022-02-09,2.8884,,250,0
4895,stock,600036,dividend_yield,2022-02-10,2.8824,,250,0
4896,stock,600036,dividend_yield,2022-02-11,2.8145,,250,0
4897,stock,600036,dividend_yield,2022-02-14,2.9167,,250,0
4898,stock,600036,dividend_yield,2022-02-15,2.9848,,250,0
4899,stock,600036,dividend_yield,2022-02-16,2.9255,,250,0
4900,stock,600036,dividend_yield,2022-02-17,2.8991,,250,0
4901,stock,600036,dividend_yield,2022-02-18,2.8594,,250,0
4902,stock,600036,dividend_yield,2022-02-21,2.8791,,250,0
4903,stock,600036,dividend_yield,2022-02-22,2.9153,,250,0
4904,stock,600036,dividend_yield,2022-02-23,2.942,,250,0
4905,stock,600036,dividend_yield,2022-02-24,2.999,,250,0
4906,stock,600036,dividend_yield,2022-02-25,3.0142,,250,0
4907,stock,600036,dividend_yield,2022-02-28,3.0149,,250,0
4908,stock,600036,dividend_yield,2022-03-01,2.9833,,250,0
4909,stock,600036,dividend_yield,2022-03-02,3.039,,250,0
4910,stock,600036,dividend_yield,2022-03-03,3.02,,250,0
4911,stock,600036,dividend_yield,2022-03-04,3.0969,,250,0
4912,stock,600036,dividend_yield,2022-03-07,3.2529,,250,0
4913,stock,600036,dividend_yield,2022-03-08,3.3647,,250,0
4914,stock,600036,dividend_yield,2022-03-09,3.4661,,250,0
4915,stock,600036,dividend_yield,2022-03-10,3.4366,,250,0
4916,stock,600036,dividend_yield,2022-03-11,3.4604,,250,0
4917,stock,600036,dividend_yield,2022-03-14,3.6951,,250,0
4918,stock,600036,dividend_yield,2022-03-15,4.0147,,250,0
4919,stock,600036,dividend_yield,2022-03-16,3.6488,,250,0
4920,stock,600036,dividend_yield,2022-03-17,3.4546,,250,0
4921,stock,600036,dividend_yield,2022-03-18,3.3035,,250,0
4922,stock,600036,dividend_yield,2022-03-21,3.4263,,250,0
4923,stock,600036,dividend_yield,2022-03-22,3.3602,,250,0
4924,stock,600036,dividend_yield,2022-03-23,3.3396,,250,0
4925,stock,600036,dividend_yield,2022-03-24,3.3387,,250,0
4926,stock,600036,dividend_yield,2022-03-25,3.392,,250,0
4927,stock,600036,dividend_yield,2022-03-28,3.404,,250,0
4928,stock,600036,dividend_yield,2022-03-29,3.4077,,250,0
4929,stock,600036,dividend_yield,2022-03-30,3.2982,,250,0
4930,stock,600036,dividend_yield,2022-03-31,3.2495,,250,0
4931,stock,600036,dividend_yield,2022-04-01,3.2244,,250,0
4932,stock,600036,dividend_yield,2022-04-06,3.2005,,250,0
4933,stock,600036,dividend_yield,2022-04-07,3.2444,,250,0
4934,stock,600036,dividend_yield,2022-04-08,3.2178,,250,0
4935,stock,600036,dividend_yield,2022-04-11,3.3271,,250,0
4936,stock,600036,dividend_yield,2022-04-12,3.3449,,250,0
4937,stock,600036,dividend_yield,2022-04-13,3.3404,,250,0
4938,stock,600036,dividend_yield,2022-04-14,3.3396,,250,0
4939,stock,600036,dividend_yield,2022-04-15,3.247,,250,0
4940,stock,600036,dividend_yield,2022-04-18,3.5647,,250,0
4941,stock,600036,dividend_yield,2022-04-19,3.7005,,250,0
4942,stock,600036,dividend_yield,2022-04-20,3.8131,,250,0
4943,stock,600036,dividend_yield,2022-04-21,3.7924,,250,0
4944,stock,600036,dividend_yield,2022-04-22,3.6573,,250,0
4945,stock,600036,dividend_yield,2022-04-25,4.0961,,250,0
4946,stock,600036,dividend_yield,2022-04-26,4.1531,,250,0
4947,stock,600036,dividend_yield,2022-04-27,4.2047,,250,0
4948,stock,600036,dividend_yield,2022-04-28,3.993,,250,0
4949,stock,600036,dividend_yield,2022-04-29,3.9539,,250,0
4950,stock,600036,dividend_yield,2022-05-05,4.0393,,250,0
4951,stock,600036,dividend_yield,2022-05-06,4.2231,,250,0
4952,stock,600036,dividend_yield,2022-05-09,4.4385,,250,0
4953,stock,600036,dividend_yield,2022-05-10,4.3598,,250,0
4954,stock,600036,dividend_yield,2022-05-11,4.3252,,250,0
4955,stock,600036,dividend_yield,2022-05-12,4.4166,,250,0
4956,stock,600036,dividend_yield,2022-05-13,4.3341,,250,0
4957,stock,600036,dividend_yield,2022-05-16,4.3735,,250,0
4958,stock,600036,dividend_yield,2022-05-17,4.1271,,250,0
4959,stock,600036,dividend_yield,2022-05-18,4.1408,,250,0
4960,stock,600036,dividend_yield,2022-05-19,4.2061,,250,0
4961,stock,600036,dividend_yield,2022-05-20,3.9502,,250,0
4962,stock,600036,dividend_yield,2022-05-23,4.0096,,250,0
4963,stock,600036,dividend_yield,2022-05-24,4.0868,,250,0
4964,stock,600036,dividend_yield,2022-05-25,4.1028,,250,0
4965,stock,600036,dividend_yield,2022-05-26,4.1504,,250,0
4966,stock,600036,dividend_yield,2022-05-27,4.0576,,250,0
4967,stock,600036,dividend_yield,2022-05-30,4.0642,,250,0
4968,stock,600036,dividend_yield,2022-05-31,3.9841,,250,0
4969,stock,600036,dividend_yield,2022-06-01,3.9841,,250,0
4970,stock,600036,dividend_yield,2022-06-02,4.0841,,250,0
4971,stock,600036,dividend_yield,2022-06-06,4.0774,,250,0
4972,stock,600036,dividend_yield,2022-06-07,4.0276,,250,0
4973,stock,600036,dividend_yield,2022-06-08,4.0045,,250,0
4974,stock,600036,dividend_yield,2022-06-09,3.9095,,250,0
4975,stock,600036,dividend_yield,2022-06-10,3.9304,,250,0
4976,stock,600036,dividend_yield,2022-06-13,4.1312,,250,0
4977,stock,600036,dividend_yield,2022-06-14,4.0419,,250,0
4978,stock,600036,dividend_yield,2022-06-15,3.8865,,250,0
4979,stock,600036,dividend_yield,2022-06-16,3.9502,,250,0
4980,stock,600036,dividend_yield,2022-06-17,3.9639,,250,0
4981,stock,600036,dividend_yield,2022-06-20,3.9828,,250,0
4982,stock,600036,dividend_yield,2022-06-21,3.9046,,250,0
4983,stock,600036,dividend_yield,2022-06-22,4.0328,,250,0
4984,stock,600036,dividend_yield,2022-06-23,3.9279,,250,0
4985,stock,600036,dividend_yield,2022-06-24,3.9205,,250,0
4986,stock,600036,dividend_yield,2022-06-27,3.7958,,250,0
4987,stock,600036,dividend_yield,2022-06-28,3.7924,,250,0
4988,stock,600036,dividend_yield,2022-06-29,3.8236,,250,0
4989,stock,600036,dividend_yield,2022-06-30,3.6896,,250,0
4990,stock,600036,dividend_yield,2022-07-01,3.7809,,250,0
4991,stock,600036,dividend_yield,2022-07-04,3.819,,250,0
4992,stock,600036,dividend_yield,2022-07-05,3.8271,,250,0
4993,stock,600036,dividend_yield,2022-07-06,3.9702,,250,0
4994,stock,600036,dividend_yield,2022-07-07,3.9765,,250,0
4995,stock,600036,dividend_yield,2022-07-08,3.969,,250,0
4996,stock,600036,dividend_yield,2022-07-11,4.016,,250,0
4997,stock,600036,dividend_yield,2022-07-12,4.0341,,250,0
4998,stock,600036,dividend_yield,2022-07-13,4.2245,,250,0
4999,stock,600036,dividend_yield,2022-07-15,5.4067,,250,0
5000,stock,600036,dividend_yield,2022-07-18,5.2646,,250,0
5001,stock,600036,dividend_yield,2022-07-19,5.2501,,250,0
5002,stock,600036,dividend_yield,2022-07-20,5.2249,,250,0
5003,stock,600036,dividend_yield,2022-07-21,5.2958,,250,0
5004,stock,600036,dividend_yield,2022-07-22,5.2719,,250,0
5005,stock,600036,dividend_yield,2022-07-25,5.2249,,250,0
5006,stock,600036,dividend_yield,2022-07-26,5.1402,,250,0
5007,stock,600036,dividend_yield,2022-07-27,5.1892,,250,0
5008,stock,600036,dividend_yield,2022-07-28,5.2374,,250,0
5009,stock,600036,dividend_yield,2022-07-29,5.3686,,250,0
5010,stock,600036,dividend_yield,2022-08-01,5.4748,,250,0
5011,stock,600036,dividend_yield,2022-08-02,5.5976,,250,0
5012,stock,600036,dividend_yield,2022-08-03,5.7783,,250,0
5013,stock,600036,dividend_yield,2022-08-04,5.6496,,250,0
5014,stock,600036,dividend_yield,2022-08-05,5.5185,,250,0
5015,stock,600036,dividend_yield,2022-08-08,5.5976,,250,0
5016,stock,600036,dividend_yield,2022-08-09,5.6622,,250,0
5017,stock,600036,dividend_yield,2022-08-10,5.7586,,250,0
5018,stock,600036,dividend_yield,2022-08-11,5.5065,,250,0
5019,stock,600036,dividend_yield,2022-08-12,5.5045,,250,0
5020,stock,600036,dividend_yield,2022-08-15,5.635,,250,0
5021,stock,600036,dividend_yield,2022-08-16,5.5976,,250,0
5022,stock,600036,dividend_yield,2022-08-17,5.5305,,250,0
5023,stock,600036,dividend_yield,2022-08-18,5.637,,250,0
5024,stock,600036,dividend_yield,2022-08-19,5.61,,250,0
5025,stock,600036,dividend_yield,2022-08-22,5.658,,250,0
5026,stock,600036,dividend_yield,2022-08-23,5.7695,,250,0
5027,stock,600036,dividend_yield,2022-08-24,5.827,,250,0
5028,stock,600036,dividend_yield,2022-08-25,5.6433,,250,0
5029,stock,600036,dividend_yield,2022-08-26,5.6412,,250,0
5030,stock,600036,dividend_yield,2022-08-29,5.7304,,250,0
5031,stock,600036,dividend_yield,2022-08-30,5.6225,,250,0
5032,stock,600036,dividend_yield,2022-08-31,5.3724,,250,0
5033,stock,600036,dividend_yield,2022-09-01,5.4788,,250,0
5034,stock,600036,dividend_yield,2022-09-02,5.5145,,250,0
5035,stock,600036,dividend_yield,2022-09-05,5.5325,,250,0
5036,stock,600036,dividend_yield,2022-09-06,5.658,,250,0
5037,stock,600036,dividend_yield,2022-09-07,5.7089,,250,0
5038,stock,600036,dividend_yield,2022-09-08,5.7261,,250,0
5039,stock,600036,dividend_yield,2022-09-09,5.4788,,250,0
5040,stock,600036,dividend_yield,2022-09-13,5.3161,,250,0
5041,stock,600036,dividend_yield,2022-09-14,5.4087,,250,0
5042,stock,600036,dividend_yield,2022-09-15,5.1963,,250,0
5043,stock,600036,dividend_yield,2022-09-16,5.3914,,250,0
5044,stock,600036,dividend_yield,2022-09-19,5.3648,,250,0
5045,stock,600036,dividend_yield,2022-09-20,5.4709,,250,0
5046,stock,600036,dividend_yield,2022-09-21,5.4966,,250,0
5047,stock,600036,dividend_yield,2022-09-22,5.5446,,250,0
5048,stock,600036,dividend_yield,2022-09-23,5.5065,,250,0
5049,stock,600036,dividend_yield,2022-09-26,5.5894,,250,0
5050,stock,600036,dividend_yield,2022-09-27,5.5997,,250,0
5051,stock,600036,dividend_yield,2022-09-28,5.6475,,250,0
5052,stock,600036,dividend_yield,2022-09-29,5.7586,,250,0
5053,stock,600036,dividend_yield,2022-09-30,5.6517,,250,0
5054,stock,600036,dividend_yield,2022-10-10,6.0686,,250,0
5055,stock,600036,dividend_yield,2022-10-11,6.1669,,250,0
5056,stock,600036,dividend_yield,2022-10-12,6.2815,,250,0
5057,stock,600036,dividend_yield,2022-10-13,6.5688,,250,0
5058,stock,600036,dividend_yield,2022-10-14,6.2479,,250,0
5059,stock,600036,dividend_yield,2022-10-17,6.2634,,250,0
5060,stock,600036,dividend_yield,2022-10-18,6.3206,,250,0
5061,stock,600036,dividend_yield,2022-10-19,6.4656,,250,0
5062,stock,600036,dividend_yield,2022-10-20,6.5182,,250,0
5063,stock,600036,dividend_yield,2022-10-21,6.6579,,250,0
5064,stock,600036,dividend_yield,2022-10-24,7.1455,,250,0
5065,stock,600036,dividend_yield,2022-10-25,7.089,,250,0
5066,stock,600036,dividend_yield,2022-10-26,7.1759,,250,0
5067,stock,600036,dividend_yield,2022-10-27,7.1725,,250,0
5068,stock,600036,dividend_yield,2022-10-28,7.4389,,250,0
5069,stock,600036,dividend_yield,2022-10-31,7.5721,,250,0
5070,stock,600036,dividend_yield,2022-11-01,7.089,,250,0
5071,stock,600036,dividend_yield,2022-11-02,7.0138,,250,0
5072,stock,600036,dividend_yield,2022-11-03,7.1355,,250,0
5073,stock,600036,dividend_yield,2022-11-04,6.8068,,250,0
5074,stock,600036,dividend_yield,2022-11-07,6.7825,,250,0
5075,stock,600036,dividend_yield,2022-11-08,6.7856,,250,0
5076,stock,600036,dividend_yield,2022-11-09,6.7765,,250,0
5077,stock,600036,dividend_yield,2022-11-10,6.7735,,250,0
5078,stock,600036,dividend_yield,2022-11-11,6.2072,,250,0
5079,stock,600036,dividend_yield,2022-11-14,5.7608,,250,0
5080,stock,600036,dividend_yield,2022-11-15,5.7304,,250,0
5081,stock,600036,dividend_yield,2022-11-16,5.7089,,250,0
5082,stock,600036,dividend_yield,2022-11-17,5.9476,,250,0
5083,stock,600036,dividend_yield,2022-11-18,6.0039,,250,0
5084,stock,600036,dividend_yield,2022-11-21,6.0517,,250,0
5085,stock,600036,dividend_yield,2022-11-22,5.9153,,250,0
5086,stock,600036,dividend_yield,2022-11-23,5.9686,,250,0
5087,stock,600036,dividend_yield,2022-11-24,5.9686,,250,0
5088,stock,600036,dividend_yield,2022-11-25,5.7871,,250,0
5089,stock,600036,dividend_yield,2022-11-28,6.0301,,250,0
5090,stock,600036,dividend_yield,2022-11-29,5.4087,,250,0
5091,stock,600036,dividend_yield,2022-11-30,5.3895,,250,0
5092,stock,600036,dividend_yield,2022-12-01,5.3819,,250,0
5093,stock,600036,dividend_yield,2022-12-02,5.5005,,250,0
5094,stock,600036,dividend_yield,2022-12-05,5.1804,,250,0
5095,stock,600036,dividend_yield,2022-12-06,5.2249,,250,0
5096,stock,600036,dividend_yield,2022-12-07,5.3217,,250,0
5097,stock,600036,dividend_yield,2022-12-08,5.2976,,250,0
5098,stock,600036,dividend_yield,2022-12-09,5.0683,,250,0
5099,stock,600036,dividend_yield,2022-12-12,5.2356,,250,0
5100,stock,600036,dividend_yield,2022-12-13,5.1734,,250,0
5101,stock,600036,dividend_yield,2022-12-14,5.0414,,250,0
5102,stock,600036,dividend_yield,2022-12-15,5.1402,,250,0
5103,stock,600036,dividend_yield,2022-12-16,5.0115,,250,0
5104,stock,600036,dividend_yield,2022-12-19,5.1108,,250,0
5105,stock,600036,dividend_yield,2022-12-20,5.2483,,250,0
5106,stock,600036,dividend_yield,2022-12-21,5.207,,250,0
5107,stock,600036,dividend_yield,2022-12-22,5.1108,,250,0
5108,stock,600036,dividend_yield,2022-12-23,5.1332,,250,0
5109,stock,600036,dividend_yield,2022-12-26,5.207,,250,0
5110,stock,600036,dividend_yield,2022-12-27,5.0818,,250,0
5111,stock,600036,dividend_yield,2022-12-28,4.9722,,250,0
5112,stock,600036,dividend_yield,2022-12-29,4.9885,,250,0
5113,stock,600036,dividend_yield,2022-12-30,4.9836,,250,0
5114,stock,600036,dividend_yield,2023-01-03,4.932,,250,0
5115,stock,600036,dividend_yield,2023-01-04,4.7667,,250,0
5116,stock,600036,dividend_yield,2023-01-05,4.7892,,250,0
5117,stock,600036,dividend_yield,2023-01-06,4.8073,,250,0
5118,stock,600036,dividend_yield,2023-01-09,4.7444,,250,0
5119,stock,600036,dividend_yield,2023-01-10,4.8271,,250,0
5120,stock,600036,dividend_yield,2023-01-11,4.7267,,250,0
5121,stock,600036,dividend_yield,2023-01-12,4.7077,,250,0
5122,stock,600036,dividend_yield,2023-01-13,4.6205,,250,0
5123,stock,600036,dividend_yield,2023-01-16,4.5096,,250,0
5124,stock,600036,dividend_yield,2023-01-17,4.4817,,250,0
5125,stock,600036,dividend_yield,2023-01-18,4.5217,,250,0
5126,stock,600036,dividend_yield,2023-01-19,4.4857,,250,0
5127,stock,600036,dividend_yield,2023-01-20,4.4334,,250,0
5128,stock,600036,dividend_yield,2023-01-30,4.3104,,250,0
5129,stock,600036,dividend_yield,2023-01-31,4.4129,,250,0
5130,stock,600036,dividend_yield,2023-02-01,4.5003,,250,0
5131,stock,600036,dividend_yield,2023-02-02,4.5692,,250,0
5132,stock,600036,dividend_yield,2023-02-03,4.6716,,250,0
5133,stock,600036,dividend_yield,2023-02-06,4.8119,,250,0
5134,stock,600036,dividend_yield,2023-02-07,4.8028,,250,0
5135,stock,600036,dividend_yield,2023-02-08,4.7907,,250,0
5136,stock,600036,dividend_yield,2023-02-09,4.7907,,250,0
5137,stock,600036,dividend_yield,2023-02-10,4.841,,250,0
5138,stock,600036,dividend_yield,2023-02-13,4.9097,,250,0
5139,stock,600036,dividend_yield,2023-02-14,4.8657,,250,0
5140,stock,600036,dividend_yield,2023-02-15,4.9984,,250,0
5141,stock,600036,dividend_yield,2023-02-16,4.982,,250,0
5142,stock,600036,dividend_yield,2023-02-17,5.075,,250,0
5143,stock,600036,dividend_yield,2023-02-20,4.7907,,250,0
5144,stock,600036,dividend_yield,2023-02-21,4.7607,,250,0
5145,stock,600036,dividend_yield,2023-02-22,4.841,,250,0
5146,stock,600036,dividend_yield,2023-02-23,4.8241,,250,0
5147,stock,600036,dividend_yield,2023-02-24,4.9512,,250,0
5148,stock,600036,dividend_yield,2023-02-27,5.0,,250,0
5149,stock,600036,dividend_yield,2023-02-28,4.9755,,250,0
5150,stock,600036,dividend_yield,2023-03-01,4.8271,,250,0
5151,stock,600036,dividend_yield,2023-03-02,4.8271,,250,0
5152,stock,600036,dividend_yield,2023-03-03,4.8271,,250,0
5153,stock,600036,dividend_yield,2023-03-06,5.0264,,250,0
5154,stock,600036,dividend_yield,2023-03-07,5.1005,,250,0
5155,stock,600036,dividend_yield,2023-03-08,5.1981,,250,0
5156,stock,600036,dividend_yield,2023-03-09,5.2737,,250,0
5157,stock,600036,dividend_yield,2023-03-10,5.3762,,250,0
5158,stock,600036,dividend_yield,2023-03-13,5.3724,,250,0
5159,stock,600036,dividend_yield,2023-03-14,5.463,,250,0
5160,stock,600036,dividend_yield,2023-03-15,5.4048,,250,0
5161,stock,600036,dividend_yield,2023-03-16,5.4493,,250,0
5162,stock,600036,dividend_yield,2023-03-17,5.5065,,250,0
5163,stock,600036,dividend_yield,2023-03-20,5.5547,,250,0
5164,stock,600036,dividend_yield,2023-03-21,5.5325,,250,0
5165,stock,600036,dividend_yield,2023-03-22,5.4709,,250,0
5166,stock,600036,dividend_yield,2023-03-23,5.3441,,250,0
5167,stock,600036,dividend_yield,2023-03-24,5.4926,,250,0
5168,stock,600036,dividend_yield,2023-03-27,5.5366,,250,0
5169,stock,600036,dividend_yield,2023-03-28,5.4986,,250,0
5170,stock,600036,dividend_yield,2023-03-29,5.5547,,250,0
5171,stock,600036,dividend_yield,2023-03-30,5.5085,,250,0
5172,stock,600036,dividend_yield,2023-03-31,5.5245,,250,0
5173,stock,600036,dividend_yield,2023-04-03,5.5045,,250,0
5174,stock,600036,dividend_yield,2023-04-04,5.5225,,250,0
5175,stock,600036,dividend_yield,2023-04-06,5.6204,,250,0
5176,stock,600036,dividend_yield,2023-04-07,5.5507,,250,0
5177,stock,600036,dividend_yield,2023-04-10,5.5305,,250,0
5178,stock,600036,dividend_yield,2023-04-11,5.635,,250,0
5179,stock,600036,dividend_yield,2023-04-12,5.6329,,250,0
5180,stock,600036,dividend_yield,2023-04-13,5.5771,,250,0
5181,stock,600036,dividend_yield,2023-04-14,5.5005,,250,0
5182,stock,600036,dividend_yield,2023-04-17,5.3441,,250,0
5183,stock,600036,dividend_yield,2023-04-18,5.2555,,250,0
5184,stock,600036,dividend_yield,2023-04-19,5.2884,,250,0
5185,stock,600036,dividend_yield,2023-04-20,5.3838,,250,0
5186,stock,600036,dividend_yield,2023-04-21,5.4788,,250,0
5187,stock,600036,dividend_yield,2023-04-24,5.6622,,250,0
5188,stock,600036,dividend_yield,2023-04-25,5.5731,,250,0
5189,stock,600036,dividend_yield,2023-04-26,5.6162,,250,0
5190,stock,600036,dividend_yield,2023-04-27,5.8742,,250,0
5191,stock,600036,dividend_yield,2023-04-28,5.6622,,250,0
5192,stock,600036,dividend_yield,2023-05-04,5.5527,,250,0
5193,stock,600036,dividend_yield,2023-05-05,5.4415,,250,0
5194,stock,600036,dividend_yield,2023-05-08,5.2701,,250,0
5195,stock,600036,dividend_yield,2023-05-09,5.3838,,250,0
5196,stock,600036,dividend_yield,2023-05-10,5.4986,,250,0
5197,stock,600036,dividend_yield,2023-05-11,5.4886,,250,0
5198,stock,600036,dividend_yield,2023-05-12,5.571,,250,0
5199,stock,600036,dividend_yield,2023-05-15,5.4396,,250,0
5200,stock,600036,dividend_yield,2023-05-16,5.4164,,250,0
5201,stock,600036,dividend_yield,2023-05-17,5.4788,,250,0
5202,stock,600036,dividend_yield,2023-05-18,5.4886,,250,0
5203,stock,600036,dividend_yield,2023-05-19,5.5894,,250,0
5204,stock,600036,dividend_yield,2023-05-22,5.5386,,250,0
5205,stock,600036,dividend_yield,2023-05-23,5.6622,,250,0
5206,stock,600036,dividend_yield,2023-05-24,5.8069,,250,0
5207,stock,600036,dividend_yield,2023-05-25,5.9222,,250,0
5208,stock,600036,dividend_yield,2023-05-26,5.8493,,250,0
5209,stock,600036,dividend_yield,2023-05-29,5.8606,,250,0
5210,stock,600036,dividend_yield,2023-05-30,5.8719,,250,0
5211,stock,600036,dividend_yield,2023-05-31,5.95,,250,0
5212,stock,600036,dividend_yield,2023-06-01,6.0063,,250,0
5213,stock,600036,dividend_yield,2023-06-02,5.7761,,250,0
5214,stock,600036,dividend_yield,2023-06-05,5.7827,,250,0
5215,stock,600036,dividend_yield,2023-06-06,5.7761,,250,0
5216,stock,600036,dividend_yield,2023-06-07,5.7261,,250,0
5217,stock,600036,dividend_yield,2023-06-08,5.5629,,250,0
5218,stock,600036,dividend_yield,2023-06-09,5.6329,,250,0
5219,stock,600036,dividend_yield,2023-06-12,5.635,,250,0
5220,stock,600036,dividend_yield,2023-06-13,5.635,,250,0
5221,stock,600036,dividend_yield,2023-06-14,5.7068,,250,0
5222,stock,600036,dividend_yield,2023-06-15,5.637,,250,0
5223,stock,600036,dividend_yield,2023-06-16,5.5935,,250,0
5224,stock,600036,dividend_yield,2023-06-19,5.6664,,250,0
5225,stock,600036,dividend_yield,2023-06-20,5.7499,,250,0
5226,stock,600036,dividend_yield,2023-06-21,5.7543,,250,0
5227,stock,600036,dividend_yield,2023-06-26,5.8787,,250,0
5228,stock,600036,dividend_yield,2023-06-27,5.8314,,250,0
5229,stock,600036,dividend_yield,2023-06-28,5.7805,,250,0
5230,stock,600036,dividend_yield,2023-06-29,5.8629,,250,0
5231,stock,600036,dividend_yield,2023-06-30,5.8449,,250,0
5232,stock,600036,dividend_yield,2023-07-03,5.637,,250,0
5233,stock,600036,dividend_yield,2023-07-04,5.6812,,250,0
5234,stock,600036,dividend_yield,2023-07-05,5.7849,,250,0
5235,stock,600036,dividend_yield,2023-07-06,5.8855,,250,0
5236,stock,600036,dividend_yield,2023-07-07,5.9476,,250,0
5237,stock,600036,dividend_yield,2023-07-10,5.9153,,250,0
5238,stock,600036,dividend_yield,2023-07-11,5.8561,,250,0
5239,stock,600036,dividend_yield,2023-07-12,5.7477,,250,0
5240,stock,600036,dividend_yield,2023-07-13,12.1325,,250,0
5241,stock,600036,dividend_yield,2023-07-14,12.0965,,250,0
5242,stock,600036,dividend_yield,2023-07-17,6.5167,,250,0
5243,stock,600036,dividend_yield,2023-07-18,6.5634,,250,0
5244,stock,600036,dividend_yield,2023-07-19,6.5338,,250,0
5245,stock,600036,dividend_yield,2023-07-20,6.5069,,250,0
5246,stock,600036,dividend_yield,2023-07-21,6.4802,,250,0
5247,stock,600036,dividend_yield,2023-07-24,6.5659,,250,0
5248,stock,600036,dividend_yield,2023-07-25,6.1435,,250,0
5249,stock,600036,dividend_yield,2023-07-26,6.1262,,250,0
5250,stock,600036,dividend_yield,2023-07-27,6.06,,250,0
5251,stock,600036,dividend_yield,2023-07-28,5.7703,,250,0
5252,stock,600036,dividend_yield,2023-07-31,5.6835,,250,0
5253,stock,600036,dividend_yield,2023-08-01,5.7914,,250,0
5254,stock,600036,dividend_yield,2023-08-02,5.9828,,250,0
5255,stock,600036,dividend_yield,2023-08-03,5.8519,,250,0
5256,stock,600036,dividend_yield,2023-08-04,5.8127,,250,0
5257,stock,600036,dividend_yield,2023-08-07,5.8875,,250,0
5258,stock,600036,dividend_yield,2023-08-08,5.9582,,250,0
5259,stock,600036,dividend_yield,2023-08-09,5.9848,,250,0
5260,stock,600036,dividend_yield,2023-08-10,5.9602,,250,0
5261,stock,600036,dividend_yield,2023-08-11,6.1697,,250,0
5262,stock,600036,dividend_yield,2023-08-14,6.3246,,250,0
5263,stock,600036,dividend_yield,2023-08-15,6.3477,,250,0
5264,stock,600036,dividend_yield,2023-08-16,6.4394,,250,0
5265,stock,600036,dividend_yield,2023-08-17,6.4827,,250,0
5266,stock,600036,dividend_yield,2023-08-18,6.461,,250,0
5267,stock,600036,dividend_yield,2023-08-21,6.6463,,250,0
5268,stock,600036,dividend_yield,2023-08-22,6.5983,,250,0
5269,stock,600036,dividend_yield,2023-08-23,6.7182,,250,0
5270,stock,600036,dividend_yield,2023-08-24,6.6641,,250,0
5271,stock,600036,dividend_yield,2023-08-25,6.5388,,250,0
5272,stock,600036,dividend_yield,2023-08-28,6.371,,250,0
5273,stock,600036,dividend_yield,2023-08-29,6.4228,,250,0
5274,stock,600036,dividend_yield,2023-08-30,6.5142,,250,0
5275,stock,600036,dividend_yield,2023-08-31,6.5412,,250,0
5276,stock,600036,dividend_yield,2023-09-01,6.3686,,250,0
5277,stock,600036,dividend_yield,2023-09-04,6.0876,,250,0
5278,stock,600036,dividend_yield,2023-09-05,6.1785,,250,0
5279,stock,600036,dividend_yield,2023-09-06,6.124,,250,0
5280,stock,600036,dividend_yield,2023-09-07,6.1719,,250,0
5281,stock,600036,dividend_yield,2023-09-08,6.1653,,250,0
5282,stock,600036,dividend_yield,2023-09-11,6.2227,,250,0
5283,stock,600036,dividend_yield,2023-09-12,6.2294,,250,0
5284,stock,600036,dividend_yield,2023-09-13,6.2586,,250,0
5285,stock,600036,dividend_yield,2023-09-14,6.1873,,250,0
5286,stock,600036,dividend_yield,2023-09-15,6.2116,,250,0
5287,stock,600036,dividend_yield,2023-09-18,6.1983,,250,0
5288,stock,600036,dividend_yield,2023-09-19,6.2116,,250,0
5289,stock,600036,dividend_yield,2023-09-20,6.2631,,250,0
5290,stock,600036,dividend_yield,2023-09-21,6.3454,,250,0
5291,stock,600036,dividend_yield,2023-09-22,6.1283,,250,0
5292,stock,600036,dividend_yield,2023-09-25,6.2027,,250,0
5293,stock,600036,dividend_yield,2023-09-26,6.2473,,250,0
5294,stock,600036,dividend_yield,2023-09-27,6.2428,,250,0
5295,stock,600036,dividend_yield,2023-09-28,6.2094,,250,0
5296,stock,600036,dividend_yield,2023-10-09,6.2971,,250,0
5297,stock,600036,dividend_yield,2023-10-10,6.2948,,250,0
5298,stock,600036,dividend_yield,2023-10-11,6.3269,,250,0
5299,stock,600036,dividend_yield,2023-10-12,6.1873,,250,0
5300,stock,600036,dividend_yield,2023-10-13,6.2903,,250,0
5301,stock,600036,dividend_yield,2023-10-16,6.3593,,250,0
5302,stock,600036,dividend_yield,2023-10-17,6.3108,,250,0
5303,stock,600036,dividend_yield,2023-10-18,6.3177,,250,0
5304,stock,600036,dividend_yield,2023-10-19,6.5363,,250,0
5305,stock,600036,dividend_yield,2023-10-20,6.5167,,250,0
5306,stock,600036,dividend_yield,2023-10-23,6.621,,250,0
5307,stock,600036,dividend_yield,2023-10-24,6.6033,,250,0
5308,stock,600036,dividend_yield,2023-10-25,6.5734,,250,0
5309,stock,600036,dividend_yield,2023-10-26,6.5535,,250,0
5310,stock,600036,dividend_yield,2023-10-27,6.5461,,250,0
5311,stock,600036,dividend_yield,2023-10-30,6.7052,,250,0
5312,stock,600036,dividend_yield,2023-10-31,6.7417,,250,0
5313,stock,600036,dividend_yield,2023-11-01,6.8237,,250,0
5314,stock,600036,dividend_yield,2023-11-02,6.7626,,250,0
5315,stock,600036,dividend_yield,2023-11-03,6.6833,,250,0
5316,stock,600036,dividend_yield,2023-11-06,6.645,,250,0
5317,stock,600036,dividend_yield,2023-11-07,6.7325,,250,0
5318,stock,600036,dividend_yield,2023-11-08,6.7851,,250,0
5319,stock,600036,dividend_yield,2023-11-09,6.7692,,250,0
5320,stock,600036,dividend_yield,2023-11-10,6.9037,,250,0
5321,stock,600036,dividend_yield,2023-11-13,6.9982,,250,0
5322,stock,600036,dividend_yield,2023-11-14,6.8927,,250,0
5323,stock,600036,dividend_yield,2023-11-15,6.7745,,250,0
5324,stock,600036,dividend_yield,2023-11-16,6.801,,250,0
5325,stock,600036,dividend_yield,2023-11-17,6.8574,,250,0
5326,stock,600036,dividend_yield,2023-11-20,6.7904,,250,0
5327,stock,600036,dividend_yield,2023-11-21,6.8304,,250,0
5328,stock,600036,dividend_yield,2023-11-22,6.9037,,250,0
5329,stock,600036,dividend_yield,2023-11-23,6.9092,,250,0
5330,stock,600036,dividend_yield,2023-11-24,6.9478,,250,0
5331,stock,600036,dividend_yield,2023-11-27,7.1186,,250,0
5332,stock,600036,dividend_yield,2023-11-28,7.1892,,250,0
5333,stock,600036,dividend_yield,2023-11-29,7.2979,,250,0
5334,stock,600036,dividend_yield,2023-11-30,7.301,,250,0
5335,stock,600036,dividend_yield,2023-12-01,7.4672,,250,0
5336,stock,600036,dividend_yield,2023-12-04,7.5254,,250,0
5337,stock,600036,dividend_yield,2023-12-05,7.7159,,250,0
5338,stock,600036,dividend_yield,2023-12-06,7.6312,,250,0
5339,stock,600036,dividend_yield,2023-12-07,7.6145,,250,0
5340,stock,600036,dividend_yield,2023-12-08,7.7193,,250,0
5341,stock,600036,dividend_yield,2023-12-11,7.6312,,250,0
5342,stock,600036,dividend_yield,2023-12-12,7.5352,,250,0
5343,stock,600036,dividend_yield,2023-12-13,7.8165,,250,0
5344,stock,600036,dividend_yield,2023-12-14,7.8839,,250,0
5345,stock,600036,dividend_yield,2023-12-15,7.813,,250,0
5346,stock,600036,dividend_yield,2023-12-18,7.7955,,250,0
5347,stock,600036,dividend_yield,2023-12-19,7.792,,250,0
5348,stock,600036,dividend_yield,2023-12-20,7.8732,,250,0
5349,stock,600036,dividend_yield,2023-12-21,7.648,,250,0
5350,stock,600036,dividend_yield,2023-12-22,7.6818,,250,0
5351,stock,600036,dividend_yield,2023-12-25,7.709,,250,0
5352,stock,600036,dividend_yield,2023-12-26,7.799,,250,0
5353,stock,600036,dividend_yield,2023-12-27,7.7885,,250,0
5354,stock,600036,dividend_yield,2023-12-28,7.5549,,250,0
5355,stock,600036,dividend_yield,2023-12-29,7.6111,,250,0
5356,stock,600036,dividend_yield,2024-01-02,7.692,,250,0
5357,stock,600036,dividend_yield,2024-01-03,7.6278,,250,0
5358,stock,600036,dividend_yield,2024-01-04,7.6145,,250,0
5359,stock,600036,dividend_yield,2024-01-05,7.4576,,250,0
5360,stock,600036,dividend_yield,2024-01-08,7.5092,,250,0
5361,stock,600036,dividend_yield,2024-01-09,7.4962,,250,0
5362,stock,600036,dividend_yield,2024-01-10,7.5352,,250,0
5363,stock,600036,dividend_yield,2024-01-11,7.4289,,250,0
5364,stock,600036,dividend_yield,2024-01-12,7.3785,,250,0
5365,stock,600036,dividend_yield,2024-01-15,7.3071,,250,0
5366,stock,600036,dividend_yield,2024-01-16,7.1982,,250,0
5367,stock,600036,dividend_yield,2024-01-17,7.1803,,250,0
5368,stock,600036,dividend_yield,2024-01-18,7.0665,,250,0
5369,stock,600036,dividend_yield,2024-01-19,7.0236,,250,0
5370,stock,600036,dividend_yield,2024-01-22,6.8791,,250,0
5371,stock,600036,dividend_yield,2024-01-23,6.9506,,250,0
5372,stock,600036,dividend_yield,2024-01-24,6.9229,,250,0
5373,stock,600036,dividend_yield,2024-01-25,6.7065,,250,0
5374,stock,600036,dividend_yield,2024-01-26,6.6501,,250,0
5375,stock,600036,dividend_yield,2024-01-29,6.5921,,250,0
5376,stock,600036,dividend_yield,2024-01-30,6.6808,,250,0
5377,stock,600036,dividend_yield,2024-01-31,6.7561,,250,0
5378,stock,600036,dividend_yield,2024-02-01,6.8331,,250,0
5379,stock,600036,dividend_yield,2024-02-02,6.8845,,250,0
5380,stock,600036,dividend_yield,2024-02-05,6.7561,,250,0
5381,stock,600036,dividend_yield,2024-02-06,6.5971,,250,0
5382,stock,600036,dividend_yield,2024-02-07,6.6021,,250,0
5383,stock,600036,dividend_yield,2024-02-08,6.5796,,250,0
5384,stock,600036,dividend_yield,2024-02-19,6.5252,,250,0
5385,stock,600036,dividend_yield,2024-02-20,6.5796,,250,0
5386,stock,600036,dividend_yield,2024-02-21,6.2038,,250,0
5387,stock,600036,dividend_yield,2024-02-22,6.2484,,250,0
5388,stock,600036,dividend_yield,2024-02-23,6.2149,,250,0
5389,stock,600036,dividend_yield,2024-02-26,6.3745,,250,0
5390,stock,600036,dividend_yield,2024-02-27,6.3909,,250,0
5391,stock,600036,dividend_yield,2024-02-28,6.4287,,250,0
5392,stock,600036,dividend_yield,2024-02-29,6.424,,250,0
5393,stock,600036,dividend_yield,2024-03-01,6.4478,,250,0
5394,stock,600036,dividend_yield,2024-03-04,6.5498,,250,0
5395,stock,600036,dividend_yield,2024-03-05,6.3909,,250,0
5396,stock,600036,dividend_yield,2024-03-06,6.4646,,250,0
5397,stock,600036,dividend_yield,2024-03-07,6.4335,,250,0
5398,stock,600036,dividend_yield,2024-03-08,6.513,,250,0
5399,stock,600036,dividend_yield,2024-03-11,6.5597,,250,0
5400,stock,600036,dividend_yield,2024-03-12,6.4454,,250,0
5401,stock,600036,dividend_yield,2024-03-13,6.5498,,250,0
5402,stock,600036,dividend_yield,2024-03-14,6.6172,,250,0
5403,stock,600036,dividend_yield,2024-03-15,6.6349,,250,0
5404,stock,600036,dividend_yield,2024-03-18,6.6475,,250,0
5405,stock,600036,dividend_yield,2024-03-19,6.7325,,250,0
5406,stock,600036,dividend_yield,2024-03-20,6.6349,,250,0
5407,stock,600036,dividend_yield,2024-03-21,6.5424,,250,0
5408,stock,600036,dividend_yield,2024-03-22,6.6298,,250,0
5409,stock,600036,dividend_yield,2024-03-25,6.5921,,250,0
5410,stock,600036,dividend_yield,2024-03-26,6.3396,,250,0
5411,stock,600036,dividend_yield,2024-03-27,6.3628,,250,0
5412,stock,600036,dividend_yield,2024-03-28,6.3909,,250,0
5413,stock,600036,dividend_yield,2024-03-29,6.3862,,250,0
5414,stock,600036,dividend_yield,2024-04-01,6.2846,,250,0
5415,stock,600036,dividend_yield,2024-04-02,6.3051,,250,0
5416,stock,600036,dividend_yield,2024-04-03,6.3792,,250,0
5417,stock,600036,dividend_yield,2024-04-08,6.3396,,250,0
5418,stock,600036,dividend_yield,2024-04-09,6.3605,,250,0
5419,stock,600036,dividend_yield,2024-04-10,6.3189,,250,0
5420,stock,600036,dividend_yield,2024-04-11,6.3628,,250,0
5421,stock,600036,dividend_yield,2024-04-12,6.405,,250,0
5422,stock,600036,dividend_yield,2024-04-15,6.2417,,250,0
5423,stock,600036,dividend_yield,2024-04-16,6.2597,,250,0
5424,stock,600036,dividend_yield,2024-04-17,6.1381,,250,0
5425,stock,600036,dividend_yield,2024-04-18,6.0631,,250,0
5426,stock,600036,dividend_yield,2024-04-19,6.0695,,250,0
5427,stock,600036,dividend_yield,2024-04-22,6.1294,,250,0
5428,stock,600036,dividend_yield,2024-04-23,6.1208,,250,0
5429,stock,600036,dividend_yield,2024-04-24,6.1036,,250,0
5430,stock,600036,dividend_yield,2024-04-25,5.9086,,250,0
5431,stock,600036,dividend_yield,2024-04-26,5.8925,,250,0
5432,stock,600036,dividend_yield,2024-04-29,5.8137,,250,0
5433,stock,600036,dividend_yield,2024-04-30,5.9267,,250,0
5434,stock,600036,dividend_yield,2024-05-06,5.8137,,250,0
5435,stock,600036,dividend_yield,2024-05-07,5.8156,,250,0
5436,stock,600036,dividend_yield,2024-05-08,5.8746,,250,0
5437,stock,600036,dividend_yield,2024-05-09,5.8215,,250,0
5438,stock,600036,dividend_yield,2024-05-10,5.6732,,250,0
5439,stock,600036,dividend_yield,2024-05-13,5.62,,250,0
5440,stock,600036,dividend_yield,2024-05-14,5.7256,,250,0
5441,stock,600036,dividend_yield,2024-05-15,5.7808,,250,0
5442,stock,600036,dividend_yield,2024-05-16,5.5589,,250,0
5443,stock,600036,dividend_yield,2024-05-17,5.4543,,250,0
5444,stock,600036,dividend_yield,2024-05-20,5.5359,,250,0
5445,stock,600036,dividend_yield,2024-05-21,5.5607,,250,0
5446,stock,600036,dividend_yield,2024-05-22,5.5929,,250,0
5447,stock,600036,dividend_yield,2024-05-23,5.6956,,250,0
5448,stock,600036,dividend_yield,2024-05-24,5.841,,250,0
5449,stock,600036,dividend_yield,2024-05-27,5.7636,,250,0
5450,stock,600036,dividend_yield,2024-05-28,5.8234,,250,0
5451,stock,600036,dividend_yield,2024-05-29,5.8746,,250,0
5452,stock,600036,dividend_yield,2024-05-30,5.9206,,250,0
5453,stock,600036,dividend_yield,2024-05-31,5.9328,,250,0
5454,stock,600036,dividend_yield,2024-06-03,5.9592,,250,0
5455,stock,600036,dividend_yield,2024-06-04,5.8806,,250,0
5456,stock,600036,dividend_yield,2024-06-05,5.9921,,250,0
5457,stock,600036,dividend_yield,2024-06-06,5.99,,250,0
5458,stock,600036,dividend_yield,2024-06-07,5.9921,,250,0
5459,stock,600036,dividend_yield,2024-06-11,6.1251,,250,0
5460,stock,600036,dividend_yield,2024-06-12,6.184,,250,0
5461,stock,600036,dividend_yield,2024-06-13,6.2439,,250,0
5462,stock,600036,dividend_yield,2024-06-14,6.0295,,250,0
5463,stock,600036,dividend_yield,2024-06-17,6.0463,,250,0
5464,stock,600036,dividend_yield,2024-06-18,6.0505,,250,0
5465,stock,600036,dividend_yield,2024-06-19,5.9592,,250,0
5466,stock,600036,dividend_yield,2024-06-20,5.9879,,250,0
5467,stock,600036,dividend_yield,2024-06-21,6.0526,,250,0
5468,stock,600036,dividend_yield,2024-06-24,5.9756,,250,0
5469,stock,600036,dividend_yield,2024-06-25,5.9287,,250,0
5470,stock,600036,dividend_yield,2024-06-26,5.9776,,250,0
5471,stock,600036,dividend_yield,2024-06-27,5.9368,,250,0
5472,stock,600036,dividend_yield,2024-06-28,5.951,,250,0
5473,stock,600036,dividend_yield,2024-07-01,5.9166,,250,0
5474,stock,600036,dividend_yield,2024-07-02,5.775,,250,0
5475,stock,600036,dividend_yield,2024-07-03,5.8965,,250,0
5476,stock,600036,dividend_yield,2024-07-04,5.8469,,250,0
5477,stock,600036,dividend_yield,2024-07-05,6.0149,,250,0
5478,stock,600036,dividend_yield,2024-07-08,5.9921,,250,0
5479,stock,600036,dividend_yield,2024-07-09,5.8945,,250,0
5480,stock,600036,dividend_yield,2024-07-10,5.8528,,250,0
5481,stock,600036,dividend_yield,2024-07-11,12.4134,,250,0
5482,stock,600036,dividend_yield,2024-07-12,11.9728,,250,0
5483,stock,600036,dividend_yield,2024-07-15,6.4095,,250,0
5484,stock,600036,dividend_yield,2024-07-16,6.4074,,250,0
5485,stock,600036,dividend_yield,2024-07-17,6.3496,,250,0
5486,stock,600036,dividend_yield,2024-07-18,6.3455,,250,0
5487,stock,600036,dividend_yield,2024-07-19,6.313,,250,0
5488,stock,600036,dividend_yield,2024-07-22,6.5025,,250,0
5489,stock,600036,dividend_yield,2024-07-23,6.5025,,250,0
5490,stock,600036,dividend_yield,2024-07-24,6.5369,,250,0
5491,stock,600036,dividend_yield,2024-07-25,6.6137,,250,0
5492,stock,600036,dividend_yield,2024-07-26,6.7173,,250,0
5493,stock,600036,dividend_yield,2024-07-29,6.6991,,250,0
5494,stock,600036,dividend_yield,2024-07-30,6.7059,,250,0
5495,stock,600036,dividend_yield,2024-07-31,6.6359,,250,0
5496,stock,600036,dividend_yield,2024-08-01,6.6404,,250,0
5497,stock,600036,dividend_yield,2024-08-02,6.738,,250,0
5498,stock,600036,dividend_yield,2024-08-05,6.7797,,250,0
5499,stock,600036,dividend_yield,2024-08-06,6.8742,,250,0
5500,stock,600036,dividend_yield,2024-08-07,6.9031,,250,0
5501,stock,600036,dividend_yield,2024-08-08,6.8195,,250,0
5502,stock,600036,dividend_yield,2024-08-09,6.7265,,250,0
5503,stock,600036,dividend_yield,2024-08-12,6.775,,250,0
5504,stock,600036,dividend_yield,2024-08-13,6.8172,,250,0
5505,stock,600036,dividend_yield,2024-08-14,6.8361,,250,0
5506,stock,600036,dividend_yield,2024-08-15,6.6292,,250,0
5507,stock,600036,dividend_yield,2024-08-16,6.5435,,250,0
5508,stock,600036,dividend_yield,2024-08-19,6.4853,,250,0
5509,stock,600036,dividend_yield,2024-08-20,6.4726,,250,0
5510,stock,600036,dividend_yield,2024-08-21,6.524,,250,0
5511,stock,600036,dividend_yield,2024-08-22,6.511,,250,0
5512,stock,600036,dividend_yield,2024-08-23,6.4262,,250,0
5513,stock,600036,dividend_yield,2024-08-26,6.4115,,250,0
5514,stock,600036,dividend_yield,2024-08-27,6.4262,,250,0
5515,stock,600036,dividend_yield,2024-08-28,6.4304,,250,0
5516,stock,600036,dividend_yield,2024-08-29,6.5916,,250,0
5517,stock,600036,dividend_yield,2024-08-30,6.768,,250,0
5518,stock,600036,dividend_yield,2024-09-02,6.8195,,250,0
5519,stock,600036,dividend_yield,2024-09-03,6.8934,,250,0
5520,stock,600036,dividend_yield,2024-09-04,6.9566,,250,0
5521,stock,600036,dividend_yield,2024-09-05,6.9961,,250,0
5522,stock,600036,dividend_yield,2024-09-06,6.9837,,250,0
5523,stock,600036,dividend_yield,2024-09-09,7.2428,,250,0
5524,stock,600036,dividend_yield,2024-09-10,7.2561,,250,0
5525,stock,600036,dividend_yield,2024-09-11,7.2856,,250,0
5526,stock,600036,dividend_yield,2024-09-12,7.2455,,250,0
5527,stock,600036,dividend_yield,2024-09-13,7.1483,,250,0
5528,stock,600036,dividend_yield,2024-09-18,7.0185,,250,0
5529,stock,600036,dividend_yield,2024-09-19,7.0917,,250,0
5530,stock,600036,dividend_yield,2024-09-20,7.0613,,250,0
5531,stock,600036,dividend_yield,2024-09-23,6.9493,,250,0
5532,stock,600036,dividend_yield,2024-09-24,6.5478,,250,0
5533,stock,600036,dividend_yield,2024-09-25,6.3333,,250,0
5534,stock,600036,dividend_yield,2024-09-26,6.0926,,250,0
5535,stock,600036,dividend_yield,2024-09-27,6.0459,,250,0
5536,stock,600036,dividend_yield,2024-09-30,5.6999,,250,0
5537,stock,600036,dividend_yield,2024-10-08,5.3316,,250,0
5538,stock,600036,dividend_yield,2024-10-09,5.8005,,250,0
5539,stock,600036,dividend_yield,2024-10-10,5.5212,,250,0
5540,stock,600036,dividend_yield,2024-10-11,5.5679,,250,0
5541,stock,600036,dividend_yield,2024-10-14,5.43,,250,0
5542,stock,600036,dividend_yield,2024-10-15,5.557,,250,0
5543,stock,600036,dividend_yield,2024-10-16,5.4047,,250,0
5544,stock,600036,dividend_yield,2024-10-17,5.5585,,250,0
5545,stock,600036,dividend_yield,2024-10-18,5.4722,,250,0
5546,stock,600036,dividend_yield,2024-10-21,5.5027,,250,0
5547,stock,600036,dividend_yield,2024-10-22,5.454,,250,0
5548,stock,600036,dividend_yield,2024-10-23,5.3811,,250,0
5549,stock,600036,dividend_yield,2024-10-24,5.433,,250,0
5550,stock,600036,dividend_yield,2024-10-25,5.4646,,250,0
5551,stock,600036,dividend_yield,2024-10-28,5.5538,,250,0
5552,stock,600036,dividend_yield,2024-10-29,5.5413,,250,0
5553,stock,600036,dividend_yield,2024-10-30,5.6558,,250,0
5554,stock,600036,dividend_yield,2024-10-31,5.7414,,250,0
5555,stock,600036,dividend_yield,2024-11-01,5.6348,,250,0
5556,stock,600036,dividend_yield,2024-11-04,5.5181,,250,0
5557,stock,600036,dividend_yield,2024-11-05,5.4676,,250,0
5558,stock,600036,dividend_yield,2024-11-06,5.5476,,250,0
5559,stock,600036,dividend_yield,2024-11-07,5.3943,,250,0
5560,stock,600036,dividend_yield,2024-11-08,5.5104,,250,0
5561,stock,600036,dividend_yield,2024-11-11,5.5837,,250,0
5562,stock,600036,dividend_yield,2024-11-12,5.7032,,250,0
5563,stock,600036,dividend_yield,2024-11-13,5.6655,,250,0
5564,stock,600036,dividend_yield,2024-11-14,5.6267,,250,0
5565,stock,600036,dividend_yield,2024-11-15,5.6655,,250,0
5566,stock,600036,dividend_yield,2024-11-18,5.6525,,250,0
5567,stock,600036,dividend_yield,2024-11-19,5.6819,,250,0
5568,stock,600036,dividend_yield,2024-11-20,5.7214,,250,0
5569,stock,600036,dividend_yield,2024-11-21,5.7297,,250,0
5570,stock,600036,dividend_yield,2024-11-22,5.8977,,250,0
5571,stock,600036,dividend_yield,2024-11-25,5.9385,,250,0
5572,stock,600036,dividend_yield,2024-11-26,5.9083,,250,0
5573,stock,600036,dividend_yield,2024-11-27,5.8713,,250,0
5574,stock,600036,dividend_yield,2024-11-28,5.8941,,250,0
5575,stock,600036,dividend_yield,2024-11-29,5.9171,,250,0
5576,stock,600036,dividend_yield,2024-12-02,5.8871,,250,0
5577,stock,600036,dividend_yield,2024-12-03,5.7818,,250,0
5578,stock,600036,dividend_yield,2024-12-04,5.8348,,250,0
5579,stock,600036,dividend_yield,2024-12-05,5.8176,,250,0
5580,stock,600036,dividend_yield,2024-12-06,5.6851,,250,0
5581,stock,600036,dividend_yield,2024-12-09,5.6851,,250,0
5582,stock,600036,dividend_yield,2024-12-10,5.5413,,250,0
5583,stock,600036,dividend_yield,2024-12-11,5.5885,,250,0
5584,stock,600036,dividend_yield,2024-12-12,5.5104,,250,0
5585,stock,600036,dividend_yield,2024-12-13,5.7515,,250,0
5586,stock,600036,dividend_yield,2024-12-16,5.6786,,250,0
5587,stock,600036,dividend_yield,2024-12-17,5.6606,,250,0
5588,stock,600036,dividend_yield,2024-12-18,5.5538,,250,0
5589,stock,600036,dividend_yield,2024-12-19,5.6332,,250,0
5590,stock,600036,dividend_yield,2024-12-20,5.6509,,250,0
5591,stock,600036,dividend_yield,2024-12-23,5.5806,,250,0
5592,stock,600036,dividend_yield,2024-12-24,5.4465,,250,0
5593,stock,600036,dividend_yield,2024-12-25,5.4195,,250,0
5594,stock,600036,dividend_yield,2024-12-26,5.4076,,250,0
5595,stock,600036,dividend_yield,2024-12-27,5.4285,,250,0
5596,stock,600036,dividend_yield,2024-12-30,5.3869,,250,0
5597,stock,600036,dividend_yield,2024-12-31,5.4345,,250,0
5598,stock,600036,dividend_yield,2025-01-02,5.5554,,250,0
5599,stock,600036,dividend_yield,2025-01-03,5.532,,250,0
5600,stock,600036,dividend_yield,2025-01-06,5.4722,,250,0
5601,stock,600036,dividend_yield,2025-01-07,5.495,,250,0
5602,stock,600036,dividend_yield,2025-01-08,5.4375,,250,0
5603,stock,600036,dividend_yield,2025-01-09,5.4798,,250,0
5604,stock,600036,dividend_yield,2025-01-10,5.4828,,250,0
5605,stock,600036,dividend_yield,2025-01-13,5.4691,,250,0
5606,stock,600036,dividend_yield,2025-01-14,5.3533,,250,0
5607,stock,600036,dividend_yield,2025-01-15,5.2409,,250,0
5608,stock,600036,dividend_yield,2025-01-16,5.1926,,250,0
5609,stock,600036,dividend_yield,2025-01-17,5.2312,,250,0
5610,stock,600036,dividend_yield,2025-01-20,5.3144,,250,0
5611,stock,600036,dividend_yield,2025-01-21,5.3115,,250,0
5612,stock,600036,dividend_yield,2025-01-22,5.4121,,250,0
5613,stock,600036,dividend_yield,2025-01-23,5.3562,,250,0
5614,stock,600036,dividend_yield,2025-01-24,5.2944,,250,0
5615,stock,600036,dividend_yield,2025-01-27,5.2395,,250,0
5616,stock,600036,dividend_yield,2025-02-05,5.3316,,250,0
5617,stock,600036,dividend_yield,2025-02-06,5.3029,,250,0
5618,stock,600036,dividend_yield,2025-02-07,5.3029,,250,0
5619,stock,600036,dividend_yield,2025-02-10,5.2465,,250,0
5620,stock,600036,dividend_yield,2025-02-11,5.194,,250,0
5621,stock,600036,dividend_yield,2025-02-12,5.1079,,250,0
5622,stock,600036,dividend_yield,2025-02-13,5.096,,250,0
5623,stock,600036,dividend_yield,2025-02-14,5.0542,,250,0
5624,stock,600036,dividend_yield,2025-02-17,5.0947,,250,0
5625,stock,600036,dividend_yield,2025-02-18,5.0516,,250,0
5626,stock,600036,dividend_yield,2025-02-19,5.0607,,250,0
5627,stock,600036,dividend_yield,2025-02-20,5.0776,,250,0
5628,stock,600036,dividend_yield,2025-02-21,5.1372,,250,0
5629,stock,600036,dividend_yield,2025-02-24,5.1546,,250,0
5630,stock,600036,dividend_yield,2025-02-25,5.1872,,250,0
5631,stock,600036,dividend_yield,2025-02-26,5.1265,,250,0
5632,stock,600036,dividend_yield,2025-02-27,5.0093,,250,0
5633,stock,600036,dividend_yield,2025-02-28,5.0516,,250,0
5634,stock,600036,dividend_yield,2025-03-03,5.0516,,250,0
5635,stock,600036,dividend_yield,2025-03-04,5.0842,,250,0
5636,stock,600036,dividend_yield,2025-03-05,4.9452,,250,0
5637,stock,600036,dividend_yield,2025-03-06,4.9365,,250,0
5638,stock,600036,dividend_yield,2025-03-07,4.8623,,250,0
5639,stock,600036,dividend_yield,2025-03-10,4.923,,250,0
5640,stock,600036,dividend_yield,2025-03-11,4.8695,,250,0
5641,stock,600036,dividend_yield,2025-03-12,4.8659,,250,0
5642,stock,600036,dividend_yield,2025-03-13,4.8301,,250,0
5643,stock,600036,dividend_yield,2025-03-14,4.6789,,250,0
5644,stock,600036,dividend_yield,2025-03-17,4.6922,,250,0
5645,stock,600036,dividend_yield,2025-03-18,4.6811,,250,0
5646,stock,600036,dividend_yield,2025-03-19,4.5853,,250,0
5647,stock,600036,dividend_yield,2025-03-20,4.67,,250,0
5648,stock,600036,dividend_yield,2025-03-21,4.7305,,250,0
5649,stock,600036,dividend_yield,2025-03-24,4.6911,,250,0
5650,stock,600036,dividend_yield,2025-03-25,4.6866,,250,0
5651,stock,600036,dividend_yield,2025-03-26,4.9739,,250,0
5652,stock,600036,dividend_yield,2025-03-27,4.8997,,250,0
5653,stock,600036,dividend_yield,2025-03-28,4.9046,,250,0
5654,stock,600036,dividend_yield,2025-03-31,4.8961,,250,0
5655,stock,600036,dividend_yield,2025-04-01,4.9477,,250,0
5656,stock,600036,dividend_yield,2025-04-02,4.9651,,250,0
5657,stock,600036,dividend_yield,2025-04-03,4.9751,,250,0
5658,stock,600036,dividend_yield,2025-04-07,5.2146,,250,0
5659,stock,600036,dividend_yield,2025-04-08,5.1708,,250,0
5660,stock,600036,dividend_yield,2025-04-09,5.2661,,250,0
5661,stock,600036,dividend_yield,2025-04-10,5.1776,,250,0
5662,stock,600036,dividend_yield,2025-04-11,5.1225,,250,0
5663,stock,600036,dividend_yield,2025-04-14,5.1265,,250,0
5664,stock,600036,dividend_yield,2025-04-15,5.0452,,250,0
5665,stock,600036,dividend_yield,2025-04-16,5.0259,,250,0
5666,stock,600036,dividend_yield,2025-04-17,5.0426,,250,0
5667,stock,600036,dividend_yield,2025-04-18,4.9626,,250,0
5668,stock,600036,dividend_yield,2025-04-21,5.022,,250,0
5669,stock,600036,dividend_yield,2025-04-22,5.0568,,250,0
5670,stock,600036,dividend_yield,2025-04-23,5.0594,,250,0
5671,stock,600036,dividend_yield,2025-04-24,5.031,,250,0
5672,stock,600036,dividend_yield,2025-04-25,5.0477,,250,0
5673,stock,600036,dividend_yield,2025-04-28,5.0131,,250,0
5674,stock,600036,dividend_yield,2025-04-29,5.0581,,250,0
5675,stock,600036,dividend_yield,2025-04-30,5.227,,250,0
5676,stock,600036,dividend_yield,2025-05-06,5.1412,,250,0
5677,stock,600036,dividend_yield,2025-05-07,5.0555,,250,0
5678,stock,600036,dividend_yield,2025-05-08,4.9564,,250,0
5679,stock,600036,dividend_yield,2025-05-09,4.8731,,250,0
5680,stock,600036,dividend_yield,2025-05-12,4.8349,,250,0
5681,stock,600036,dividend_yield,2025-05-13,4.7464,,250,0
5682,stock,600036,dividend_yield,2025-05-14,4.718,,250,0
5683,stock,600036,dividend_yield,2025-05-15,4.7057,,250,0
5684,stock,600036,dividend_yield,2025-05-16,4.7798,,250,0
5685,stock,600036,dividend_yield,2025-05-19,4.8301,,250,0
5686,stock,600036,dividend_yield,2025-05-20,4.823,,250,0
5687,stock,600036,dividend_yield,2025-05-21,4.823,,250,0
5688,stock,600036,dividend_yield,2025-05-22,4.7522,,250,0
5689,stock,600036,dividend_yield,2025-05-23,4.8054,,250,0
5690,stock,600036,dividend_yield,2025-05-26,4.8349,,250,0
5691,stock,600036,dividend_yield,2025-05-27,4.842,,250,0
5692,stock,600036,dividend_yield,2025-05-28,4.8491,,250,0
5693,stock,600036,dividend_yield,2025-05-29,4.8743,,250,0
5694,stock,600036,dividend_yield,2025-05-30,4.8791,,250,0
5695,stock,600036,dividend_yield,2025-06-03,4.8148,,250,0
5696,stock,600036,dividend_yield,2025-06-04,4.8042,,250,0
5697,stock,600036,dividend_yield,2025-06-05,4.7682,,250,0
5698,stock,600036,dividend_yield,2025-06-06,4.7567,,250,0
5699,stock,600036,dividend_yield,2025-06-09,4.7419,,250,0
5700,stock,600036,dividend_yield,2025-06-10,4.7339,,250,0
5701,stock,600036,dividend_yield,2025-06-11,4.6623,,250,0
5702,stock,600036,dividend_yield,2025-06-12,4.6711,,250,0
5703,stock,600036,dividend_yield,2025-06-13,4.6766,,250,0
5704,stock,600036,dividend_yield,2025-06-16,4.611,,250,0
5705,stock,600036,dividend_yield,2025-06-17,4.5896,,250,0
5706,stock,600036,dividend_yield,2025-06-18,4.6035,,250,0
5707,stock,600036,dividend_yield,2025-06-19,4.6273,,250,0
5708,stock,600036,dividend_yield,2025-06-20,4.5885,,250,0
5709,stock,600036,dividend_yield,2025-06-23,4.5609,,250,0
5710,stock,600036,dividend_yield,2025-06-24,4.5088,,250,0
5711,stock,600036,dividend_yield,2025-06-25,4.4328,,250,0
5712,stock,600036,dividend_yield,2025-06-26,4.3952,,250,0
5713,stock,600036,dividend_yield,2025-06-27,4.5641,,250,0
5714,stock,600036,dividend_yield,2025-06-30,4.5928,,250,0
5715,stock,600036,dividend_yield,2025-07-01,4.5399,,250,0
5716,stock,600036,dividend_yield,2025-07-02,4.4934,,250,0
5717,stock,600036,dividend_yield,2025-07-03,4.5232,,250,0
5718,stock,600036,dividend_yield,2025-07-04,4.476,,250,0
5719,stock,600036,dividend_yield,2025-07-07,4.4629,,250,0
5720,stock,600036,dividend_yield,2025-07-08,4.4208,,250,0
5721,stock,600036,dividend_yield,2025-07-09,4.4699,,250,0
5722,stock,600036,dividend_yield,2025-07-10,4.3602,,250,0
5723,stock,600036,dividend_yield,2025-07-11,8.9004,,250,0
5724,stock,600036,dividend_yield,2025-07-14,4.4886,,250,0
5725,stock,600036,dividend_yield,2025-07-15,4.5242,,250,0
5726,stock,600036,dividend_yield,2025-07-16,4.5355,,250,0
5727,stock,600036,dividend_yield,2025-07-17,4.5468,,250,0
5728,stock,600036,dividend_yield,2025-07-18,4.5416,,250,0
5729,stock,600036,dividend_yield,2025-07-21,4.5624,,250,0
5730,stock,600036,dividend_yield,2025-07-22,4.553,,250,0
5731,stock,600036,dividend_yield,2025-07-23,4.5344,,250,0
5732,stock,600036,dividend_yield,2025-07-24,4.5592,,250,0
5733,stock,600036,dividend_yield,2025-07-25,4.5644,,250,0
5734,stock,600036,dividend_yield,2025-07-28,4.6054,,250,0
5735,stock,600036,dividend_yield,2025-07-29,4.6375,,250,0
5736,stock,600036,dividend_yield,2025-07-30,4.6076,,250,0
5737,stock,600036,dividend_yield,2025-07-31,4.6012,,250,0
5738,stock,600036,dividend_yield,2025-08-01,4.6076,,250,0
5739,stock,600036,dividend_yield,2025-08-04,4.5572,,250,0
5740,stock,600036,dividend_yield,2025-08-05,4.5211,,250,0
5741,stock,600036,dividend_yield,2025-08-06,4.5344,,250,0
5742,stock,600036,dividend_yield,2025-08-07,4.5313,,250,0
5743,stock,600036,dividend_yield,2025-08-08,4.5959,,250,0
5744,stock,600036,dividend_yield,2025-08-11,4.6418,,250,0
5745,stock,600036,dividend_yield,2025-08-12,4.6526,,250,0
5746,stock,600036,dividend_yield,2025-08-13,4.7029,,250,0
5747,stock,600036,dividend_yield,2025-08-14,4.6765,,250,0
5748,stock,600036,dividend_yield,2025-08-15,4.7296,,250,0
5749,stock,600036,dividend_yield,2025-08-18,4.7062,,250,0
5750,stock,600036,dividend_yield,2025-08-19,4.7184,,250,0
5751,stock,600036,dividend_yield,2025-08-20,4.7129,,250,0
5752,stock,600036,dividend_yield,2025-08-21,4.7106,,250,0
5753,stock,600036,dividend_yield,2025-08-22,4.7341,,250,0
5754,stock,600036,dividend_yield,2025-08-25,4.6667,,250,0
5755,stock,600036,dividend_yield,2025-08-26,4.7051,,250,0
5756,stock,600036,dividend_yield,2025-08-27,4.7634,,250,0
5757,stock,600036,dividend_yield,2025-08-28,4.7656,,250,0
5758,stock,600036,dividend_yield,2025-08-29,4.7759,,250,0
5759,stock,600036,dividend_yield,2025-09-01,4.882,,250,0
5760,stock,600036,dividend_yield,2025-09-02,4.714,,250,0
5761,stock,600036,dividend_yield,2025-09-03,4.7748,,250,0
5762,stock,600036,dividend_yield,2025-09-04,4.7577,,250,0
5763,stock,600036,dividend_yield,2025-09-05,4.7908,,250,0
5764,stock,600036,dividend_yield,2025-09-08,4.8289,,250,0
5765,stock,600036,dividend_yield,2025-09-09,4.7827,,250,0
5766,stock,600036,dividend_yield,2025-09-10,4.7634,,250,0
5767,stock,600036,dividend_yield,2025-09-11,4.7296,,250,0
5768,stock,600036,dividend_yield,2025-09-12,4.8161,,250,0
5769,stock,600036,dividend_yield,2025-09-15,4.8535,,250,0
5770,stock,600036,dividend_yield,2025-09-16,4.9095,,250,0
5771,stock,600036,dividend_yield,2025-09-17,4.9083,,250,0
5772,stock,600036,dividend_yield,2025-09-18,5.023,,250,0
5773,stock,600036,dividend_yield,2025-09-19,5.0016,,250,0
5774,stock,600036,dividend_yield,2025-09-22,5.0117,,250,0
5775,stock,600036,dividend_yield,2025-09-23,4.9338,,250,0
5776,stock,600036,dividend_yield,2025-09-24,4.9619,,250,0
5777,stock,600036,dividend_yield,2025-09-25,5.0242,,250,0
5778,stock,600036,dividend_yield,2025-09-26,5.0268,,250,0
5779,stock,600036,dividend_yield,2025-09-29,5.042,,250,0
5780,stock,600036,dividend_yield,2025-09-30,5.0765,,250,0
5781,stock,600036,dividend_yield,2025-10-09,5.0869,,250,0
5782,stock,600036,dividend_yield,2025-10-10,5.1063,,250,0
5783,stock,600036,dividend_yield,2025-10-13,5.1155,,250,0
5784,stock,600036,dividend_yield,2025-10-14,4.9693,,250,0
5785,stock,600036,dividend_yield,2025-10-15,4.9399,,250,0
5786,stock,600036,dividend_yield,2025-10-16,4.8879,,250,0
5787,stock,600036,dividend_yield,2025-10-17,4.9289,,250,0
5788,stock,600036,dividend_yield,2025-10-20,4.9496,,250,0
5789,stock,600036,dividend_yield,2025-10-21,4.882,,250,0
5790,stock,600036,dividend_yield,2025-10-22,4.8856,,250,0
5791,stock,600036,dividend_yield,2025-10-23,4.8512,,250,0
5792,stock,600036,dividend_yield,2025-10-24,4.8856,,250,0
5793,stock,600036,dividend_yield,2025-10-27,4.9289,,250,0
5794,stock,600036,dividend_yield,2025-10-28,4.9277,,250,0
5795,stock,600036,dividend_yield,2025-10-29,5.0306,,250,0
5796,stock,600036,dividend_yield,2025-10-30,4.9767,,250,0
5797,stock,600036,dividend_yield,2025-10-31,5.0154,,250,0
5798,stock,600036,dividend_yield,2025-11-03,4.9047,,250,0
5799,stock,600036,dividend_yield,2025-11-04,4.7622,,250,0
5800,stock,600036,dividend_yield,2025-11-05,4.7862,,250,0
5801,stock,600036,dividend_yield,2025-11-06,4.8395,,250,0
5802,stock,600036,dividend_yield,2025-11-07,4.8196,,250,0
5803,stock,600036,dividend_yield,2025-11-10,4.7954,,250,0
5804,stock,600036,dividend_yield,2025-11-11,4.7679,,250,0
5805,stock,600036,dividend_yield,2025-11-12,4.7713,,250,0
5806,stock,600036,dividend_yield,2025-11-13,4.7397,,250,0
5807,stock,600036,dividend_yield,2025-11-14,4.7352,,250,0
5808,stock,600036,dividend_yield,2025-11-17,4.8034,,250,0
5809,stock,600036,dividend_yield,2025-11-18,4.777,,250,0
5810,stock,600036,dividend_yield,2025-11-19,4.7386,,250,0
5811,stock,600036,dividend_yield,2025-11-20,4.7374,,250,0
5812,stock,600036,dividend_yield,2025-11-21,4.7634,,250,0
5813,stock,600036,dividend_yield,2025-11-24,4.8057,,250,0
5814,stock,600036,dividend_yield,2025-11-25,4.7352,,250,0
5815,stock,600036,dividend_yield,2025-11-26,4.7352,,250,0
5816,stock,600036,dividend_yield,2025-11-27,4.7419,,250,0
5817,stock,600036,dividend_yield,2025-11-28,4.7691,,250,0
5818,stock,600036,dividend_yield,2025-12-01,4.714,,250,0
5819,stock,600036,dividend_yield,2025-12-02,4.7207,,250,0
5820,stock,600036,dividend_yield,2025-12-03,4.7622,,250,0
5821,stock,600036,dividend_yield,2025-12-04,4.7386,,250,0
5822,stock,600036,dividend_yield,2025-12-05,4.7129,,250,0
5823,stock,600036,dividend_yield,2025-12-08,4.743,,250,0
5824,stock,600036,dividend_yield,2025-12-09,4.7588,,250,0
5825,stock,600036,dividend_yield,2025-12-10,4.9156,,250,0
5826,stock,600036,dividend_yield,2025-12-11,4.918,,250,0
5827,stock,600036,dividend_yield,2025-12-12,4.9107,,250,0
5828,stock,600036,dividend_yield,2025-12-15,4.9035,,250,0
5829,stock,600036,dividend_yield,2025-12-16,4.9156,,250,0
5830,stock,600036,dividend_yield,2025-12-17,4.9374,,250,0
5831,stock,600036,dividend_yield,2025-12-18,4.8359,,250,0
5832,stock,600036,dividend_yield,2025-12-19,4.8808,,250,0
5833,stock,600036,dividend_yield,2025-12-22,4.9071,,250,0
5834,stock,600036,dividend_yield,2025-12-23,4.8903,,250,0
5835,stock,600036,dividend_yield,2025-12-24,4.8999,,250,0
5836,stock,600036,dividend_yield,2025-12-25,4.9059,,250,0
5837,stock,600036,dividend_yield,2025-12-26,4.9156,,250,0
5838,stock,600036,dividend_yield,2025-12-29,4.8951,,250,0
5839,stock,600036,dividend_yield,2025-12-30,4.8465,,250,0
5840,stock,600036,dividend_yield,2025-12-31,7.3089,,250,0
5841,stock,600036,dividend_yield,2026-01-05,7.2647,,250,0
5842,stock,600036,dividend_yield,2026-01-06,7.1985,,250,0
5843,stock,600036,dividend_yield,2026-01-07,7.3,,250,0
5844,stock,600036,dividend_yield,2026-01-08,7.4026,,250,0
5845,stock,600036,dividend_yield,2026-01-09,7.454,,250,0
5846,stock,600036,dividend_yield,2026-01-12,7.4875,,250,0
5847,stock,600036,dividend_yield,2026-01-13,7.4856,,250,0
5848,stock,600036,dividend_yield,2026-01-14,7.6888,,250,0
5849,stock,600036,dividend_yield,2026-01-15,7.6809,,250,0
5850,stock,600036,dividend_yield,2026-01-16,10.3719,,250,0
5851,stock,600036,dividend_yield,2026-01-19,10.4176,,250,0
5852,stock,600036,dividend_yield,2026-01-20,10.3692,,250,0
5853,stock,600036,dividend_yield,2026-01-21,10.5021,,250,0
5854,stock,600036,dividend_yield,2026-01-22,10.6103,,250,0
5855,stock,600036,dividend_yield,2026-01-23,10.7093,,250,0
5856,stock,600036,dividend_yield,2026-01-26,10.5629,,250,0
5857,stock,600036,dividend_yield,2026-01-27,10.5407,,250,0
5858,stock,600036,dividend_yield,2026-01-28,10.6243,,250,0
5859,stock,600036,dividend_yield,2026-01-29,10.423,,250,0
5860,stock,600036,dividend_yield,2026-01-30,10.3853,,250,0
5861,stock,600036,dividend_yield,2026-02-02,10.4447,,250,0
5862,stock,600036,dividend_yield,2026-02-03,10.4856,,250,0
5863,stock,600036,dividend_yield,2026-02-04,10.2948,,250,0
5864,stock,600036,dividend_yield,2026-02-05,10.1133,,250,0
5865,stock,600036,dividend_yield,2026-02-06,10.1414,,250,0
5866,stock,600036,dividend_yield,2026-02-09,10.1722,,250,0
5867,stock,600036,dividend_yield,2026-02-10,10.2084,,250,0
5868,stock,600036,dividend_yield,2026-02-11,10.1929,,250,0
5869,stock,600036,dividend_yield,2026-02-12,10.3001,,250,0
5870,stock,600036,dividend_yield,2026-02-13,10.3746,,250,0
5871,stock,600036,dividend_yield,2026-02-24,10.3133,,250,0
5872,stock,600036,dividend_yield,2026-02-25,10.3559,,250,0
5873,stock,600036,dividend_yield,2026-02-26,10.3773,,250,0
5874,stock,600036,dividend_yield,2026-02-27,10.3639,,250,0
5875,stock,600036,dividend_yield,2026-03-02,10.3853,,250,0
5876,stock,600036,dividend_yield,2026-03-03,10.2501,,250,0
5877,stock,600036,dividend_yield,2026-03-04,10.4041,,250,0
5878,stock,600036,dividend_yield,2026-03-05,10.258,,250,0
5879,stock,600036,dividend_yield,2026-03-06,10.2449,,250,0
5880,stock,600036,dividend_yield,2026-03-09,10.3532,,250,0
5881,stock,600036,dividend_yield,2026-03-10,10.2397,,250,0
5882,stock,600036,dividend_yield,2026-03-11,10.1671,,250,0
5883,stock,600036,dividend_yield,2026-03-12,10.1671,,250,0
5884,stock,600036,dividend_yield,2026-03-13,10.1006,,250,0
5885,stock,600036,dividend_yield,2026-03-16,10.0626,,250,0
5886,stock,600036,dividend_yield,2026-03-17,10.01,,250,0
5887,stock,600036,dividend_yield,2026-03-18,10.0601,,250,0
5888,stock,600036,dividend_yield,2026-03-19,10.0981,,250,0
5889,stock,600036,dividend_yield,2026-03-20,10.1031,,250,0
5890,stock,600036,dividend_yield,2026-03-23,10.3826,,250,0
5891,stock,600036,dividend_yield,2026-03-24,10.2318,,250,0
5892,stock,600036,dividend_yield,2026-03-25,10.2292,,250,0
5893,stock,600036,dividend_yield,2026-03-26,10.1517,,250,0
5894,stock,600036,dividend_yield,2026-03-27,10.1826,,250,0
5895,stock,600036,dividend_yield,2026-03-30,10.1722,,250,0
5896,stock,600036,dividend_yield,2026-03-31,10.2136,,250,0
5897,stock,600036,dividend_yield,2026-04-01,10.0854,,250,0
5898,stock,600036,dividend_yield,2026-04-02,10.1006,,250,0
5899,stock,600036,dividend_yield,2026-04-03,10.1929,,250,0
5900,stock,600036,dividend_yield,2026-04-07,10.3001,,250,0
5901,stock,600036,dividend_yield,2026-04-08,10.1363,,250,0
5902,stock,600036,dividend_yield,2026-04-09,10.2292,,250,0
5903,stock,600036,dividend_yield,2026-04-10,10.2423,,250,0
5904,stock,600036,dividend_yield,2026-04-13,10.3027,,250,0
5905,stock,600036,dividend_yield,2026-04-14,10.2632,,250,0
5906,stock,600036,dividend_yield,2026-04-15,10.0652,,250,0
5907,stock,600036,dividend_yield,2026-04-16,10.0626,,250,0
5908,stock,600036,dividend_yield,2026-04-17,10.1619,,250,0
5909,stock,600036,dividend_yield,2026-04-20,10.0727,,250,0
5910,stock,600036,dividend_yield,2026-04-21,10.0727,,250,0
5911,stock,600036,dividend_yield,2026-04-22,10.1057,,250,0
5912,stock,600036,dividend_yield,2026-04-23,10.0879,,250,0
5913,stock,600036,dividend_yield,2026-04-24,10.1981,,250,0
5914,stock,600036,dividend_yield,2026-04-27,10.1981,,250,0
5915,stock,600036,dividend_yield,2026-04-28,10.1414,,250,0
5916,stock,600036,dividend_yield,2026-04-29,10.4312,,250,0
5917,stock,600036,dividend_yield,2026-04-30,10.4939,,250,0
5918,stock,600036,dividend_yield,2026-05-06,10.5684,,250,0
5919,stock,600036,dividend_yield,2026-05-07,10.5823,,250,0
5920,stock,600036,dividend_yield,2026-05-08,10.5851,,250,0
5921,stock,600036,dividend_yield,2026-05-11,10.5768,,250,0
5922,stock,600036,dividend_yield,2026-05-12,10.5963,,250,0
5923,stock,600036,dividend_yield,2026-05-13,10.6019,,250,0
5924,stock,600036,dividend_yield,2026-05-14,10.6215,,250,0
5925,stock,600036,dividend_yield,2026-05-15,10.6667,,250,0
5926,stock,600036,dividend_yield,2026-05-18,10.7179,,250,0
5927,stock,600036,dividend_yield,2026-05-19,10.7466,,250,0
5928,stock,600036,dividend_yield,2026-05-20,10.8044,,250,0
5929,stock,600036,dividend_yield,2026-05-21,10.8102,,250,0
5930,stock,600036,dividend_yield,2026-05-22,10.8482,,250,0
5931,stock,600036,dividend_yield,2026-05-25,10.8717,,250,0
5932,stock,600036,dividend_yield,2026-05-26,10.8541,,250,0
5933,stock,600036,dividend_yield,2026-05-27,10.8541,,250,0
5934,stock,600036,dividend_yield,2026-05-28,10.819,,250,0
5935,stock,600036,dividend_yield,2026-05-29,10.5656,,250,0
5936,stock,600036,dividend_yield,2026-06-01,10.5131,,250,0
5937,stock,600036,dividend_yield,2026-06-02,10.3505,,250,0
5938,stock,600036,dividend_yield,2026-06-03,10.4312,,250,0
5939,stock,600036,dividend_yield,2026-06-04,10.5407,,250,0
5940,stock,600036,dividend_yield,2026-06-05,10.4095,,250,0
5941,stock,600036,dividend_yield,2026-06-08,10.4312,,250,0
5942,stock,600036,dividend_yield,2026-06-09,10.4339,,250,0
5943,stock,600036,dividend_yield,2026-06-10,10.3239,,250,0
5944,stock,600036,dividend_yield,2026-06-11,10.3692,,250,0
5945,stock,600036,dividend_yield,2026-06-12,10.2084,,250,0
5946,stock,600036,dividend_yield,2026-06-15,10.3107,,250,0
5947,stock,600036,dividend_yield,2026-06-16,10.4122,,250,0
5948,stock,600036,dividend_yield,2026-06-17,10.5048,,250,0
5949,stock,600036,dividend_yield,2026-06-18,10.7783,,250,0
5950,stock,600036,dividend_yield,2026-06-22,10.6667,,250,0
5951,stock,600036,dividend_yield,2026-06-23,10.738,,250,0
5952,stock,600036,dividend_yield,2026-06-24,10.9249,,250,0
5953,stock,600036,dividend_yield,2026-06-25,11.0847,,250,0
5954,stock,600036,dividend_yield,2026-06-26,11.1556,,250,0
5955,stock,600036,dividend_yield,2026-06-29,11.0269,,250,0
5956,stock,600036,dividend_yield,2026-06-30,11.3127,,250,0
5957,stock,601318,dividend_yield,2022-10-20,2.9802,,250,0
5958,stock,601318,dividend_yield,2022-10-21,3.0154,,250,0
5959,stock,601318,dividend_yield,2022-10-24,3.2213,,250,0
5960,stock,601318,dividend_yield,2022-10-25,3.219,,250,0
5961,stock,601318,dividend_yield,2022-10-26,3.2247,,250,0
5962,stock,601318,dividend_yield,2022-10-27,3.2258,,250,0
5963,stock,601318,dividend_yield,2022-10-28,3.3345,,250,0
5964,stock,601318,dividend_yield,2022-10-31,3.4061,,250,0
5965,stock,601318,dividend_yield,2022-11-01,3.2486,,250,0
5966,stock,601318,dividend_yield,2022-11-02,3.2555,,250,0
5967,stock,601318,dividend_yield,2022-11-03,3.3105,,250,0
5968,stock,601318,dividend_yield,2022-11-04,3.1539,,250,0
5969,stock,601318,dividend_yield,2022-11-07,3.1029,,250,0
5970,stock,601318,dividend_yield,2022-11-08,3.1134,,250,0
5971,stock,601318,dividend_yield,2022-11-09,3.1475,,250,0
5972,stock,601318,dividend_yield,2022-11-10,3.1378,,250,0
5973,stock,601318,dividend_yield,2022-11-11,2.9497,,250,0
5974,stock,601318,dividend_yield,2022-11-14,2.8343,,250,0
5975,stock,601318,dividend_yield,2022-11-15,2.7586,,250,0
5976,stock,601318,dividend_yield,2022-11-16,2.7744,,250,0
5977,stock,601318,dividend_yield,2022-11-17,2.7528,,250,0
5978,stock,601318,dividend_yield,2022-11-18,2.7862,,250,0
5979,stock,601318,dividend_yield,2022-11-21,2.8687,,250,0
5980,stock,601318,dividend_yield,2022-11-22,2.8023,,250,0
5981,stock,601318,dividend_yield,2022-11-23,2.8195,,250,0
5982,stock,601318,dividend_yield,2022-11-24,2.8169,,250,0
5983,stock,601318,dividend_yield,2022-11-25,2.7373,,250,0
5984,stock,601318,dividend_yield,2022-11-28,2.8509,,250,0
5985,stock,601318,dividend_yield,2022-11-29,2.5814,,250,0
5986,stock,601318,dividend_yield,2022-11-30,2.5691,,250,0
5987,stock,601318,dividend_yield,2022-12-01,2.5778,,250,0
5988,stock,601318,dividend_yield,2022-12-02,2.593,,250,0
5989,stock,601318,dividend_yield,2022-12-05,2.4122,,250,0
5990,stock,601318,dividend_yield,2022-12-06,2.4021,,250,0
5991,stock,601318,dividend_yield,2022-12-07,2.4494,,250,0
5992,stock,601318,dividend_yield,2022-12-08,2.4204,,250,0
5993,stock,601318,dividend_yield,2022-12-09,2.3921,,250,0
5994,stock,601318,dividend_yield,2022-12-12,2.4845,,250,0
5995,stock,601318,dividend_yield,2022-12-13,2.4494,,250,0
5996,stock,601318,dividend_yield,2022-12-14,2.4371,,250,0
5997,stock,601318,dividend_yield,2022-12-15,2.4671,,250,0
5998,stock,601318,dividend_yield,2022-12-16,2.4364,,250,0
5999,stock,601318,dividend_yield,2022-12-19,2.5116,,250,0
6000,stock,601318,dividend_yield,2022-12-20,2.5706,,250,0
6001,stock,601318,dividend_yield,2022-12-21,2.5471,,250,0
6002,stock,601318,dividend_yield,2022-12-22,2.5041,,250,0
6003,stock,601318,dividend_yield,2022-12-23,2.5205,,250,0
6004,stock,601318,dividend_yield,2022-12-26,2.5901,,250,0
6005,stock,601318,dividend_yield,2022-12-27,2.5247,,250,0
6006,stock,601318,dividend_yield,2022-12-28,2.4771,,250,0
6007,stock,601318,dividend_yield,2022-12-29,2.5082,,250,0
6008,stock,601318,dividend_yield,2022-12-30,2.43,,250,0
6009,stock,601318,dividend_yield,2023-01-03,2.4204,,250,0
6010,stock,601318,dividend_yield,2023-01-04,2.3356,,250,0
6011,stock,601318,dividend_yield,2023-01-05,2.3121,,250,0
6012,stock,601318,dividend_yield,2023-01-06,2.266,,250,0
6013,stock,601318,dividend_yield,2023-01-09,2.2025,,250,0
6014,stock,601318,dividend_yield,2023-01-10,2.296,,250,0
6015,stock,601318,dividend_yield,2023-01-11,2.2137,,250,0
6016,stock,601318,dividend_yield,2023-01-12,2.2025,,250,0
6017,stock,601318,dividend_yield,2023-01-13,2.1291,,250,0
6018,stock,601318,dividend_yield,2023-01-16,2.142,,250,0
6019,stock,601318,dividend_yield,2023-01-17,2.1719,,250,0
6020,stock,601318,dividend_yield,2023-01-18,2.1693,,250,0
6021,stock,601318,dividend_yield,2023-01-19,2.1561,,250,0
6022,stock,601318,dividend_yield,2023-01-20,2.1415,,250,0
6023,stock,601318,dividend_yield,2023-01-30,2.1729,,250,0
6024,stock,601318,dividend_yield,2023-01-31,2.1989,,250,0
6025,stock,601318,dividend_yield,2023-02-01,2.1796,,250,0
6026,stock,601318,dividend_yield,2023-02-02,2.2068,,250,0
6027,stock,601318,dividend_yield,2023-02-03,2.2739,,250,0
6028,stock,601318,dividend_yield,2023-02-06,2.3578,,250,0
6029,stock,601318,dividend_yield,2023-02-07,2.3256,,250,0
6030,stock,601318,dividend_yield,2023-02-08,2.3374,,250,0
6031,stock,601318,dividend_yield,2023-02-09,2.2897,,250,0
6032,stock,601318,dividend_yield,2023-02-10,2.2908,,250,0
6033,stock,601318,dividend_yield,2023-02-13,2.2937,,250,0
6034,stock,601318,dividend_yield,2023-02-14,2.2571,,250,0
6035,stock,601318,dividend_yield,2023-02-15,2.315,,250,0
6036,stock,601318,dividend_yield,2023-02-16,2.2966,,250,0
6037,stock,601318,dividend_yield,2023-02-17,2.3197,,250,0
6038,stock,601318,dividend_yield,2023-02-20,2.2543,,250,0
6039,stock,601318,dividend_yield,2023-02-21,2.251,,250,0
6040,stock,601318,dividend_yield,2023-02-22,2.2977,,250,0
6041,stock,601318,dividend_yield,2023-02-23,2.3092,,250,0
6042,stock,601318,dividend_yield,2023-02-24,2.3554,,250,0
6043,stock,601318,dividend_yield,2023-02-27,2.3797,,250,0
6044,stock,601318,dividend_yield,2023-02-28,2.3554,,250,0
6045,stock,601318,dividend_yield,2023-03-01,2.2521,,250,0
6046,stock,601318,dividend_yield,2023-03-02,2.2406,,250,0
6047,stock,601318,dividend_yield,2023-03-03,2.2363,,250,0
6048,stock,601318,dividend_yield,2023-03-06,2.3327,,250,0
6049,stock,601318,dividend_yield,2023-03-07,2.373,,250,0
6050,stock,601318,dividend_yield,2023-03-08,2.4153,,250,0
6051,stock,601318,dividend_yield,2023-03-09,2.4533,,250,0
6052,stock,601318,dividend_yield,2023-03-10,2.4959,,250,0
6053,stock,601318,dividend_yield,2023-03-13,2.4625,,250,0
6054,stock,601318,dividend_yield,2023-03-14,2.533,,250,0
6055,stock,601318,dividend_yield,2023-03-15,2.4993,,250,0
6056,stock,601318,dividend_yield,2023-03-16,2.5492,,250,0
6057,stock,601318,dividend_yield,2023-03-17,2.4825,,250,0
6058,stock,601318,dividend_yield,2023-03-20,2.5247,,250,0
6059,stock,601318,dividend_yield,2023-03-21,2.4953,,250,0
6060,stock,601318,dividend_yield,2023-03-22,2.4625,,250,0
6061,stock,601318,dividend_yield,2023-03-23,2.4377,,250,0
6062,stock,601318,dividend_yield,2023-03-24,2.4825,,250,0
6063,stock,601318,dividend_yield,2023-03-27,2.4966,,250,0
6064,stock,601318,dividend_yield,2023-03-28,2.5041,,250,0
6065,stock,601318,dividend_yield,2023-03-29,2.5358,,250,0
6066,stock,601318,dividend_yield,2023-03-30,2.5316,,250,0
6067,stock,601318,dividend_yield,2023-03-31,2.5233,,250,0
6068,stock,601318,dividend_yield,2023-04-03,2.5178,,250,0
6069,stock,601318,dividend_yield,2023-04-04,2.5254,,250,0
6070,stock,601318,dividend_yield,2023-04-06,2.5598,,250,0
6071,stock,601318,dividend_yield,2023-04-07,2.5212,,250,0
6072,stock,601318,dividend_yield,2023-04-10,2.4919,,250,0
6073,stock,601318,dividend_yield,2023-04-11,2.5192,,250,0
6074,stock,601318,dividend_yield,2023-04-12,2.5233,,250,0
6075,stock,601318,dividend_yield,2023-04-13,2.557,,250,0
6076,stock,601318,dividend_yield,2023-04-14,2.5309,,250,0
6077,stock,601318,dividend_yield,2023-04-17,2.3996,,250,0
6078,stock,601318,dividend_yield,2023-04-18,2.3303,,250,0
6079,stock,601318,dividend_yield,2023-04-19,2.3434,,250,0
6080,stock,601318,dividend_yield,2023-04-20,2.3203,,250,0
6081,stock,601318,dividend_yield,2023-04-21,2.4468,,250,0
6082,stock,601318,dividend_yield,2023-04-24,2.4691,,250,0
6083,stock,601318,dividend_yield,2023-04-25,2.4899,,250,0
6084,stock,601318,dividend_yield,2023-04-26,2.5102,,250,0
6085,stock,601318,dividend_yield,2023-04-27,2.2314,,250,0
6086,stock,601318,dividend_yield,2023-04-28,2.1566,,250,0
6087,stock,601318,dividend_yield,2023-05-04,2.0646,,250,0
6088,stock,601318,dividend_yield,2023-05-05,2.0586,,250,0
6089,stock,601318,dividend_yield,2023-05-08,2.0096,,250,0
6090,stock,601318,dividend_yield,2023-05-09,2.0749,,250,0
6091,stock,601318,dividend_yield,2023-05-10,2.1311,,250,0
6092,stock,601318,dividend_yield,2023-05-11,2.1291,,250,0
6093,stock,601318,dividend_yield,2023-05-12,2.1837,,250,0
6094,stock,601318,dividend_yield,2023-05-15,2.0642,,250,0
6095,stock,601318,dividend_yield,2023-05-16,2.0881,,250,0
6096,stock,601318,dividend_yield,2023-05-17,2.151,,250,0
6097,stock,601318,dividend_yield,2023-05-18,2.1556,,250,0
6098,stock,601318,dividend_yield,2023-05-19,2.1957,,250,0
6099,stock,601318,dividend_yield,2023-05-22,2.176,,250,0
6100,stock,601318,dividend_yield,2023-05-23,2.2571,,250,0
6101,stock,601318,dividend_yield,2023-05-24,2.3392,,250,0
6102,stock,601318,dividend_yield,2023-05-25,2.3434,,250,0
6103,stock,601318,dividend_yield,2023-05-26,2.341,,250,0
6104,stock,601318,dividend_yield,2023-05-29,2.365,,250,0
6105,stock,601318,dividend_yield,2023-05-30,2.3681,,250,0
6106,stock,601318,dividend_yield,2023-05-31,2.43,,250,0
6107,stock,601318,dividend_yield,2023-06-01,2.4015,,250,0
6108,stock,601318,dividend_yield,2023-06-02,2.3023,,250,0
6109,stock,601318,dividend_yield,2023-06-05,2.3368,,250,0
6110,stock,601318,dividend_yield,2023-06-06,2.3221,,250,0
6111,stock,601318,dividend_yield,2023-06-07,2.3075,,250,0
6112,stock,601318,dividend_yield,2023-06-08,2.2699,,250,0
6113,stock,601318,dividend_yield,2023-06-09,2.2806,,250,0
6114,stock,601318,dividend_yield,2023-06-12,2.2755,,250,0
6115,stock,601318,dividend_yield,2023-06-13,2.2722,,250,0
6116,stock,601318,dividend_yield,2023-06-14,5.9886,,250,0
6117,stock,601318,dividend_yield,2023-06-15,5.9343,,250,0
6118,stock,601318,dividend_yield,2023-06-16,5.9082,,250,0
6119,stock,601318,dividend_yield,2023-06-19,6.0712,,250,0
6120,stock,601318,dividend_yield,2023-06-20,6.1656,,250,0
6121,stock,601318,dividend_yield,2023-06-21,6.2051,,250,0
6122,stock,601318,dividend_yield,2023-06-26,6.3202,,250,0
6123,stock,601318,dividend_yield,2023-06-27,6.2597,,250,0
6124,stock,601318,dividend_yield,2023-06-28,6.2211,,250,0
6125,stock,601318,dividend_yield,2023-06-29,6.2597,,250,0
6126,stock,601318,dividend_yield,2023-06-30,6.2436,,250,0
6127,stock,601318,dividend_yield,2023-07-03,5.9694,,250,0
6128,stock,601318,dividend_yield,2023-07-04,6.0035,,250,0
6129,stock,601318,dividend_yield,2023-07-05,6.0942,,250,0
6130,stock,601318,dividend_yield,2023-07-06,6.1019,,250,0
6131,stock,601318,dividend_yield,2023-07-07,6.1157,,250,0
6132,stock,601318,dividend_yield,2023-07-10,6.2099,,250,0
6133,stock,601318,dividend_yield,2023-07-11,6.1173,,250,0
6134,stock,601318,dividend_yield,2023-07-12,6.1034,,250,0
6135,stock,601318,dividend_yield,2023-07-13,5.9053,,250,0
6136,stock,601318,dividend_yield,2023-07-14,5.9024,,250,0
6137,stock,601318,dividend_yield,2023-07-17,5.9886,,250,0
6138,stock,601318,dividend_yield,2023-07-18,6.0561,,250,0
6139,stock,601318,dividend_yield,2023-07-19,6.0304,,250,0
6140,stock,601318,dividend_yield,2023-07-20,6.0835,,250,0
6141,stock,601318,dividend_yield,2023-07-21,6.1531,,250,0
6142,stock,601318,dividend_yield,2023-07-24,6.2083,,250,0
6143,stock,601318,dividend_yield,2023-07-25,5.7743,,250,0
6144,stock,601318,dividend_yield,2023-07-26,5.7867,,250,0
6145,stock,601318,dividend_yield,2023-07-27,5.7292,,250,0
6146,stock,601318,dividend_yield,2023-07-28,5.464,,250,0
6147,stock,601318,dividend_yield,2023-07-31,5.3826,,250,0
6148,stock,601318,dividend_yield,2023-08-01,5.4875,,250,0
6149,stock,601318,dividend_yield,2023-08-02,5.5289,,250,0
6150,stock,601318,dividend_yield,2023-08-03,5.4054,,250,0
6151,stock,601318,dividend_yield,2023-08-04,5.4677,,250,0
6152,stock,601318,dividend_yield,2023-08-07,5.4925,,250,0
6153,stock,601318,dividend_yield,2023-08-08,5.5479,,250,0
6154,stock,601318,dividend_yield,2023-08-09,5.5479,,250,0
6155,stock,601318,dividend_yield,2023-08-10,5.5352,,250,0
6156,stock,601318,dividend_yield,2023-08-11,5.7992,,250,0
6157,stock,601318,dividend_yield,2023-08-14,5.9183,,250,0
6158,stock,601318,dividend_yield,2023-08-15,5.8967,,250,0
6159,stock,601318,dividend_yield,2023-08-16,5.9445,,250,0
6160,stock,601318,dividend_yield,2023-08-17,6.0094,,250,0
6161,stock,601318,dividend_yield,2023-08-18,6.0682,,250,0
6162,stock,601318,dividend_yield,2023-08-21,6.2004,,250,0
6163,stock,601318,dividend_yield,2023-08-22,6.1484,,250,0
6164,stock,601318,dividend_yield,2023-08-23,6.2339,,250,0
6165,stock,601318,dividend_yield,2023-08-24,6.2275,,250,0
6166,stock,601318,dividend_yield,2023-08-25,6.1468,,250,0
6167,stock,601318,dividend_yield,2023-08-28,5.9797,,250,0
6168,stock,601318,dividend_yield,2023-08-29,5.914,,250,0
6169,stock,601318,dividend_yield,2023-08-30,5.9591,,250,0
6170,stock,601318,dividend_yield,2023-08-31,5.8809,,250,0
6171,stock,601318,dividend_yield,2023-09-01,5.6995,,250,0
6172,stock,601318,dividend_yield,2023-09-04,5.5239,,250,0
6173,stock,601318,dividend_yield,2023-09-05,5.6861,,250,0
6174,stock,601318,dividend_yield,2023-09-06,5.5773,,250,0
6175,stock,601318,dividend_yield,2023-09-07,5.6834,,250,0
6176,stock,601318,dividend_yield,2023-09-08,5.6968,,250,0
6177,stock,601318,dividend_yield,2023-09-11,5.6648,,250,0
6178,stock,601318,dividend_yield,2023-09-12,5.7197,,250,0
6179,stock,601318,dividend_yield,2023-09-13,5.7812,,250,0
6180,stock,601318,dividend_yield,2023-09-14,5.8243,,250,0
6181,stock,601318,dividend_yield,2023-09-15,5.8229,,250,0
6182,stock,601318,dividend_yield,2023-09-18,5.8089,,250,0
6183,stock,601318,dividend_yield,2023-09-19,5.8117,,250,0
6184,stock,601318,dividend_yield,2023-09-20,5.8667,,250,0
6185,stock,601318,dividend_yield,2023-09-21,5.9241,,250,0
6186,stock,601318,dividend_yield,2023-09-22,5.6688,,250,0
6187,stock,601318,dividend_yield,2023-09-25,5.8426,,250,0
6188,stock,601318,dividend_yield,2023-09-26,5.914,,250,0
6189,stock,601318,dividend_yield,2023-09-27,5.8996,,250,0
6190,stock,601318,dividend_yield,2023-09-28,5.9518,,250,0
6191,stock,601318,dividend_yield,2023-10-09,5.9857,,250,0
6192,stock,601318,dividend_yield,2023-10-10,6.0561,,250,0
6193,stock,601318,dividend_yield,2023-10-11,6.0424,,250,0
6194,stock,601318,dividend_yield,2023-10-12,5.9328,,250,0
6195,stock,601318,dividend_yield,2023-10-13,6.0005,,250,0
6196,stock,601318,dividend_yield,2023-10-16,6.0652,,250,0
6197,stock,601318,dividend_yield,2023-10-17,6.044,,250,0
6198,stock,601318,dividend_yield,2023-10-18,6.0881,,250,0
6199,stock,601318,dividend_yield,2023-10-19,6.3004,,250,0
6200,stock,601318,dividend_yield,2023-10-20,6.3351,,250,0
6201,stock,601318,dividend_yield,2023-10-23,3.9164,,250,0
6202,stock,601318,dividend_yield,2023-10-24,3.9002,,250,0
6203,stock,601318,dividend_yield,2023-10-25,6.2629,,250,0
6204,stock,601318,dividend_yield,2023-10-26,6.2324,,250,0
6205,stock,601318,dividend_yield,2023-10-27,6.3166,,250,0
6206,stock,601318,dividend_yield,2023-10-30,6.2953,,250,0
6207,stock,601318,dividend_yield,2023-10-31,6.271,,250,0
6208,stock,601318,dividend_yield,2023-11-01,6.3281,,250,0
6209,stock,601318,dividend_yield,2023-11-02,6.3364,,250,0
6210,stock,601318,dividend_yield,2023-11-03,6.3068,,250,0
6211,stock,601318,dividend_yield,2023-11-06,6.1753,,250,0
6212,stock,601318,dividend_yield,2023-11-07,6.297,,250,0
6213,stock,601318,dividend_yield,2023-11-08,6.4082,,250,0
6214,stock,601318,dividend_yield,2023-11-09,6.6448,,250,0
6215,stock,601318,dividend_yield,2023-11-10,6.8182,,250,0
6216,stock,601318,dividend_yield,2023-11-13,6.8105,,250,0
6217,stock,601318,dividend_yield,2023-11-14,6.7688,,250,0
6218,stock,601318,dividend_yield,2023-11-15,6.6303,,250,0
6219,stock,601318,dividend_yield,2023-11-16,6.7201,,250,0
6220,stock,601318,dividend_yield,2023-11-17,6.7594,,250,0
6221,stock,601318,dividend_yield,2023-11-20,6.7127,,250,0
6222,stock,601318,dividend_yield,2023-11-21,6.6832,,250,0
6223,stock,601318,dividend_yield,2023-11-22,6.7463,,250,0
6224,stock,601318,dividend_yield,2023-11-23,6.6868,,250,0
6225,stock,601318,dividend_yield,2023-11-24,6.7538,,250,0
6226,stock,601318,dividend_yield,2023-11-27,6.9152,,250,0
6227,stock,601318,dividend_yield,2023-11-28,6.9508,,250,0
6228,stock,601318,dividend_yield,2023-11-29,7.1387,,250,0
6229,stock,601318,dividend_yield,2023-11-30,7.1282,,250,0
6230,stock,601318,dividend_yield,2023-12-01,7.0825,,250,0
6231,stock,601318,dividend_yield,2023-12-04,7.2171,,250,0
6232,stock,601318,dividend_yield,2023-12-05,7.404,,250,0
6233,stock,601318,dividend_yield,2023-12-06,7.404,,250,0
6234,stock,601318,dividend_yield,2023-12-07,7.4471,,250,0
6235,stock,601318,dividend_yield,2023-12-08,7.4815,,250,0
6236,stock,601318,dividend_yield,2023-12-11,7.3883,,250,0
6237,stock,601318,dividend_yield,2023-12-12,7.3458,,250,0
6238,stock,601318,dividend_yield,2023-12-13,7.5513,,250,0
6239,stock,601318,dividend_yield,2023-12-14,7.5961,,250,0
6240,stock,601318,dividend_yield,2023-12-15,7.5748,,250,0
6241,stock,601318,dividend_yield,2023-12-18,7.6176,,250,0
6242,stock,601318,dividend_yield,2023-12-19,7.5938,,250,0
6243,stock,601318,dividend_yield,2023-12-20,7.656,,250,0
6244,stock,601318,dividend_yield,2023-12-21,7.5725,,250,0
6245,stock,601318,dividend_yield,2023-12-22,7.5023,,250,0
6246,stock,601318,dividend_yield,2023-12-25,7.4838,,250,0
6247,stock,601318,dividend_yield,2023-12-26,7.5023,,250,0
6248,stock,601318,dividend_yield,2023-12-27,7.5255,,250,0
6249,stock,601318,dividend_yield,2023-12-28,7.2429,,250,0
6250,stock,601318,dividend_yield,2023-12-29,7.2343,,250,0
6251,stock,601318,dividend_yield,2024-01-02,7.4176,,250,0
6252,stock,601318,dividend_yield,2024-01-03,7.4335,,250,0
6253,stock,601318,dividend_yield,2024-01-04,7.5489,,250,0
6254,stock,601318,dividend_yield,2024-01-05,7.5325,,250,0
6255,stock,601318,dividend_yield,2024-01-08,7.656,,250,0
6256,stock,601318,dividend_yield,2024-01-09,7.6729,,250,0
6257,stock,601318,dividend_yield,2024-01-10,7.811,,250,0
6258,stock,601318,dividend_yield,2024-01-11,7.6608,,250,0
6259,stock,601318,dividend_yield,2024-01-12,7.7586,,250,0
6260,stock,601318,dividend_yield,2024-01-15,7.7241,,250,0
6261,stock,601318,dividend_yield,2024-01-16,7.5961,,250,0
6262,stock,601318,dividend_yield,2024-01-17,7.7636,,250,0
6263,stock,601318,dividend_yield,2024-01-18,7.5279,,250,0
6264,stock,601318,dividend_yield,2024-01-19,7.4792,,250,0
6265,stock,601318,dividend_yield,2024-01-22,7.4153,,250,0
6266,stock,601318,dividend_yield,2024-01-23,7.4426,,250,0
6267,stock,601318,dividend_yield,2024-01-24,7.2624,,250,0
6268,stock,601318,dividend_yield,2024-01-25,7.0557,,250,0
6269,stock,601318,dividend_yield,2024-01-26,7.0353,,250,0
6270,stock,601318,dividend_yield,2024-01-29,7.0907,,250,0
6271,stock,601318,dividend_yield,2024-01-30,7.2581,,250,0
6272,stock,601318,dividend_yield,2024-01-31,7.1893,,250,0
6273,stock,601318,dividend_yield,2024-02-01,7.2343,,250,0
6274,stock,601318,dividend_yield,2024-02-02,7.2776,,250,0
6275,stock,601318,dividend_yield,2024-02-05,7.1534,,250,0
6276,stock,601318,dividend_yield,2024-02-06,6.9727,,250,0
6277,stock,601318,dividend_yield,2024-02-07,6.8124,,250,0
6278,stock,601318,dividend_yield,2024-02-08,6.7369,,250,0
6279,stock,601318,dividend_yield,2024-02-19,6.7463,,250,0
6280,stock,601318,dividend_yield,2024-02-20,6.8182,,250,0
6281,stock,601318,dividend_yield,2024-02-21,6.5889,,250,0
6282,stock,601318,dividend_yield,2024-02-22,6.5693,,250,0
6283,stock,601318,dividend_yield,2024-02-23,6.5043,,250,0
6284,stock,601318,dividend_yield,2024-02-26,6.7053,,250,0
6285,stock,601318,dividend_yield,2024-02-27,6.674,,250,0
6286,stock,601318,dividend_yield,2024-02-28,6.7613,,250,0
6287,stock,601318,dividend_yield,2024-02-29,6.7146,,250,0
6288,stock,601318,dividend_yield,2024-03-01,6.6979,,250,0
6289,stock,601318,dividend_yield,2024-03-04,6.8201,,250,0
6290,stock,601318,dividend_yield,2024-03-05,6.7313,,250,0
6291,stock,601318,dividend_yield,2024-03-06,6.7896,,250,0
6292,stock,601318,dividend_yield,2024-03-07,6.685,,250,0
6293,stock,601318,dividend_yield,2024-03-08,6.7183,,250,0
6294,stock,601318,dividend_yield,2024-03-11,6.6667,,250,0
6295,stock,601318,dividend_yield,2024-03-12,6.5499,,250,0
6296,stock,601318,dividend_yield,2024-03-13,6.765,,250,0
6297,stock,601318,dividend_yield,2024-03-14,6.7991,,250,0
6298,stock,601318,dividend_yield,2024-03-15,6.7934,,250,0
6299,stock,601318,dividend_yield,2024-03-18,6.7782,,250,0
6300,stock,601318,dividend_yield,2024-03-19,6.9191,,250,0
6301,stock,601318,dividend_yield,2024-03-20,6.9014,,250,0
6302,stock,601318,dividend_yield,2024-03-21,6.88,,250,0
6303,stock,601318,dividend_yield,2024-03-22,7.1787,,250,0
6304,stock,601318,dividend_yield,2024-03-25,7.2043,,250,0
6305,stock,601318,dividend_yield,2024-03-26,7.1073,,250,0
6306,stock,601318,dividend_yield,2024-03-27,7.1597,,250,0
6307,stock,601318,dividend_yield,2024-03-28,7.1513,,250,0
6308,stock,601318,dividend_yield,2024-03-29,7.1261,,250,0
6309,stock,601318,dividend_yield,2024-04-01,7.0353,,250,0
6310,stock,601318,dividend_yield,2024-04-02,7.0866,,250,0
6311,stock,601318,dividend_yield,2024-04-03,7.1915,,250,0
6312,stock,601318,dividend_yield,2024-04-08,7.2516,,250,0
6313,stock,601318,dividend_yield,2024-04-09,7.2754,,250,0
6314,stock,601318,dividend_yield,2024-04-10,7.4792,,250,0
6315,stock,601318,dividend_yield,2024-04-11,7.5372,,250,0
6316,stock,601318,dividend_yield,2024-04-12,7.821,,250,0
6317,stock,601318,dividend_yield,2024-04-15,7.6777,,250,0
6318,stock,601318,dividend_yield,2024-04-16,7.6972,,250,0
6319,stock,601318,dividend_yield,2024-04-17,7.5372,,250,0
6320,stock,601318,dividend_yield,2024-04-18,7.3659,,250,0
6321,stock,601318,dividend_yield,2024-04-19,7.4289,,250,0
6322,stock,601318,dividend_yield,2024-04-22,7.337,,250,0
6323,stock,601318,dividend_yield,2024-04-23,7.3237,,250,0
6324,stock,601318,dividend_yield,2024-04-24,7.1703,,250,0
6325,stock,601318,dividend_yield,2024-04-25,7.0742,,250,0
6326,stock,601318,dividend_yield,2024-04-26,6.9787,,250,0
6327,stock,601318,dividend_yield,2024-04-29,6.8702,,250,0
6328,stock,601318,dividend_yield,2024-04-30,7.013,,250,0
6329,stock,601318,dividend_yield,2024-05-06,6.7915,,250,0
6330,stock,601318,dividend_yield,2024-05-07,6.7726,,250,0
6331,stock,601318,dividend_yield,2024-05-08,6.8956,,250,0
6332,stock,601318,dividend_yield,2024-05-09,6.8201,,250,0
6333,stock,601318,dividend_yield,2024-05-10,6.709,,250,0
6334,stock,601318,dividend_yield,2024-05-13,6.7613,,250,0
6335,stock,601318,dividend_yield,2024-05-14,6.8258,,250,0
6336,stock,601318,dividend_yield,2024-05-15,6.9172,,250,0
6337,stock,601318,dividend_yield,2024-05-16,6.6868,,250,0
6338,stock,601318,dividend_yield,2024-05-17,6.3133,,250,0
6339,stock,601318,dividend_yield,2024-05-20,6.271,,250,0
6340,stock,601318,dividend_yield,2024-05-21,6.2807,,250,0
6341,stock,601318,dividend_yield,2024-05-22,6.2807,,250,0
6342,stock,601318,dividend_yield,2024-05-23,6.383,,250,0
6343,stock,601318,dividend_yield,2024-05-24,6.5358,,250,0
6344,stock,601318,dividend_yield,2024-05-27,6.4991,,250,0
6345,stock,601318,dividend_yield,2024-05-28,6.5587,,250,0
6346,stock,601318,dividend_yield,2024-05-29,6.6104,,250,0
6347,stock,601318,dividend_yield,2024-05-30,6.6685,,250,0
6348,stock,601318,dividend_yield,2024-05-31,6.6832,,250,0
6349,stock,601318,dividend_yield,2024-06-03,6.6722,,250,0
6350,stock,601318,dividend_yield,2024-06-04,6.6466,,250,0
6351,stock,601318,dividend_yield,2024-06-05,6.6813,,250,0
6352,stock,601318,dividend_yield,2024-06-06,6.7991,,250,0
6353,stock,601318,dividend_yield,2024-06-07,6.8625,,250,0
6354,stock,601318,dividend_yield,2024-06-11,6.9191,,250,0
6355,stock,601318,dividend_yield,2024-06-12,7.0049,,250,0
6356,stock,601318,dividend_yield,2024-06-13,7.0252,,250,0
6357,stock,601318,dividend_yield,2024-06-14,2.6451,,250,0
6358,stock,601318,dividend_yield,2024-06-17,2.667,,250,0
6359,stock,601318,dividend_yield,2024-06-18,2.6556,,250,0
6360,stock,601318,dividend_yield,2024-06-19,2.6353,,250,0
6361,stock,601318,dividend_yield,2024-06-20,2.6724,,250,0
6362,stock,601318,dividend_yield,2024-06-21,2.6602,,250,0
6363,stock,601318,dividend_yield,2024-06-24,2.6503,,250,0
6364,stock,601318,dividend_yield,2024-06-25,2.6693,,250,0
6365,stock,601318,dividend_yield,2024-06-26,2.6617,,250,0
6366,stock,601318,dividend_yield,2024-06-27,2.6793,,250,0
6367,stock,601318,dividend_yield,2024-06-28,2.684,,250,0
6368,stock,601318,dividend_yield,2024-07-01,2.664,,250,0
6369,stock,601318,dividend_yield,2024-07-02,2.6227,,250,0
6370,stock,601318,dividend_yield,2024-07-03,2.6153,,250,0
6371,stock,601318,dividend_yield,2024-07-04,2.6368,,250,0
6372,stock,601318,dividend_yield,2024-07-05,2.7027,,250,0
6373,stock,601318,dividend_yield,2024-07-08,2.7249,,250,0
6374,stock,601318,dividend_yield,2024-07-09,2.6716,,250,0
6375,stock,601318,dividend_yield,2024-07-10,2.6458,,250,0
6376,stock,601318,dividend_yield,2024-07-11,2.6398,,250,0
6377,stock,601318,dividend_yield,2024-07-12,2.5855,,250,0
6378,stock,601318,dividend_yield,2024-07-15,2.5963,,250,0
6379,stock,601318,dividend_yield,2024-07-16,2.6972,,250,0
6380,stock,601318,dividend_yield,2024-07-17,2.6138,,250,0
6381,stock,601318,dividend_yield,2024-07-18,2.608,,250,0
6382,stock,601318,dividend_yield,2024-07-19,2.5606,,250,0
6383,stock,601318,dividend_yield,2024-07-22,2.5627,,250,0
6384,stock,601318,dividend_yield,2024-07-23,2.5776,,250,0
6385,stock,601318,dividend_yield,2024-07-24,2.5941,,250,0
6386,stock,601318,dividend_yield,2024-07-25,2.5934,,250,0
6387,stock,601318,dividend_yield,2024-07-26,6.7764,,250,0
6388,stock,601318,dividend_yield,2024-07-29,6.7332,,250,0
6389,stock,601318,dividend_yield,2024-07-30,6.7313,,250,0
6390,stock,601318,dividend_yield,2024-07-31,6.5095,,250,0
6391,stock,601318,dividend_yield,2024-08-01,6.5182,,250,0
6392,stock,601318,dividend_yield,2024-08-02,6.6412,,250,0
6393,stock,601318,dividend_yield,2024-08-05,6.6086,,250,0
6394,stock,601318,dividend_yield,2024-08-06,6.8124,,250,0
6395,stock,601318,dividend_yield,2024-08-07,6.8509,,250,0
6396,stock,601318,dividend_yield,2024-08-08,6.8278,,250,0
6397,stock,601318,dividend_yield,2024-08-09,6.8683,,250,0
6398,stock,601318,dividend_yield,2024-08-12,6.8663,,250,0
6399,stock,601318,dividend_yield,2024-08-13,6.8354,,250,0
6400,stock,601318,dividend_yield,2024-08-14,6.8917,,250,0
6401,stock,601318,dividend_yield,2024-08-15,6.7332,,250,0
6402,stock,601318,dividend_yield,2024-08-16,6.6795,,250,0
6403,stock,601318,dividend_yield,2024-08-19,6.5961,,250,0
6404,stock,601318,dividend_yield,2024-08-20,6.6231,,250,0
6405,stock,601318,dividend_yield,2024-08-21,6.614,,250,0
6406,stock,601318,dividend_yield,2024-08-22,6.6612,,250,0
6407,stock,601318,dividend_yield,2024-08-23,6.3746,,250,0
6408,stock,601318,dividend_yield,2024-08-26,6.3746,,250,0
6409,stock,601318,dividend_yield,2024-08-27,6.4082,,250,0
6410,stock,601318,dividend_yield,2024-08-28,6.4015,,250,0
6411,stock,601318,dividend_yield,2024-08-29,6.4991,,250,0
6412,stock,601318,dividend_yield,2024-08-30,6.2629,,250,0
6413,stock,601318,dividend_yield,2024-09-02,6.3579,,250,0
6414,stock,601318,dividend_yield,2024-09-03,6.3981,,250,0
6415,stock,601318,dividend_yield,2024-09-04,6.4956,,250,0
6416,stock,601318,dividend_yield,2024-09-05,6.3629,,250,0
6417,stock,601318,dividend_yield,2024-09-06,6.3914,,250,0
6418,stock,601318,dividend_yield,2024-09-09,6.4887,,250,0
6419,stock,601318,dividend_yield,2024-09-10,6.4921,,250,0
6420,stock,601318,dividend_yield,2024-09-11,6.5165,,250,0
6421,stock,601318,dividend_yield,2024-09-12,6.5025,,250,0
6422,stock,601318,dividend_yield,2024-09-13,6.4525,,250,0
6423,stock,601318,dividend_yield,2024-09-18,6.3166,,250,0
6424,stock,601318,dividend_yield,2024-09-19,6.2629,,250,0
6425,stock,601318,dividend_yield,2024-09-20,6.2436,,250,0
6426,stock,601318,dividend_yield,2024-09-23,6.2532,,250,0
6427,stock,601318,dividend_yield,2024-09-24,5.8881,,250,0
6428,stock,601318,dividend_yield,2024-09-25,5.7679,,250,0
6429,stock,601318,dividend_yield,2024-09-26,5.3773,,250,0
6430,stock,601318,dividend_yield,2024-09-27,5.2068,,250,0
6431,stock,601318,dividend_yield,2024-09-30,4.6857,,250,0
6432,stock,601318,dividend_yield,2024-10-08,4.3009,,250,0
6433,stock,601318,dividend_yield,2024-10-09,4.8147,,250,0
6434,stock,601318,dividend_yield,2024-10-10,4.5617,,250,0
6435,stock,601318,dividend_yield,2024-10-11,4.6454,,250,0
6436,stock,601318,dividend_yield,2024-10-14,4.5472,,250,0
6437,stock,601318,dividend_yield,2024-10-15,4.6767,,250,0
6438,stock,601318,dividend_yield,2024-10-16,4.6596,,250,0
6439,stock,601318,dividend_yield,2024-10-17,4.6938,,250,0
6440,stock,601318,dividend_yield,2024-10-18,6.354,,250,0
6441,stock,601318,dividend_yield,2024-10-21,6.3878,,250,0
6442,stock,601318,dividend_yield,2024-10-22,6.3685,,250,0
6443,stock,601318,dividend_yield,2024-10-23,6.2211,,250,0
6444,stock,601318,dividend_yield,2024-10-24,6.2454,,250,0
6445,stock,601318,dividend_yield,2024-10-25,4.5506,,250,0
6446,stock,601318,dividend_yield,2024-10-28,4.5677,,250,0
6447,stock,601318,dividend_yield,2024-10-29,4.5565,,250,0
6448,stock,601318,dividend_yield,2024-10-30,4.7029,,250,0
6449,stock,601318,dividend_yield,2024-10-31,4.7075,,250,0
6450,stock,601318,dividend_yield,2024-11-01,4.6866,,250,0
6451,stock,601318,dividend_yield,2024-11-04,4.6136,,250,0
6452,stock,601318,dividend_yield,2024-11-05,4.4628,,250,0
6453,stock,601318,dividend_yield,2024-11-06,4.5685,,250,0
6454,stock,601318,dividend_yield,2024-11-07,4.2978,,250,0
6455,stock,601318,dividend_yield,2024-11-08,4.4327,,250,0
6456,stock,601318,dividend_yield,2024-11-11,4.4917,,250,0
6457,stock,601318,dividend_yield,2024-11-12,4.6101,,250,0
6458,stock,601318,dividend_yield,2024-11-13,4.5944,,250,0
6459,stock,601318,dividend_yield,2024-11-14,4.611,,250,0
6460,stock,601318,dividend_yield,2024-11-15,4.7184,,250,0
6461,stock,601318,dividend_yield,2024-11-18,4.7221,,250,0
6462,stock,601318,dividend_yield,2024-11-19,4.7359,,250,0
6463,stock,601318,dividend_yield,2024-11-20,4.7498,,250,0
6464,stock,601318,dividend_yield,2024-11-21,4.747,,250,0
6465,stock,601318,dividend_yield,2024-11-22,4.9867,,250,0
6466,stock,601318,dividend_yield,2024-11-25,5.0342,,250,0
6467,stock,601318,dividend_yield,2024-11-26,4.9846,,250,0
6468,stock,601318,dividend_yield,2024-11-27,4.934,,250,0
6469,stock,601318,dividend_yield,2024-11-28,4.9724,,250,0
6470,stock,601318,dividend_yield,2024-11-29,4.9642,,250,0
6471,stock,601318,dividend_yield,2024-12-02,4.8884,,250,0
6472,stock,601318,dividend_yield,2024-12-03,4.8474,,250,0
6473,stock,601318,dividend_yield,2024-12-04,4.8962,,250,0
6474,stock,601318,dividend_yield,2024-12-05,4.921,,250,0
6475,stock,601318,dividend_yield,2024-12-06,4.7816,,250,0
6476,stock,601318,dividend_yield,2024-12-09,4.809,,250,0
6477,stock,601318,dividend_yield,2024-12-10,4.735,,250,0
6478,stock,601318,dividend_yield,2024-12-11,4.8024,,250,0
6479,stock,601318,dividend_yield,2024-12-12,4.7387,,250,0
6480,stock,601318,dividend_yield,2024-12-13,4.915,,250,0
6481,stock,601318,dividend_yield,2024-12-16,4.9775,,250,0
6482,stock,601318,dividend_yield,2024-12-17,4.9887,,250,0
6483,stock,601318,dividend_yield,2024-12-18,4.9959,,250,0
6484,stock,601318,dividend_yield,2024-12-19,5.001,,250,0
6485,stock,601318,dividend_yield,2024-12-20,5.029,,250,0
6486,stock,601318,dividend_yield,2024-12-23,4.9795,,250,0
6487,stock,601318,dividend_yield,2024-12-24,4.9111,,250,0
6488,stock,601318,dividend_yield,2024-12-25,4.8992,,250,0
6489,stock,601318,dividend_yield,2024-12-26,4.944,,250,0
6490,stock,601318,dividend_yield,2024-12-27,4.9622,,250,0
6491,stock,601318,dividend_yield,2024-12-30,4.8992,,250,0
6492,stock,601318,dividend_yield,2024-12-31,5.0259,,250,0
6493,stock,601318,dividend_yield,2025-01-02,5.2359,,250,0
6494,stock,601318,dividend_yield,2025-01-03,5.2826,,250,0
6495,stock,601318,dividend_yield,2025-01-06,5.278,,250,0
6496,stock,601318,dividend_yield,2025-01-07,5.2976,,250,0
6497,stock,601318,dividend_yield,2025-01-08,5.2826,,250,0
6498,stock,601318,dividend_yield,2025-01-09,5.3395,,250,0
6499,stock,601318,dividend_yield,2025-01-10,5.4423,,250,0
6500,stock,601318,dividend_yield,2025-01-13,5.4866,,250,0
6501,stock,601318,dividend_yield,2025-01-14,5.3928,,250,0
6502,stock,601318,dividend_yield,2025-01-15,5.4229,,250,0
6503,stock,601318,dividend_yield,2025-01-16,5.406,,250,0
6504,stock,601318,dividend_yield,2025-01-17,5.3904,,250,0
6505,stock,601318,dividend_yield,2025-01-20,5.3395,,250,0
6506,stock,601318,dividend_yield,2025-01-21,5.3289,,250,0
6507,stock,601318,dividend_yield,2025-01-22,5.4423,,250,0
6508,stock,601318,dividend_yield,2025-01-23,5.2746,,250,0
6509,stock,601318,dividend_yield,2025-01-24,5.2191,,250,0
6510,stock,601318,dividend_yield,2025-01-27,5.2202,,250,0
6511,stock,601318,dividend_yield,2025-02-05,5.3501,,250,0
6512,stock,601318,dividend_yield,2025-02-06,5.2884,,250,0
6513,stock,601318,dividend_yield,2025-02-07,5.2168,,250,0
6514,stock,601318,dividend_yield,2025-02-10,5.2146,,250,0
6515,stock,601318,dividend_yield,2025-02-11,5.2575,,250,0
6516,stock,601318,dividend_yield,2025-02-12,5.1945,,250,0
6517,stock,601318,dividend_yield,2025-02-13,5.2012,,250,0
6518,stock,601318,dividend_yield,2025-02-14,5.1266,,250,0
6519,stock,601318,dividend_yield,2025-02-17,5.1115,,250,0
6520,stock,601318,dividend_yield,2025-02-18,5.1691,,250,0
6521,stock,601318,dividend_yield,2025-02-19,5.1538,,250,0
6522,stock,601318,dividend_yield,2025-02-20,5.2281,,250,0
6523,stock,601318,dividend_yield,2025-02-21,5.1812,,250,0
6524,stock,601318,dividend_yield,2025-02-24,5.0943,,250,0
6525,stock,601318,dividend_yield,2025-02-25,5.2057,,250,0
6526,stock,601318,dividend_yield,2025-02-26,5.1352,,250,0
6527,stock,601318,dividend_yield,2025-02-27,5.1352,,250,0
6528,stock,601318,dividend_yield,2025-02-28,5.2734,,250,0
6529,stock,601318,dividend_yield,2025-03-03,5.2792,,250,0
6530,stock,601318,dividend_yield,2025-03-04,5.308,,250,0
6531,stock,601318,dividend_yield,2025-03-05,5.2734,,250,0
6532,stock,601318,dividend_yield,2025-03-06,5.1331,,250,0
6533,stock,601318,dividend_yield,2025-03-07,5.1483,,250,0
6534,stock,601318,dividend_yield,2025-03-10,5.1757,,250,0
6535,stock,601318,dividend_yield,2025-03-11,5.1483,,250,0
6536,stock,601318,dividend_yield,2025-03-12,5.1868,,250,0
6537,stock,601318,dividend_yield,2025-03-13,5.1879,,250,0
6538,stock,601318,dividend_yield,2025-03-14,4.942,,250,0
6539,stock,601318,dividend_yield,2025-03-17,4.9511,,250,0
6540,stock,601318,dividend_yield,2025-03-18,4.9131,,250,0
6541,stock,601318,dividend_yield,2025-03-19,4.8825,,250,0
6542,stock,601318,dividend_yield,2025-03-20,5.0425,,250,0
6543,stock,601318,dividend_yield,2025-03-21,5.1212,,250,0
6544,stock,601318,dividend_yield,2025-03-24,5.0805,,250,0
6545,stock,601318,dividend_yield,2025-03-25,5.0986,,250,0
6546,stock,601318,dividend_yield,2025-03-26,5.1244,,250,0
6547,stock,601318,dividend_yield,2025-03-27,5.0879,,250,0
6548,stock,601318,dividend_yield,2025-03-28,5.0986,,250,0
6549,stock,601318,dividend_yield,2025-03-31,5.1342,,250,0
6550,stock,601318,dividend_yield,2025-04-01,5.1352,,250,0
6551,stock,601318,dividend_yield,2025-04-02,5.1093,,250,0
6552,stock,601318,dividend_yield,2025-04-03,5.1505,,250,0
6553,stock,601318,dividend_yield,2025-04-07,5.4903,,250,0
6554,stock,601318,dividend_yield,2025-04-08,5.4048,,250,0
6555,stock,601318,dividend_yield,2025-04-09,5.4448,,250,0
6556,stock,601318,dividend_yield,2025-04-10,5.3785,,250,0
6557,stock,601318,dividend_yield,2025-04-11,5.394,,250,0
6558,stock,601318,dividend_yield,2025-04-14,5.3785,,250,0
6559,stock,601318,dividend_yield,2025-04-15,5.3371,,250,0
6560,stock,601318,dividend_yield,2025-04-16,5.3313,,250,0
6561,stock,601318,dividend_yield,2025-04-17,5.2987,,250,0
6562,stock,601318,dividend_yield,2025-04-18,5.2666,,250,0
6563,stock,601318,dividend_yield,2025-04-21,5.2849,,250,0
6564,stock,601318,dividend_yield,2025-04-22,5.2518,,250,0
6565,stock,601318,dividend_yield,2025-04-23,5.2371,,250,0
6566,stock,601318,dividend_yield,2025-04-24,5.179,,250,0
6567,stock,601318,dividend_yield,2025-04-25,5.1669,,250,0
6568,stock,601318,dividend_yield,2025-04-28,5.1801,,250,0
6569,stock,601318,dividend_yield,2025-04-29,5.2034,,250,0
6570,stock,601318,dividend_yield,2025-04-30,5.2359,,250,0
6571,stock,601318,dividend_yield,2025-05-06,5.2258,,250,0
6572,stock,601318,dividend_yield,2025-05-07,5.1834,,250,0
6573,stock,601318,dividend_yield,2025-05-08,5.0986,,250,0
6574,stock,601318,dividend_yield,2025-05-09,5.1212,,250,0
6575,stock,601318,dividend_yield,2025-05-12,5.0311,,250,0
6576,stock,601318,dividend_yield,2025-05-13,5.0457,,250,0
6577,stock,601318,dividend_yield,2025-05-14,4.8224,,250,0
6578,stock,601318,dividend_yield,2025-05-15,4.8649,,250,0
6579,stock,601318,dividend_yield,2025-05-16,4.9501,,250,0
6580,stock,601318,dividend_yield,2025-05-19,4.9592,,250,0
6581,stock,601318,dividend_yield,2025-05-20,4.921,,250,0
6582,stock,601318,dividend_yield,2025-05-21,4.9041,,250,0
6583,stock,601318,dividend_yield,2025-05-22,4.9051,,250,0
6584,stock,601318,dividend_yield,2025-05-23,4.9663,,250,0
6585,stock,601318,dividend_yield,2025-05-26,4.9491,,250,0
6586,stock,601318,dividend_yield,2025-05-27,4.9491,,250,0
6587,stock,601318,dividend_yield,2025-05-28,4.9602,,250,0
6588,stock,601318,dividend_yield,2025-05-29,4.937,,250,0
6589,stock,601318,dividend_yield,2025-05-30,4.9612,,250,0
6590,stock,601318,dividend_yield,2025-06-03,4.9041,,250,0
6591,stock,601318,dividend_yield,2025-06-04,4.9131,,250,0
6592,stock,601318,dividend_yield,2025-06-05,4.8903,,250,0
6593,stock,601318,dividend_yield,2025-06-06,4.9481,,250,0
6594,stock,601318,dividend_yield,2025-06-09,4.917,,250,0
6595,stock,601318,dividend_yield,2025-06-10,4.9461,,250,0
6596,stock,601318,dividend_yield,2025-06-11,4.8445,,250,0
6597,stock,601318,dividend_yield,2025-06-12,4.8109,,250,0
6598,stock,601318,dividend_yield,2025-06-13,4.8426,,250,0
6599,stock,601318,dividend_yield,2025-06-16,4.8581,,250,0
6600,stock,601318,dividend_yield,2025-06-17,4.8668,,250,0
6601,stock,601318,dividend_yield,2025-06-18,4.9081,,250,0
6602,stock,601318,dividend_yield,2025-06-19,4.9693,,250,0
6603,stock,601318,dividend_yield,2025-06-20,4.8176,,250,0
6604,stock,601318,dividend_yield,2025-06-23,4.7835,,250,0
6605,stock,601318,dividend_yield,2025-06-24,4.6295,,250,0
6606,stock,601318,dividend_yield,2025-06-25,4.5353,,250,0
6607,stock,601318,dividend_yield,2025-06-26,4.5608,,250,0
6608,stock,601318,dividend_yield,2025-06-27,4.6145,,250,0
6609,stock,601318,dividend_yield,2025-06-30,7.6734,,250,0
6610,stock,601318,dividend_yield,2025-07-01,7.6415,,250,0
6611,stock,601318,dividend_yield,2025-07-02,7.6257,,250,0
6612,stock,601318,dividend_yield,2025-07-03,7.6271,,250,0
6613,stock,601318,dividend_yield,2025-07-04,7.5181,,250,0
6614,stock,601318,dividend_yield,2025-07-07,7.5377,,250,0
6615,stock,601318,dividend_yield,2025-07-08,7.5349,,250,0
6616,stock,601318,dividend_yield,2025-07-09,7.6128,,250,0
6617,stock,601318,dividend_yield,2025-07-10,7.4407,,250,0
6618,stock,601318,dividend_yield,2025-07-11,7.3623,,250,0
6619,stock,601318,dividend_yield,2025-07-14,7.3811,,250,0
6620,stock,601318,dividend_yield,2025-07-15,7.4449,,250,0
6621,stock,601318,dividend_yield,2025-07-16,7.482,,250,0
6622,stock,601318,dividend_yield,2025-07-17,7.4848,,250,0
6623,stock,601318,dividend_yield,2025-07-18,7.449,,250,0
6624,stock,601318,dividend_yield,2025-07-21,7.4326,,250,0
6625,stock,601318,dividend_yield,2025-07-22,7.5,,250,0
6626,stock,601318,dividend_yield,2025-07-23,7.3237,,250,0
6627,stock,601318,dividend_yield,2025-07-24,7.2399,,250,0
6628,stock,601318,dividend_yield,2025-07-25,7.3131,,250,0
6629,stock,601318,dividend_yield,2025-07-28,4.4433,,250,0
6630,stock,601318,dividend_yield,2025-07-29,4.4902,,250,0
6631,stock,601318,dividend_yield,2025-07-30,4.3958,,250,0
6632,stock,601318,dividend_yield,2025-07-31,4.5544,,250,0
6633,stock,601318,dividend_yield,2025-08-01,4.5946,,250,0
6634,stock,601318,dividend_yield,2025-08-04,4.5938,,250,0
6635,stock,601318,dividend_yield,2025-08-05,4.5181,,250,0
6636,stock,601318,dividend_yield,2025-08-06,4.5245,,250,0
6637,stock,601318,dividend_yield,2025-08-07,4.539,,250,0
6638,stock,601318,dividend_yield,2025-08-08,4.5666,,250,0
6639,stock,601318,dividend_yield,2025-08-11,4.5724,,250,0
6640,stock,601318,dividend_yield,2025-08-12,4.5495,,250,0
6641,stock,601318,dividend_yield,2025-08-13,4.5609,,250,0
6642,stock,601318,dividend_yield,2025-08-14,4.48,,250,0
6643,stock,601318,dividend_yield,2025-08-15,4.4658,,250,0
6644,stock,601318,dividend_yield,2025-08-18,4.5021,,250,0
6645,stock,601318,dividend_yield,2025-08-19,4.5946,,250,0
6646,stock,601318,dividend_yield,2025-08-20,4.5133,,250,0
6647,stock,601318,dividend_yield,2025-08-21,4.48,,250,0
6648,stock,601318,dividend_yield,2025-08-22,4.4118,,250,0
6649,stock,601318,dividend_yield,2025-08-25,4.3739,,250,0
6650,stock,601318,dividend_yield,2025-08-26,4.4102,,250,0
6651,stock,601318,dividend_yield,2025-08-27,4.5544,,250,0
6652,stock,601318,dividend_yield,2025-08-28,4.5422,,250,0
6653,stock,601318,dividend_yield,2025-08-29,4.4596,,250,0
6654,stock,601318,dividend_yield,2025-09-01,4.5691,,250,0
6655,stock,601318,dividend_yield,2025-09-02,4.5568,,250,0
6656,stock,601318,dividend_yield,2025-09-03,4.6296,,250,0
6657,stock,601318,dividend_yield,2025-09-04,4.6533,,250,0
6658,stock,601318,dividend_yield,2025-09-05,4.6196,,250,0
6659,stock,601318,dividend_yield,2025-09-08,4.6364,,250,0
6660,stock,601318,dividend_yield,2025-09-09,4.6112,,250,0
6661,stock,601318,dividend_yield,2025-09-10,4.6221,,250,0
6662,stock,601318,dividend_yield,2025-09-11,4.5544,,250,0
6663,stock,601318,dividend_yield,2025-09-12,4.6381,,250,0
6664,stock,601318,dividend_yield,2025-09-15,4.6678,,250,0
6665,stock,601318,dividend_yield,2025-09-16,4.7292,,250,0
6666,stock,601318,dividend_yield,2025-09-17,4.7336,,250,0
6667,stock,601318,dividend_yield,2025-09-18,4.8498,,250,0
6668,stock,601318,dividend_yield,2025-09-19,4.8664,,250,0
6669,stock,601318,dividend_yield,2025-09-22,4.8618,,250,0
6670,stock,601318,dividend_yield,2025-09-23,4.8739,,250,0
6671,stock,601318,dividend_yield,2025-09-24,4.8488,,250,0
6672,stock,601318,dividend_yield,2025-09-25,4.8673,,250,0
6673,stock,601318,dividend_yield,2025-09-26,4.8553,,250,0
6674,stock,601318,dividend_yield,2025-09-29,4.7833,,250,0
6675,stock,601318,dividend_yield,2025-09-30,4.8655,,250,0
6676,stock,601318,dividend_yield,2025-10-09,4.872,,250,0
6677,stock,601318,dividend_yield,2025-10-10,4.8259,,250,0
6678,stock,601318,dividend_yield,2025-10-13,4.8664,,250,0
6679,stock,601318,dividend_yield,2025-10-14,4.7415,,250,0
6680,stock,601318,dividend_yield,2025-10-15,4.6271,,250,0
6681,stock,601318,dividend_yield,2025-10-16,4.6095,,250,0
6682,stock,601318,dividend_yield,2025-10-17,4.672,,250,0
6683,stock,601318,dividend_yield,2025-10-20,2.9348,,250,0
6684,stock,601318,dividend_yield,2025-10-21,2.9252,,250,0
6685,stock,601318,dividend_yield,2025-10-22,2.9184,,250,0
6686,stock,601318,dividend_yield,2025-10-23,2.8903,,250,0
6687,stock,601318,dividend_yield,2025-10-24,4.5787,,250,0
6688,stock,601318,dividend_yield,2025-10-27,4.5893,,250,0
6689,stock,601318,dividend_yield,2025-10-28,4.5885,,250,0
6690,stock,601318,dividend_yield,2025-10-29,4.493,,250,0
6691,stock,601318,dividend_yield,2025-10-30,4.5167,,250,0
6692,stock,601318,dividend_yield,2025-10-31,4.5827,,250,0
6693,stock,601318,dividend_yield,2025-11-03,4.5438,,250,0
6694,stock,601318,dividend_yield,2025-11-04,4.4938,,250,0
6695,stock,601318,dividend_yield,2025-11-05,4.543,,250,0
6696,stock,601318,dividend_yield,2025-11-06,4.4969,,250,0
6697,stock,601318,dividend_yield,2025-11-07,4.4977,,250,0
6698,stock,601318,dividend_yield,2025-11-10,4.4657,,250,0
6699,stock,601318,dividend_yield,2025-11-11,4.4735,,250,0
6700,stock,601318,dividend_yield,2025-11-12,4.4097,,250,0
6701,stock,601318,dividend_yield,2025-11-13,4.3464,,250,0
6702,stock,601318,dividend_yield,2025-11-14,4.3633,,250,0
6703,stock,601318,dividend_yield,2025-11-17,4.4249,,250,0
6704,stock,601318,dividend_yield,2025-11-18,4.441,,250,0
6705,stock,601318,dividend_yield,2025-11-19,4.3842,,250,0
6706,stock,601318,dividend_yield,2025-11-20,4.3969,,250,0
6707,stock,601318,dividend_yield,2025-11-21,4.4962,,250,0
6708,stock,601318,dividend_yield,2025-11-24,4.5366,,250,0
6709,stock,601318,dividend_yield,2025-11-25,4.4525,,250,0
6710,stock,601318,dividend_yield,2025-11-26,4.4287,,250,0
6711,stock,601318,dividend_yield,2025-11-27,4.4626,,250,0
6712,stock,601318,dividend_yield,2025-11-28,4.4899,,250,0
6713,stock,601318,dividend_yield,2025-12-01,4.5183,,250,0
6714,stock,601318,dividend_yield,2025-12-02,4.5048,,250,0
6715,stock,601318,dividend_yield,2025-12-03,4.5406,,250,0
6716,stock,601318,dividend_yield,2025-12-04,4.5246,,250,0
6717,stock,601318,dividend_yield,2025-12-05,4.2663,,250,0
6718,stock,601318,dividend_yield,2025-12-08,4.1687,,250,0
6719,stock,601318,dividend_yield,2025-12-09,4.2339,,250,0
6720,stock,601318,dividend_yield,2025-12-10,4.227,,250,0
6721,stock,601318,dividend_yield,2025-12-11,4.2284,,250,0
6722,stock,601318,dividend_yield,2025-12-12,4.1345,,250,0
6723,stock,601318,dividend_yield,2025-12-15,3.9339,,250,0
6724,stock,601318,dividend_yield,2025-12-16,3.9387,,250,0
6725,stock,601318,dividend_yield,2025-12-17,3.8763,,250,0
6726,stock,601318,dividend_yield,2025-12-18,3.8502,,250,0
6727,stock,601318,dividend_yield,2025-12-19,3.8358,,250,0
6728,stock,601318,dividend_yield,2025-12-22,3.8479,,250,0
6729,stock,601318,dividend_yield,2025-12-23,3.7939,,250,0
6730,stock,601318,dividend_yield,2025-12-24,3.8199,,250,0
6731,stock,601318,dividend_yield,2025-12-25,3.7219,,250,0
6732,stock,601318,dividend_yield,2025-12-26,3.7026,,250,0
6733,stock,601318,dividend_yield,2025-12-29,3.7722,,250,0
6734,stock,601318,dividend_yield,2025-12-30,3.833,,250,0
6735,stock,601318,dividend_yield,2025-12-31,3.856,,250,0
6736,stock,601318,dividend_yield,2026-01-05,3.6397,,250,0
6737,stock,601318,dividend_yield,2026-01-06,3.5414,,250,0
6738,stock,601318,dividend_yield,2026-01-07,3.5844,,250,0
6739,stock,601318,dividend_yield,2026-01-08,3.7447,,250,0
6740,stock,601318,dividend_yield,2026-01-09,3.8216,,250,0
6741,stock,601318,dividend_yield,2026-01-12,3.9058,,250,0
6742,stock,601318,dividend_yield,2026-01-13,3.8676,,250,0
6743,stock,601318,dividend_yield,2026-01-14,3.9387,,250,0
6744,stock,601318,dividend_yield,2026-01-15,3.9141,,250,0
6745,stock,601318,dividend_yield,2026-01-16,3.9796,,250,0
6746,stock,601318,dividend_yield,2026-01-19,3.9814,,250,0
6747,stock,601318,dividend_yield,2026-01-20,3.963,,250,0
6748,stock,601318,dividend_yield,2026-01-21,4.0094,,250,0
6749,stock,601318,dividend_yield,2026-01-22,4.0761,,250,0
6750,stock,601318,dividend_yield,2026-01-23,4.1352,,250,0
6751,stock,601318,dividend_yield,2026-01-26,4.1192,,250,0
6752,stock,601318,dividend_yield,2026-01-27,4.0434,,250,0
6753,stock,601318,dividend_yield,2026-01-28,4.0794,,250,0
6754,stock,601318,dividend_yield,2026-01-29,3.8792,,250,0
6755,stock,601318,dividend_yield,2026-01-30,3.9538,,250,0
6756,stock,601318,dividend_yield,2026-02-02,3.9988,,250,0
6757,stock,601318,dividend_yield,2026-02-03,3.9642,,250,0
6758,stock,601318,dividend_yield,2026-02-04,3.9147,,250,0
6759,stock,601318,dividend_yield,2026-02-05,3.9177,,250,0
6760,stock,601318,dividend_yield,2026-02-06,3.9447,,250,0
6761,stock,601318,dividend_yield,2026-02-09,3.8387,,250,0
6762,stock,601318,dividend_yield,2026-02-10,3.8682,,250,0
6763,stock,601318,dividend_yield,2026-02-11,3.9087,,250,0
6764,stock,601318,dividend_yield,2026-02-12,3.9667,,250,0
6765,stock,601318,dividend_yield,2026-02-13,4.0447,,250,0
6766,stock,601318,dividend_yield,2026-02-24,4.0956,,250,0
6767,stock,601318,dividend_yield,2026-02-25,4.06,,250,0
6768,stock,601318,dividend_yield,2026-02-26,4.1619,,250,0
6769,stock,601318,dividend_yield,2026-02-27,4.1898,,250,0
6770,stock,601318,dividend_yield,2026-03-02,4.2409,,250,0
6771,stock,601318,dividend_yield,2026-03-03,4.2256,,250,0
6772,stock,601318,dividend_yield,2026-03-04,4.2805,,250,0
6773,stock,601318,dividend_yield,2026-03-05,4.2599,,250,0
6774,stock,601318,dividend_yield,2026-03-06,4.2186,,250,0
6775,stock,601318,dividend_yield,2026-03-09,4.3085,,250,0
6776,stock,601318,dividend_yield,2026-03-10,4.2592,,250,0
6777,stock,601318,dividend_yield,2026-03-11,4.227,,250,0
6778,stock,601318,dividend_yield,2026-03-12,4.2941,,250,0
6779,stock,601318,dividend_yield,2026-03-13,4.323,,250,0
6780,stock,601318,dividend_yield,2026-03-16,4.376,,250,0
6781,stock,601318,dividend_yield,2026-03-17,4.2769,,250,0
6782,stock,601318,dividend_yield,2026-03-18,4.2734,,250,0
6783,stock,601318,dividend_yield,2026-03-19,4.3656,,250,0
6784,stock,601318,dividend_yield,2026-03-20,4.4318,,250,0
6785,stock,601318,dividend_yield,2026-03-23,4.6123,,250,0
6786,stock,601318,dividend_yield,2026-03-24,4.5592,,250,0
6787,stock,601318,dividend_yield,2026-03-25,4.5056,,250,0
6788,stock,601318,dividend_yield,2026-03-26,4.6685,,250,0
6789,stock,601318,dividend_yield,2026-03-27,4.6558,,250,0
6790,stock,601318,dividend_yield,2026-03-30,4.7087,,250,0
6791,stock,601318,dividend_yield,2026-03-31,4.6702,,250,0
6792,stock,601318,dividend_yield,2026-04-01,4.5543,,250,0
6793,stock,601318,dividend_yield,2026-04-02,4.6298,,250,0
6794,stock,601318,dividend_yield,2026-04-03,4.6306,,250,0
6795,stock,601318,dividend_yield,2026-04-07,4.6778,,250,0
6796,stock,601318,dividend_yield,2026-04-08,4.4541,,250,0
6797,stock,601318,dividend_yield,2026-04-09,4.5096,,250,0
6798,stock,601318,dividend_yield,2026-04-10,4.5032,,250,0
6799,stock,601318,dividend_yield,2026-04-13,4.5893,,250,0
6800,stock,601318,dividend_yield,2026-04-14,4.4914,,250,0
6801,stock,601318,dividend_yield,2026-04-15,4.5127,,250,0
6802,stock,601318,dividend_yield,2026-04-16,4.527,,250,0
6803,stock,601318,dividend_yield,2026-04-17,4.5754,,250,0
6804,stock,601318,dividend_yield,2026-04-20,4.5254,,250,0
6805,stock,601318,dividend_yield,2026-04-21,4.5665,,250,0
6806,stock,601318,dividend_yield,2026-04-22,4.5665,,250,0
6807,stock,601318,dividend_yield,2026-04-23,4.5787,,250,0
6808,stock,601318,dividend_yield,2026-04-24,4.5868,,250,0
6809,stock,601318,dividend_yield,2026-04-27,4.6057,,250,0
6810,stock,601318,dividend_yield,2026-04-28,4.5991,,250,0
6811,stock,601318,dividend_yield,2026-04-29,4.4556,,250,0
6812,stock,601318,dividend_yield,2026-04-30,4.4603,,250,0
6813,stock,601318,dividend_yield,2026-05-06,4.461,,250,0
6814,stock,601318,dividend_yield,2026-05-07,4.409,,250,0
6815,stock,601318,dividend_yield,2026-05-08,4.4075,,250,0
6816,stock,601318,dividend_yield,2026-05-11,4.4045,,250,0
6817,stock,601318,dividend_yield,2026-05-12,4.4579,,250,0
6818,stock,601318,dividend_yield,2026-05-13,4.5656,,250,0
6819,stock,601318,dividend_yield,2026-05-14,4.66,,250,0
6820,stock,601318,dividend_yield,2026-05-15,4.7814,,250,0
6821,stock,601318,dividend_yield,2026-05-18,4.8363,,250,0
6822,stock,601318,dividend_yield,2026-05-19,4.8739,,250,0
6823,stock,601318,dividend_yield,2026-05-20,4.9083,,250,0
6824,stock,601318,dividend_yield,2026-05-21,4.9414,,250,0
6825,stock,601318,dividend_yield,2026-05-22,4.949,,250,0
6826,stock,601318,dividend_yield,2026-05-25,4.898,,250,0
6827,stock,601318,dividend_yield,2026-05-26,4.8934,,250,0
6828,stock,601318,dividend_yield,2026-05-27,4.9884,,250,0
6829,stock,601318,dividend_yield,2026-05-28,5.067,,250,0
6830,stock,601318,dividend_yield,2026-05-29,4.9662,,250,0
6831,stock,601318,dividend_yield,2026-06-01,4.9328,,250,0
6832,stock,601318,dividend_yield,2026-06-02,4.9111,,250,0
6833,stock,601318,dividend_yield,2026-06-03,4.9471,,250,0
6834,stock,601318,dividend_yield,2026-06-04,4.9922,,250,0
6835,stock,601318,dividend_yield,2026-06-05,4.9681,,250,0
6836,stock,601318,dividend_yield,2026-06-08,4.9777,,250,0
6837,stock,601318,dividend_yield,2026-06-09,4.9253,,250,0
6838,stock,601318,dividend_yield,2026-06-10,8.1172,,250,0
6839,stock,601318,dividend_yield,2026-06-11,8.2067,,250,0
6840,stock,601318,dividend_yield,2026-06-12,7.9985,,250,0
6841,stock,601318,dividend_yield,2026-06-15,7.9661,,250,0
6842,stock,601318,dividend_yield,2026-06-16,8.1525,,250,0
6843,stock,601318,dividend_yield,2026-06-17,8.188,,250,0
6844,stock,601318,dividend_yield,2026-06-18,8.7485,,250,0
6845,stock,601318,dividend_yield,2026-06-22,8.3109,,250,0
6846,stock,601318,dividend_yield,2026-06-23,8.5714,,250,0
6847,stock,601318,dividend_yield,2026-06-24,8.7948,,250,0
6848,stock,601318,dividend_yield,2026-06-25,8.7627,,250,0
6849,stock,601318,dividend_yield,2026-06-26,9.1467,,250,0
6850,stock,601318,dividend_yield,2026-06-29,8.8889,,250,0
6851,stock,601318,dividend_yield,2026-06-30,9.049,,250,0
6852,stock,002594,dividend_yield,2021-05-31,0.1057,,250,0
6853,stock,002594,dividend_yield,2021-06-01,0.0995,,250,0
6854,stock,002594,dividend_yield,2021-06-02,0.1011,,250,0
6855,stock,002594,dividend_yield,2021-06-03,0.1026,,250,0
6856,stock,002594,dividend_yield,2021-06-04,0.0995,,250,0
6857,stock,002594,dividend_yield,2021-06-07,0.099,,250,0
6858,stock,002594,dividend_yield,2021-06-08,0.0926,,250,0
6859,stock,002594,dividend_yield,2021-06-09,0.093,,250,0
6860,stock,002594,dividend_yield,2021-06-10,0.0875,,250,0
6861,stock,002594,dividend_yield,2021-06-11,0.0824,,250,0
6862,stock,002594,dividend_yield,2021-06-15,0.0804,,250,0
6863,stock,002594,dividend_yield,2021-06-16,0.0889,,250,0
6864,stock,002594,dividend_yield,2021-06-17,0.0805,,250,0
6865,stock,002594,dividend_yield,2021-06-18,0.0761,,250,0
6866,stock,002594,dividend_yield,2021-06-21,0.0769,,250,0
6867,stock,002594,dividend_yield,2021-06-22,0.0785,,250,0
6868,stock,002594,dividend_yield,2021-06-23,0.0766,,250,0
6869,stock,002594,dividend_yield,2021-06-24,0.0761,,250,0
6870,stock,002594,dividend_yield,2021-06-25,0.0761,,250,0
6871,stock,002594,dividend_yield,2021-06-28,0.0734,,250,0
6872,stock,002594,dividend_yield,2021-06-29,0.0735,,250,0
6873,stock,002594,dividend_yield,2021-06-30,0.0742,,250,0
6874,stock,002594,dividend_yield,2021-07-01,0.0789,,250,0
6875,stock,002594,dividend_yield,2021-07-02,0.0781,,250,0
6876,stock,002594,dividend_yield,2021-07-05,0.0747,,250,0
6877,stock,002594,dividend_yield,2021-07-06,0.0744,,250,0
6878,stock,002594,dividend_yield,2021-07-07,0.073,,250,0
6879,stock,002594,dividend_yield,2021-07-08,0.0739,,250,0
6880,stock,002594,dividend_yield,2021-07-09,0.0749,,250,0
6881,stock,002594,dividend_yield,2021-07-12,0.0698,,250,0
6882,stock,002594,dividend_yield,2021-07-13,0.0701,,250,0
6883,stock,002594,dividend_yield,2021-07-14,0.076,,250,0
6884,stock,002594,dividend_yield,2021-07-15,0.079,,250,0
6885,stock,002594,dividend_yield,2021-07-16,0.0839,,250,0
6886,stock,002594,dividend_yield,2021-07-19,0.0835,,250,0
6887,stock,002594,dividend_yield,2021-07-20,0.0822,,250,0
6888,stock,002594,dividend_yield,2021-07-21,0.0773,,250,0
6889,stock,002594,dividend_yield,2021-07-22,0.0749,,250,0
6890,stock,002594,dividend_yield,2021-07-23,0.0719,,250,0
6891,stock,002594,dividend_yield,2021-07-26,0.075,,250,0
6892,stock,002594,dividend_yield,2021-07-27,0.0782,,250,0
6893,stock,002594,dividend_yield,2021-07-28,0.0789,,250,0
6894,stock,002594,dividend_yield,2021-07-29,0.0724,,250,0
6895,stock,002594,dividend_yield,2021-07-30,0.0702,,250,0
6896,stock,002594,dividend_yield,2021-08-02,0.0637,,250,0
6897,stock,002594,dividend_yield,2021-08-03,0.0663,,250,0
6898,stock,002594,dividend_yield,2021-08-04,0.0601,,250,0
6899,stock,002594,dividend_yield,2021-08-05,0.0619,,250,0
6900,stock,002594,dividend_yield,2021-08-06,0.2114,,250,0
6901,stock,002594,dividend_yield,2021-08-09,0.2188,,250,0
6902,stock,002594,dividend_yield,2021-08-10,0.22,,250,0
6903,stock,002594,dividend_yield,2021-08-11,0.2177,,250,0
6904,stock,002594,dividend_yield,2021-08-12,0.2075,,250,0
6905,stock,002594,dividend_yield,2021-08-13,0.2139,,250,0
6906,stock,002594,dividend_yield,2021-08-16,0.2252,,250,0
6907,stock,002594,dividend_yield,2021-08-17,0.2294,,250,0
6908,stock,002594,dividend_yield,2021-08-18,0.2266,,250,0
6909,stock,002594,dividend_yield,2021-08-19,0.1556,,250,0
6910,stock,002594,dividend_yield,2021-08-20,0.1604,,250,0
6911,stock,002594,dividend_yield,2021-08-23,0.1577,,250,0
6912,stock,002594,dividend_yield,2021-08-24,0.1531,,250,0
6913,stock,002594,dividend_yield,2021-08-25,0.1542,,250,0
6914,stock,002594,dividend_yield,2021-08-26,0.1619,,250,0
6915,stock,002594,dividend_yield,2021-08-27,0.1587,,250,0
6916,stock,002594,dividend_yield,2021-08-30,0.1622,,250,0
6917,stock,002594,dividend_yield,2021-08-31,0.1653,,250,0
6918,stock,002594,dividend_yield,2021-09-01,0.1721,,250,0
6919,stock,002594,dividend_yield,2021-09-02,0.1716,,250,0
6920,stock,002594,dividend_yield,2021-09-03,0.1806,,250,0
6921,stock,002594,dividend_yield,2021-09-06,0.1649,,250,0
6922,stock,002594,dividend_yield,2021-09-07,0.1659,,250,0
6923,stock,002594,dividend_yield,2021-09-08,0.1699,,250,0
6924,stock,002594,dividend_yield,2021-09-09,0.1686,,250,0
6925,stock,002594,dividend_yield,2021-09-10,0.1726,,250,0
6926,stock,002594,dividend_yield,2021-09-13,0.1755,,250,0
6927,stock,002594,dividend_yield,2021-09-14,0.1702,,250,0
6928,stock,002594,dividend_yield,2021-09-15,0.1756,,250,0
6929,stock,002594,dividend_yield,2021-09-16,0.183,,250,0
6930,stock,002594,dividend_yield,2021-09-17,0.1799,,250,0
6931,stock,002594,dividend_yield,2021-09-22,0.1859,,250,0
6932,stock,002594,dividend_yield,2021-09-23,0.1838,,250,0
6933,stock,002594,dividend_yield,2021-09-24,0.1824,,250,0
6934,stock,002594,dividend_yield,2021-09-27,0.1818,,250,0
6935,stock,002594,dividend_yield,2021-09-28,0.1861,,250,0
6936,stock,002594,dividend_yield,2021-09-29,0.195,,250,0
6937,stock,002594,dividend_yield,2021-09-30,0.1841,,250,0
6938,stock,002594,dividend_yield,2021-10-08,0.1815,,250,0
6939,stock,002594,dividend_yield,2021-10-11,0.1794,,250,0
6940,stock,002594,dividend_yield,2021-10-12,0.1785,,250,0
6941,stock,002594,dividend_yield,2021-10-13,0.1689,,250,0
6942,stock,002594,dividend_yield,2021-10-14,0.1678,,250,0
6943,stock,002594,dividend_yield,2021-10-15,0.1614,,250,0
6944,stock,002594,dividend_yield,2021-10-18,0.1599,,250,0
6945,stock,002594,dividend_yield,2021-10-19,0.1606,,250,0
6946,stock,002594,dividend_yield,2021-10-20,0.1573,,250,0
6947,stock,002594,dividend_yield,2021-10-21,0.1593,,250,0
6948,stock,002594,dividend_yield,2021-10-22,0.1522,,250,0
6949,stock,002594,dividend_yield,2021-10-25,0.1437,,250,0
6950,stock,002594,dividend_yield,2021-10-26,0.1429,,250,0
6951,stock,002594,dividend_yield,2021-10-27,0.1417,,250,0
6952,stock,002594,dividend_yield,2021-10-28,0.1482,,250,0
6953,stock,002594,dividend_yield,2021-10-29,0.1465,,250,0
6954,stock,002594,dividend_yield,2021-11-01,0.1512,,250,0
6955,stock,002594,dividend_yield,2021-11-02,0.1453,,250,0
6956,stock,002594,dividend_yield,2021-11-03,0.1507,,250,0
6957,stock,002594,dividend_yield,2021-11-04,0.1402,,250,0
6958,stock,002594,dividend_yield,2021-11-05,0.1453,,250,0
6959,stock,002594,dividend_yield,2021-11-08,0.1448,,250,0
6960,stock,002594,dividend_yield,2021-11-09,0.1421,,250,0
6961,stock,002594,dividend_yield,2021-11-10,0.147,,250,0
6962,stock,002594,dividend_yield,2021-11-11,0.1462,,250,0
6963,stock,002594,dividend_yield,2021-11-12,0.1488,,250,0
6964,stock,002594,dividend_yield,2021-11-15,0.1549,,250,0
6965,stock,002594,dividend_yield,2021-11-16,0.1557,,250,0
6966,stock,002594,dividend_yield,2021-11-17,0.1539,,250,0
6967,stock,002594,dividend_yield,2021-11-18,0.1547,,250,0
6968,stock,002594,dividend_yield,2021-11-19,0.1539,,250,0
6969,stock,002594,dividend_yield,2021-11-22,0.1467,,250,0
6970,stock,002594,dividend_yield,2021-11-23,0.1479,,250,0
6971,stock,002594,dividend_yield,2021-11-24,0.1506,,250,0
6972,stock,002594,dividend_yield,2021-11-25,0.1533,,250,0
6973,stock,002594,dividend_yield,2021-11-26,0.1534,,250,0
6974,stock,002594,dividend_yield,2021-11-29,0.1499,,250,0
6975,stock,002594,dividend_yield,2021-11-30,0.1498,,250,0
6976,stock,002594,dividend_yield,2021-12-01,0.1495,,250,0
6977,stock,002594,dividend_yield,2021-12-02,0.1478,,250,0
6978,stock,002594,dividend_yield,2021-12-03,0.1487,,250,0
6979,stock,002594,dividend_yield,2021-12-06,0.1513,,250,0
6980,stock,002594,dividend_yield,2021-12-07,0.155,,250,0
6981,stock,002594,dividend_yield,2021-12-08,0.1518,,250,0
6982,stock,002594,dividend_yield,2021-12-09,0.1525,,250,0
6983,stock,002594,dividend_yield,2021-12-10,0.1515,,250,0
6984,stock,002594,dividend_yield,2021-12-13,0.1531,,250,0
6985,stock,002594,dividend_yield,2021-12-14,0.1557,,250,0
6986,stock,002594,dividend_yield,2021-12-15,0.1558,,250,0
6987,stock,002594,dividend_yield,2021-12-16,0.1598,,250,0
6988,stock,002594,dividend_yield,2021-12-17,0.164,,250,0
6989,stock,002594,dividend_yield,2021-12-20,0.1694,,250,0
6990,stock,002594,dividend_yield,2021-12-21,0.1657,,250,0
6991,stock,002594,dividend_yield,2021-12-22,0.1639,,250,0
6992,stock,002594,dividend_yield,2021-12-23,0.1634,,250,0
6993,stock,002594,dividend_yield,2021-12-24,0.1697,,250,0
6994,stock,002594,dividend_yield,2021-12-27,0.1716,,250,0
6995,stock,002594,dividend_yield,2021-12-28,0.1691,,250,0
6996,stock,002594,dividend_yield,2021-12-29,0.1703,,250,0
6997,stock,002594,dividend_yield,2021-12-30,0.1716,,250,0
6998,stock,002594,dividend_yield,2021-12-31,0.1709,,250,0
6999,stock,002594,dividend_yield,2022-01-04,0.169,,250,0
7000,stock,002594,dividend_yield,2022-01-05,0.1813,,250,0
7001,stock,002594,dividend_yield,2022-01-06,0.1837,,250,0
7002,stock,002594,dividend_yield,2022-01-07,0.1864,,250,0
7003,stock,002594,dividend_yield,2022-01-10,0.1866,,250,0
7004,stock,002594,dividend_yield,2022-01-11,0.1924,,250,0
7005,stock,002594,dividend_yield,2022-01-12,0.1793,,250,0
7006,stock,002594,dividend_yield,2022-01-13,0.1798,,250,0
7007,stock,002594,dividend_yield,2022-01-14,0.1814,,250,0
7008,stock,002594,dividend_yield,2022-01-17,0.172,,250,0
7009,stock,002594,dividend_yield,2022-01-18,0.1723,,250,0
7010,stock,002594,dividend_yield,2022-01-19,0.1815,,250,0
7011,stock,002594,dividend_yield,2022-01-20,0.1829,,250,0
7012,stock,002594,dividend_yield,2022-01-21,0.1834,,250,0
7013,stock,002594,dividend_yield,2022-01-24,0.1826,,250,0
7014,stock,002594,dividend_yield,2022-01-25,0.1914,,250,0
7015,stock,002594,dividend_yield,2022-01-26,0.1841,,250,0
7016,stock,002594,dividend_yield,2022-01-27,0.1906,,250,0
7017,stock,002594,dividend_yield,2022-01-28,0.2032,,250,0
7018,stock,002594,dividend_yield,2022-02-07,0.1881,,250,0
7019,stock,002594,dividend_yield,2022-02-08,0.1942,,250,0
7020,stock,002594,dividend_yield,2022-02-09,0.1875,,250,0
7021,stock,002594,dividend_yield,2022-02-10,0.1915,,250,0
7022,stock,002594,dividend_yield,2022-02-11,0.2001,,250,0
7023,stock,002594,dividend_yield,2022-02-14,0.1985,,250,0
7024,stock,002594,dividend_yield,2022-02-15,0.1931,,250,0
7025,stock,002594,dividend_yield,2022-02-16,0.1911,,250,0
7026,stock,002594,dividend_yield,2022-02-17,0.1873,,250,0
7027,stock,002594,dividend_yield,2022-02-18,0.1892,,250,0
7028,stock,002594,dividend_yield,2022-02-21,0.1901,,250,0
7029,stock,002594,dividend_yield,2022-02-22,0.1938,,250,0
7030,stock,002594,dividend_yield,2022-02-23,0.1822,,250,0
7031,stock,002594,dividend_yield,2022-02-24,0.1877,,250,0
7032,stock,002594,dividend_yield,2022-02-25,0.1854,,250,0
7033,stock,002594,dividend_yield,2022-02-28,0.184,,250,0
7034,stock,002594,dividend_yield,2022-03-01,0.1824,,250,0
7035,stock,002594,dividend_yield,2022-03-02,0.1848,,250,0
7036,stock,002594,dividend_yield,2022-03-03,0.1874,,250,0
7037,stock,002594,dividend_yield,2022-03-04,0.1969,,250,0
7038,stock,002594,dividend_yield,2022-03-07,0.2062,,250,0
7039,stock,002594,dividend_yield,2022-03-08,0.2136,,250,0
7040,stock,002594,dividend_yield,2022-03-09,0.2062,,250,0
7041,stock,002594,dividend_yield,2022-03-10,0.2011,,250,0
7042,stock,002594,dividend_yield,2022-03-11,0.2004,,250,0
7043,stock,002594,dividend_yield,2022-03-14,0.2107,,250,0
7044,stock,002594,dividend_yield,2022-03-15,0.2171,,250,0
7045,stock,002594,dividend_yield,2022-03-16,0.2008,,250,0
7046,stock,002594,dividend_yield,2022-03-17,0.1959,,250,0
7047,stock,002594,dividend_yield,2022-03-18,0.1963,,250,0
7048,stock,002594,dividend_yield,2022-03-21,0.1873,,250,0
7049,stock,002594,dividend_yield,2022-03-22,0.1877,,250,0
7050,stock,002594,dividend_yield,2022-03-23,0.1859,,250,0
7051,stock,002594,dividend_yield,2022-03-24,0.186,,250,0
7052,stock,002594,dividend_yield,2022-03-25,0.1956,,250,0
7053,stock,002594,dividend_yield,2022-03-28,0.1999,,250,0
7054,stock,002594,dividend_yield,2022-03-29,0.1994,,250,0
7055,stock,002594,dividend_yield,2022-03-30,0.1941,,250,0
7056,stock,002594,dividend_yield,2022-03-31,0.2005,,250,0
7057,stock,002594,dividend_yield,2022-04-01,0.195,,250,0
7058,stock,002594,dividend_yield,2022-04-06,0.1901,,250,0
7059,stock,002594,dividend_yield,2022-04-07,0.1916,,250,0
7060,stock,002594,dividend_yield,2022-04-08,0.1884,,250,0
7061,stock,002594,dividend_yield,2022-04-11,0.1976,,250,0
7062,stock,002594,dividend_yield,2022-04-12,0.1932,,250,0
7063,stock,002594,dividend_yield,2022-04-13,0.1941,,250,0
7064,stock,002594,dividend_yield,2022-04-14,0.1906,,250,0
7065,stock,002594,dividend_yield,2022-04-15,0.1948,,250,0
7066,stock,002594,dividend_yield,2022-04-18,0.1924,,250,0
7067,stock,002594,dividend_yield,2022-04-19,0.1877,,250,0
7068,stock,002594,dividend_yield,2022-04-20,0.1902,,250,0
7069,stock,002594,dividend_yield,2022-04-21,0.1967,,250,0
7070,stock,002594,dividend_yield,2022-04-22,0.1955,,250,0
7071,stock,002594,dividend_yield,2022-04-25,0.2026,,250,0
7072,stock,002594,dividend_yield,2022-04-26,0.1987,,250,0
7073,stock,002594,dividend_yield,2022-04-27,0.1959,,250,0
7074,stock,002594,dividend_yield,2022-04-28,0.1985,,250,0
7075,stock,002594,dividend_yield,2022-04-29,0.1892,,250,0
7076,stock,002594,dividend_yield,2022-05-05,0.1846,,250,0
7077,stock,002594,dividend_yield,2022-05-06,0.1899,,250,0
7078,stock,002594,dividend_yield,2022-05-09,0.1979,,250,0
7079,stock,002594,dividend_yield,2022-05-10,0.1973,,250,0
7080,stock,002594,dividend_yield,2022-05-11,0.1817,,250,0
7081,stock,002594,dividend_yield,2022-05-12,0.1807,,250,0
7082,stock,002594,dividend_yield,2022-05-13,0.1696,,250,0
7083,stock,002594,dividend_yield,2022-05-16,0.1716,,250,0
7084,stock,002594,dividend_yield,2022-05-17,0.1619,,250,0
7085,stock,002594,dividend_yield,2022-05-18,0.1626,,250,0
7086,stock,002594,dividend_yield,2022-05-19,0.1608,,250,0
7087,stock,002594,dividend_yield,2022-05-20,0.1589,,250,0
7088,stock,002594,dividend_yield,2022-05-23,0.1548,,250,0
7089,stock,002594,dividend_yield,2022-05-24,0.1628,,250,0
7090,stock,002594,dividend_yield,2022-05-25,0.1592,,250,0
7091,stock,002594,dividend_yield,2022-05-26,0.1595,,250,0
7092,stock,002594,dividend_yield,2022-05-27,0.1583,,250,0
7093,stock,002594,dividend_yield,2022-05-30,0.1532,,250,0
7094,stock,002594,dividend_yield,2022-05-31,0.1544,,250,0
7095,stock,002594,dividend_yield,2022-06-01,0.1522,,250,0
7096,stock,002594,dividend_yield,2022-06-02,0.1517,,250,0
7097,stock,002594,dividend_yield,2022-06-06,0.1433,,250,0
7098,stock,002594,dividend_yield,2022-06-07,0.1448,,250,0
7099,stock,002594,dividend_yield,2022-06-08,0.1392,,250,0
7100,stock,002594,dividend_yield,2022-06-09,0.1414,,250,0
7101,stock,002594,dividend_yield,2022-06-10,0.1304,,250,0
7102,stock,002594,dividend_yield,2022-06-13,0.1304,,250,0
7103,stock,002594,dividend_yield,2022-06-14,0.1324,,250,0
7104,stock,002594,dividend_yield,2022-06-15,0.1359,,250,0
7105,stock,002594,dividend_yield,2022-06-16,0.1355,,250,0
7106,stock,002594,dividend_yield,2022-06-17,0.1347,,250,0
7107,stock,002594,dividend_yield,2022-06-20,0.133,,250,0
7108,stock,002594,dividend_yield,2022-06-21,0.1335,,250,0
7109,stock,002594,dividend_yield,2022-06-22,0.1339,,250,0
7110,stock,002594,dividend_yield,2022-06-23,0.1286,,250,0
7111,stock,002594,dividend_yield,2022-06-24,0.1296,,250,0
7112,stock,002594,dividend_yield,2022-06-27,0.1301,,250,0
7113,stock,002594,dividend_yield,2022-06-28,0.1289,,250,0
7114,stock,002594,dividend_yield,2022-06-29,0.1373,,250,0
7115,stock,002594,dividend_yield,2022-06-30,0.1365,,250,0
7116,stock,002594,dividend_yield,2022-07-01,0.1384,,250,0
7117,stock,002594,dividend_yield,2022-07-04,0.1354,,250,0
7118,stock,002594,dividend_yield,2022-07-05,0.1364,,250,0
7119,stock,002594,dividend_yield,2022-07-06,0.1355,,250,0
7120,stock,002594,dividend_yield,2022-07-07,0.1302,,250,0
7121,stock,002594,dividend_yield,2022-07-08,0.1347,,250,0
7122,stock,002594,dividend_yield,2022-07-11,0.1405,,250,0
7123,stock,002594,dividend_yield,2022-07-12,0.1477,,250,0
7124,stock,002594,dividend_yield,2022-07-13,0.1472,,250,0
7125,stock,002594,dividend_yield,2022-07-14,0.1411,,250,0
7126,stock,002594,dividend_yield,2022-07-15,0.1346,,250,0
7127,stock,002594,dividend_yield,2022-07-18,0.135,,250,0
7128,stock,002594,dividend_yield,2022-07-19,0.1376,,250,0
7129,stock,002594,dividend_yield,2022-07-20,0.1373,,250,0
7130,stock,002594,dividend_yield,2022-07-21,0.1404,,250,0
7131,stock,002594,dividend_yield,2022-07-22,0.1382,,250,0
7132,stock,002594,dividend_yield,2022-07-25,0.1411,,250,0
7133,stock,002594,dividend_yield,2022-07-26,0.1402,,250,0
7134,stock,002594,dividend_yield,2022-07-27,0.1398,,250,0
7135,stock,002594,dividend_yield,2022-07-28,0.14,,250,0
7136,stock,002594,dividend_yield,2022-07-29,0.2432,,250,0
7137,stock,002594,dividend_yield,2022-08-01,0.2355,,250,0
7138,stock,002594,dividend_yield,2022-08-02,0.2384,,250,0
7139,stock,002594,dividend_yield,2022-08-03,0.2419,,250,0
7140,stock,002594,dividend_yield,2022-08-04,0.2382,,250,0
7141,stock,002594,dividend_yield,2022-08-05,0.24,,250,0
7142,stock,002594,dividend_yield,2022-08-08,0.1006,,250,0
7143,stock,002594,dividend_yield,2022-08-09,0.1011,,250,0
7144,stock,002594,dividend_yield,2022-08-10,0.1049,,250,0
7145,stock,002594,dividend_yield,2022-08-11,0.1027,,250,0
7146,stock,002594,dividend_yield,2022-08-12,0.1037,,250,0
7147,stock,002594,dividend_yield,2022-08-15,0.1026,,250,0
7148,stock,002594,dividend_yield,2022-08-16,0.1014,,250,0
7149,stock,002594,dividend_yield,2022-08-17,0.0985,,250,0
7150,stock,002594,dividend_yield,2022-08-18,0.0991,,250,0
7151,stock,002594,dividend_yield,2022-08-19,0.1012,,250,0
7152,stock,002594,dividend_yield,2022-08-22,0.1,,250,0
7153,stock,002594,dividend_yield,2022-08-23,0.1005,,250,0
7154,stock,002594,dividend_yield,2022-08-24,0.1046,,250,0
7155,stock,002594,dividend_yield,2022-08-25,0.1045,,250,0
7156,stock,002594,dividend_yield,2022-08-26,0.1024,,250,0
7157,stock,002594,dividend_yield,2022-08-29,0.1032,,250,0
7158,stock,002594,dividend_yield,2022-08-30,0.1041,,250,0
7159,stock,002594,dividend_yield,2022-08-31,0.1126,,250,0
7160,stock,002594,dividend_yield,2022-09-01,0.1131,,250,0
7161,stock,002594,dividend_yield,2022-09-02,0.1151,,250,0
7162,stock,002594,dividend_yield,2022-09-05,0.1209,,250,0
7163,stock,002594,dividend_yield,2022-09-06,0.119,,250,0
7164,stock,002594,dividend_yield,2022-09-07,0.1148,,250,0
7165,stock,002594,dividend_yield,2022-09-08,0.1166,,250,0
7166,stock,002594,dividend_yield,2022-09-09,0.116,,250,0
7167,stock,002594,dividend_yield,2022-09-13,0.1139,,250,0
7168,stock,002594,dividend_yield,2022-09-14,0.1166,,250,0
7169,stock,002594,dividend_yield,2022-09-15,0.1206,,250,0
7170,stock,002594,dividend_yield,2022-09-16,0.1222,,250,0
7171,stock,002594,dividend_yield,2022-09-19,0.1202,,250,0
7172,stock,002594,dividend_yield,2022-09-20,0.1184,,250,0
7173,stock,002594,dividend_yield,2022-09-21,0.1203,,250,0
7174,stock,002594,dividend_yield,2022-09-22,0.121,,250,0
7175,stock,002594,dividend_yield,2022-09-23,0.122,,250,0
7176,stock,002594,dividend_yield,2022-09-26,0.119,,250,0
7177,stock,002594,dividend_yield,2022-09-27,0.1185,,250,0
7178,stock,002594,dividend_yield,2022-09-28,0.1224,,250,0
7179,stock,002594,dividend_yield,2022-09-29,0.1229,,250,0
7180,stock,002594,dividend_yield,2022-09-30,0.1292,,250,0
7181,stock,002594,dividend_yield,2022-10-10,0.1296,,250,0
7182,stock,002594,dividend_yield,2022-10-11,0.1276,,250,0
7183,stock,002594,dividend_yield,2022-10-12,0.124,,250,0
7184,stock,002594,dividend_yield,2022-10-13,0.126,,250,0
7185,stock,002594,dividend_yield,2022-10-14,0.1229,,250,0
7186,stock,002594,dividend_yield,2022-10-17,0.1248,,250,0
7187,stock,002594,dividend_yield,2022-10-18,0.1187,,250,0
7188,stock,002594,dividend_yield,2022-10-19,0.1215,,250,0
7189,stock,002594,dividend_yield,2022-10-20,0.1234,,250,0
7190,stock,002594,dividend_yield,2022-10-21,0.1221,,250,0
7191,stock,002594,dividend_yield,2022-10-24,0.1273,,250,0
7192,stock,002594,dividend_yield,2022-10-25,0.1262,,250,0
7193,stock,002594,dividend_yield,2022-10-26,0.1262,,250,0
7194,stock,002594,dividend_yield,2022-10-27,0.1276,,250,0
7195,stock,002594,dividend_yield,2022-10-28,0.136,,250,0
7196,stock,002594,dividend_yield,2022-10-31,0.1321,,250,0
7197,stock,002594,dividend_yield,2022-11-01,0.1242,,250,0
7198,stock,002594,dividend_yield,2022-11-02,0.1215,,250,0
7199,stock,002594,dividend_yield,2022-11-03,0.1213,,250,0
7200,stock,002594,dividend_yield,2022-11-04,0.1158,,250,0
7201,stock,002594,dividend_yield,2022-11-07,0.1164,,250,0
7202,stock,002594,dividend_yield,2022-11-08,0.1174,,250,0
7203,stock,002594,dividend_yield,2022-11-09,0.1205,,250,0
7204,stock,002594,dividend_yield,2022-11-10,0.125,,250,0
7205,stock,002594,dividend_yield,2022-11-11,0.1209,,250,0
7206,stock,002594,dividend_yield,2022-11-14,0.1233,,250,0
7207,stock,002594,dividend_yield,2022-11-15,0.1217,,250,0
7208,stock,002594,dividend_yield,2022-11-16,0.1246,,250,0
7209,stock,002594,dividend_yield,2022-11-17,0.1266,,250,0
7210,stock,002594,dividend_yield,2022-11-18,0.1278,,250,0
7211,stock,002594,dividend_yield,2022-11-21,0.128,,250,0
7212,stock,002594,dividend_yield,2022-11-22,0.13,,250,0
7213,stock,002594,dividend_yield,2022-11-23,0.1295,,250,0
7214,stock,002594,dividend_yield,2022-11-24,0.1306,,250,0
7215,stock,002594,dividend_yield,2022-11-25,0.133,,250,0
7216,stock,002594,dividend_yield,2022-11-28,0.133,,250,0
7217,stock,002594,dividend_yield,2022-11-29,0.1312,,250,0
7218,stock,002594,dividend_yield,2022-11-30,0.1253,,250,0
7219,stock,002594,dividend_yield,2022-12-01,0.1219,,250,0
7220,stock,002594,dividend_yield,2022-12-02,0.1241,,250,0
7221,stock,002594,dividend_yield,2022-12-05,0.1235,,250,0
7222,stock,002594,dividend_yield,2022-12-06,0.1214,,250,0
7223,stock,002594,dividend_yield,2022-12-07,0.1186,,250,0
7224,stock,002594,dividend_yield,2022-12-08,0.1184,,250,0
7225,stock,002594,dividend_yield,2022-12-09,0.1182,,250,0
7226,stock,002594,dividend_yield,2022-12-12,0.1204,,250,0
7227,stock,002594,dividend_yield,2022-12-13,0.1204,,250,0
7228,stock,002594,dividend_yield,2022-12-14,0.122,,250,0
7229,stock,002594,dividend_yield,2022-12-15,0.1197,,250,0
7230,stock,002594,dividend_yield,2022-12-16,0.1201,,250,0
7231,stock,002594,dividend_yield,2022-12-19,0.122,,250,0
7232,stock,002594,dividend_yield,2022-12-20,0.1243,,250,0
7233,stock,002594,dividend_yield,2022-12-21,0.1247,,250,0
7234,stock,002594,dividend_yield,2022-12-22,0.1255,,250,0
7235,stock,002594,dividend_yield,2022-12-23,0.1291,,250,0
7236,stock,002594,dividend_yield,2022-12-26,0.1239,,250,0
7237,stock,002594,dividend_yield,2022-12-27,0.1241,,250,0
7238,stock,002594,dividend_yield,2022-12-28,0.1278,,250,0
7239,stock,002594,dividend_yield,2022-12-29,0.1278,,250,0
7240,stock,002594,dividend_yield,2022-12-30,0.1266,,250,0
7241,stock,002594,dividend_yield,2023-01-03,0.1249,,250,0
7242,stock,002594,dividend_yield,2023-01-04,0.1256,,250,0
7243,stock,002594,dividend_yield,2023-01-05,0.1226,,250,0
7244,stock,002594,dividend_yield,2023-01-06,0.1221,,250,0
7245,stock,002594,dividend_yield,2023-01-09,0.1234,,250,0
7246,stock,002594,dividend_yield,2023-01-10,0.1219,,250,0
7247,stock,002594,dividend_yield,2023-01-11,0.1208,,250,0
7248,stock,002594,dividend_yield,2023-01-12,0.1171,,250,0
7249,stock,002594,dividend_yield,2023-01-13,0.1165,,250,0
7250,stock,002594,dividend_yield,2023-01-16,0.1186,,250,0
7251,stock,002594,dividend_yield,2023-01-17,0.1203,,250,0
7252,stock,002594,dividend_yield,2023-01-18,0.1208,,250,0
7253,stock,002594,dividend_yield,2023-01-19,0.1201,,250,0
7254,stock,002594,dividend_yield,2023-01-20,0.1203,,250,0
7255,stock,002594,dividend_yield,2023-01-30,0.1151,,250,0
7256,stock,002594,dividend_yield,2023-01-31,0.1135,,250,0
7257,stock,002594,dividend_yield,2023-02-01,0.1064,,250,0
7258,stock,002594,dividend_yield,2023-02-02,0.107,,250,0
7259,stock,002594,dividend_yield,2023-02-03,0.1098,,250,0
7260,stock,002594,dividend_yield,2023-02-06,0.1118,,250,0
7261,stock,002594,dividend_yield,2023-02-07,0.1122,,250,0
7262,stock,002594,dividend_yield,2023-02-08,0.1135,,250,0
7263,stock,002594,dividend_yield,2023-02-09,0.1125,,250,0
7264,stock,002594,dividend_yield,2023-02-10,0.1151,,250,0
7265,stock,002594,dividend_yield,2023-02-13,0.1149,,250,0
7266,stock,002594,dividend_yield,2023-02-14,0.1151,,250,0
7267,stock,002594,dividend_yield,2023-02-15,0.1163,,250,0
7268,stock,002594,dividend_yield,2023-02-16,0.1172,,250,0
7269,stock,002594,dividend_yield,2023-02-17,0.1196,,250,0
7270,stock,002594,dividend_yield,2023-02-20,0.119,,250,0
7271,stock,002594,dividend_yield,2023-02-21,0.1182,,250,0
7272,stock,002594,dividend_yield,2023-02-22,0.1201,,250,0
7273,stock,002594,dividend_yield,2023-02-23,0.1201,,250,0
7274,stock,002594,dividend_yield,2023-02-24,0.1214,,250,0
7275,stock,002594,dividend_yield,2023-02-27,0.1252,,250,0
7276,stock,002594,dividend_yield,2023-02-28,0.1247,,250,0
7277,stock,002594,dividend_yield,2023-03-01,0.1224,,250,0
7278,stock,002594,dividend_yield,2023-03-02,0.1233,,250,0
7279,stock,002594,dividend_yield,2023-03-03,0.1233,,250,0
7280,stock,002594,dividend_yield,2023-03-06,0.123,,250,0
7281,stock,002594,dividend_yield,2023-03-07,0.1248,,250,0
7282,stock,002594,dividend_yield,2023-03-08,0.1266,,250,0
7283,stock,002594,dividend_yield,2023-03-09,0.1271,,250,0
7284,stock,002594,dividend_yield,2023-03-10,0.1341,,250,0
7285,stock,002594,dividend_yield,2023-03-13,0.1356,,250,0
7286,stock,002594,dividend_yield,2023-03-14,0.1359,,250,0
7287,stock,002594,dividend_yield,2023-03-15,0.1367,,250,0
7288,stock,002594,dividend_yield,2023-03-16,0.139,,250,0
7289,stock,002594,dividend_yield,2023-03-17,0.1371,,250,0
7290,stock,002594,dividend_yield,2023-03-20,0.1385,,250,0
7291,stock,002594,dividend_yield,2023-03-21,0.1362,,250,0
7292,stock,002594,dividend_yield,2023-03-22,0.134,,250,0
7293,stock,002594,dividend_yield,2023-03-23,0.1328,,250,0
7294,stock,002594,dividend_yield,2023-03-24,0.1325,,250,0
7295,stock,002594,dividend_yield,2023-03-27,0.1338,,250,0
7296,stock,002594,dividend_yield,2023-03-28,0.133,,250,0
7297,stock,002594,dividend_yield,2023-03-29,0.1315,,250,0
7298,stock,002594,dividend_yield,2023-03-30,0.1265,,250,0
7299,stock,002594,dividend_yield,2023-03-31,0.1271,,250,0
7300,stock,002594,dividend_yield,2023-04-03,0.1272,,250,0
7301,stock,002594,dividend_yield,2023-04-04,0.1298,,250,0
7302,stock,002594,dividend_yield,2023-04-06,0.1303,,250,0
7303,stock,002594,dividend_yield,2023-04-07,0.1307,,250,0
7304,stock,002594,dividend_yield,2023-04-10,0.1297,,250,0
7305,stock,002594,dividend_yield,2023-04-11,0.1304,,250,0
7306,stock,002594,dividend_yield,2023-04-12,0.1339,,250,0
7307,stock,002594,dividend_yield,2023-04-13,0.1343,,250,0
7308,stock,002594,dividend_yield,2023-04-14,0.1324,,250,0
7309,stock,002594,dividend_yield,2023-04-17,0.1306,,250,0
7310,stock,002594,dividend_yield,2023-04-18,0.1308,,250,0
7311,stock,002594,dividend_yield,2023-04-19,0.1298,,250,0
7312,stock,002594,dividend_yield,2023-04-20,0.133,,250,0
7313,stock,002594,dividend_yield,2023-04-21,0.1342,,250,0
7314,stock,002594,dividend_yield,2023-04-24,0.1284,,250,0
7315,stock,002594,dividend_yield,2023-04-25,0.1334,,250,0
7316,stock,002594,dividend_yield,2023-04-26,0.1297,,250,0
7317,stock,002594,dividend_yield,2023-04-27,0.1256,,250,0
7318,stock,002594,dividend_yield,2023-04-28,0.1272,,250,0
7319,stock,002594,dividend_yield,2023-05-04,0.1289,,250,0
7320,stock,002594,dividend_yield,2023-05-05,0.1302,,250,0
7321,stock,002594,dividend_yield,2023-05-08,0.1281,,250,0
7322,stock,002594,dividend_yield,2023-05-09,0.1302,,250,0
7323,stock,002594,dividend_yield,2023-05-10,0.1252,,250,0
7324,stock,002594,dividend_yield,2023-05-11,0.1233,,250,0
7325,stock,002594,dividend_yield,2023-05-12,0.1251,,250,0
7326,stock,002594,dividend_yield,2023-05-15,0.1227,,250,0
7327,stock,002594,dividend_yield,2023-05-16,0.1226,,250,0
7328,stock,002594,dividend_yield,2023-05-17,0.1246,,250,0
7329,stock,002594,dividend_yield,2023-05-18,0.1256,,250,0
7330,stock,002594,dividend_yield,2023-05-19,0.1255,,250,0
7331,stock,002594,dividend_yield,2023-05-22,0.1226,,250,0
7332,stock,002594,dividend_yield,2023-05-23,0.1237,,250,0
7333,stock,002594,dividend_yield,2023-05-24,0.1242,,250,0
7334,stock,002594,dividend_yield,2023-05-25,0.1273,,250,0
7335,stock,002594,dividend_yield,2023-05-26,0.1319,,250,0
7336,stock,002594,dividend_yield,2023-05-29,0.1331,,250,0
7337,stock,002594,dividend_yield,2023-05-30,0.1291,,250,0
7338,stock,002594,dividend_yield,2023-05-31,0.1283,,250,0
7339,stock,002594,dividend_yield,2023-06-01,0.1274,,250,0
7340,stock,002594,dividend_yield,2023-06-02,0.1256,,250,0
7341,stock,002594,dividend_yield,2023-06-05,0.1259,,250,0
7342,stock,002594,dividend_yield,2023-06-06,0.1247,,250,0
7343,stock,002594,dividend_yield,2023-06-07,0.1268,,250,0
7344,stock,002594,dividend_yield,2023-06-08,0.1276,,250,0
7345,stock,002594,dividend_yield,2023-06-09,0.1261,,250,0
7346,stock,002594,dividend_yield,2023-06-12,0.1249,,250,0
7347,stock,002594,dividend_yield,2023-06-13,0.1245,,250,0
7348,stock,002594,dividend_yield,2023-06-14,0.1236,,250,0
7349,stock,002594,dividend_yield,2023-06-15,0.1195,,250,0
7350,stock,002594,dividend_yield,2023-06-16,0.1198,,250,0
7351,stock,002594,dividend_yield,2023-06-19,0.1207,,250,0
7352,stock,002594,dividend_yield,2023-06-20,0.1211,,250,0
7353,stock,002594,dividend_yield,2023-06-21,0.1214,,250,0
7354,stock,002594,dividend_yield,2023-06-26,0.1237,,250,0
7355,stock,002594,dividend_yield,2023-06-27,0.1251,,250,0
7356,stock,002594,dividend_yield,2023-06-28,0.125,,250,0
7357,stock,002594,dividend_yield,2023-06-29,0.1273,,250,0
7358,stock,002594,dividend_yield,2023-06-30,0.126,,250,0
7359,stock,002594,dividend_yield,2023-07-03,0.1215,,250,0
7360,stock,002594,dividend_yield,2023-07-04,0.1196,,250,0
7361,stock,002594,dividend_yield,2023-07-05,0.1217,,250,0
7362,stock,002594,dividend_yield,2023-07-06,0.1212,,250,0
7363,stock,002594,dividend_yield,2023-07-07,0.123,,250,0
7364,stock,002594,dividend_yield,2023-07-10,0.1234,,250,0
7365,stock,002594,dividend_yield,2023-07-11,0.1206,,250,0
7366,stock,002594,dividend_yield,2023-07-12,0.1224,,250,0
7367,stock,002594,dividend_yield,2023-07-13,0.1213,,250,0
7368,stock,002594,dividend_yield,2023-07-14,0.123,,250,0
7369,stock,002594,dividend_yield,2023-07-17,0.1229,,250,0
7370,stock,002594,dividend_yield,2023-07-18,0.1224,,250,0
7371,stock,002594,dividend_yield,2023-07-19,0.1227,,250,0
7372,stock,002594,dividend_yield,2023-07-20,0.1227,,250,0
7373,stock,002594,dividend_yield,2023-07-21,0.123,,250,0
7374,stock,002594,dividend_yield,2023-07-24,0.1264,,250,0
7375,stock,002594,dividend_yield,2023-07-25,0.1229,,250,0
7376,stock,002594,dividend_yield,2023-07-26,0.1241,,250,0
7377,stock,002594,dividend_yield,2023-07-27,0.1243,,250,0
7378,stock,002594,dividend_yield,2023-07-28,1.4393,,250,0
7379,stock,002594,dividend_yield,2023-07-31,1.2932,,250,0
7380,stock,002594,dividend_yield,2023-08-01,1.3105,,250,0
7381,stock,002594,dividend_yield,2023-08-02,1.3129,,250,0
7382,stock,002594,dividend_yield,2023-08-03,1.3119,,250,0
7383,stock,002594,dividend_yield,2023-08-04,1.3114,,250,0
7384,stock,002594,dividend_yield,2023-08-07,1.3181,,250,0
7385,stock,002594,dividend_yield,2023-08-08,1.3371,,250,0
7386,stock,002594,dividend_yield,2023-08-09,1.3391,,250,0
7387,stock,002594,dividend_yield,2023-08-10,1.3402,,250,0
7388,stock,002594,dividend_yield,2023-08-11,1.3586,,250,0
7389,stock,002594,dividend_yield,2023-08-14,1.435,,250,0
7390,stock,002594,dividend_yield,2023-08-15,1.4426,,250,0
7391,stock,002594,dividend_yield,2023-08-16,1.4448,,250,0
7392,stock,002594,dividend_yield,2023-08-17,1.4338,,250,0
7393,stock,002594,dividend_yield,2023-08-18,1.469,,250,0
7394,stock,002594,dividend_yield,2023-08-21,1.507,,250,0
7395,stock,002594,dividend_yield,2023-08-22,1.5062,,250,0
7396,stock,002594,dividend_yield,2023-08-23,1.5362,,250,0
7397,stock,002594,dividend_yield,2023-08-24,1.5038,,250,0
7398,stock,002594,dividend_yield,2023-08-25,1.519,,250,0
7399,stock,002594,dividend_yield,2023-08-28,1.4997,,250,0
7400,stock,002594,dividend_yield,2023-08-29,1.4296,,250,0
7401,stock,002594,dividend_yield,2023-08-30,1.4114,,250,0
7402,stock,002594,dividend_yield,2023-08-31,1.4137,,250,0
7403,stock,002594,dividend_yield,2023-09-01,1.4155,,250,0
7404,stock,002594,dividend_yield,2023-09-04,1.3963,,250,0
7405,stock,002594,dividend_yield,2023-09-05,1.416,,250,0
7406,stock,002594,dividend_yield,2023-09-06,1.4076,,250,0
7407,stock,002594,dividend_yield,2023-09-07,1.4197,,250,0
7408,stock,002594,dividend_yield,2023-09-08,1.4458,,250,0
7409,stock,002594,dividend_yield,2023-09-11,1.4279,,250,0
7410,stock,002594,dividend_yield,2023-09-12,1.3988,,250,0
7411,stock,002594,dividend_yield,2023-09-13,1.4014,,250,0
7412,stock,002594,dividend_yield,2023-09-14,1.4483,,250,0
7413,stock,002594,dividend_yield,2023-09-15,1.4443,,250,0
7414,stock,002594,dividend_yield,2023-09-18,1.4257,,250,0
7415,stock,002594,dividend_yield,2023-09-19,1.427,,250,0
7416,stock,002594,dividend_yield,2023-09-20,1.4459,,250,0
7417,stock,002594,dividend_yield,2023-09-21,1.4728,,250,0
7418,stock,002594,dividend_yield,2023-09-22,1.4396,,250,0
7419,stock,002594,dividend_yield,2023-09-25,1.435,,250,0
7420,stock,002594,dividend_yield,2023-09-26,1.4804,,250,0
7421,stock,002594,dividend_yield,2023-09-27,1.4847,,250,0
7422,stock,002594,dividend_yield,2023-09-28,1.492,,250,0
7423,stock,002594,dividend_yield,2023-10-09,1.4837,,250,0
7424,stock,002594,dividend_yield,2023-10-10,1.4841,,250,0
7425,stock,002594,dividend_yield,2023-10-11,1.4798,,250,0
7426,stock,002594,dividend_yield,2023-10-12,1.4432,,250,0
7427,stock,002594,dividend_yield,2023-10-13,1.4686,,250,0
7428,stock,002594,dividend_yield,2023-10-16,1.4868,,250,0
7429,stock,002594,dividend_yield,2023-10-17,1.4835,,250,0
7430,stock,002594,dividend_yield,2023-10-18,1.4156,,250,0
7431,stock,002594,dividend_yield,2023-10-19,1.4671,,250,0
7432,stock,002594,dividend_yield,2023-10-20,1.4758,,250,0
7433,stock,002594,dividend_yield,2023-10-23,1.4795,,250,0
7434,stock,002594,dividend_yield,2023-10-24,1.4995,,250,0
7435,stock,002594,dividend_yield,2023-10-25,1.4874,,250,0
7436,stock,002594,dividend_yield,2023-10-26,1.4797,,250,0
7437,stock,002594,dividend_yield,2023-10-27,1.4587,,250,0
7438,stock,002594,dividend_yield,2023-10-30,1.4423,,250,0
7439,stock,002594,dividend_yield,2023-10-31,1.48,,250,0
7440,stock,002594,dividend_yield,2023-11-01,1.4952,,250,0
7441,stock,002594,dividend_yield,2023-11-02,1.5044,,250,0
7442,stock,002594,dividend_yield,2023-11-03,1.4794,,250,0
7443,stock,002594,dividend_yield,2023-11-06,1.4528,,250,0
7444,stock,002594,dividend_yield,2023-11-07,1.4647,,250,0
7445,stock,002594,dividend_yield,2023-11-08,1.4708,,250,0
7446,stock,002594,dividend_yield,2023-11-09,1.4753,,250,0
7447,stock,002594,dividend_yield,2023-11-10,1.4903,,250,0
7448,stock,002594,dividend_yield,2023-11-13,1.4892,,250,0
7449,stock,002594,dividend_yield,2023-11-14,1.486,,250,0
7450,stock,002594,dividend_yield,2023-11-15,1.4795,,250,0
7451,stock,002594,dividend_yield,2023-11-16,1.4817,,250,0
7452,stock,002594,dividend_yield,2023-11-17,1.4916,,250,0
7453,stock,002594,dividend_yield,2023-11-20,1.5031,,250,0
7454,stock,002594,dividend_yield,2023-11-21,1.5084,,250,0
7455,stock,002594,dividend_yield,2023-11-22,1.5368,,250,0
7456,stock,002594,dividend_yield,2023-11-23,1.5449,,250,0
7457,stock,002594,dividend_yield,2023-11-24,1.6332,,250,0
7458,stock,002594,dividend_yield,2023-11-27,1.6975,,250,0
7459,stock,002594,dividend_yield,2023-11-28,1.689,,250,0
7460,stock,002594,dividend_yield,2023-11-29,1.7578,,250,0
7461,stock,002594,dividend_yield,2023-11-30,1.7837,,250,0
7462,stock,002594,dividend_yield,2023-12-01,1.8034,,250,0
7463,stock,002594,dividend_yield,2023-12-04,1.8097,,250,0
7464,stock,002594,dividend_yield,2023-12-05,1.8101,,250,0
7465,stock,002594,dividend_yield,2023-12-06,1.7649,,250,0
7466,stock,002594,dividend_yield,2023-12-07,1.7809,,250,0
7467,stock,002594,dividend_yield,2023-12-08,1.7892,,250,0
7468,market,MARKET,limit_chain,2026-06-16,4.0,,250,0
7469,market,MARKET,limit_count,2026-06-16,117.0,,250,0
7470,market,MARKET,limit_chain,2026-06-15,3.0,,250,0
7471,market,MARKET,limit_count,2026-06-15,145.0,,250,0
7472,market,MARKET,limit_count,2026-06-14,0.0,,250,0
7473,market,MARKET,limit_count,2026-06-13,0.0,,250,0
7474,market,MARKET,limit_chain,2026-06-12,4.0,,250,0
7475,market,MARKET,limit_count,2026-06-12,89.0,,250,0
7476,market,MARKET,limit_chain,2026-06-11,3.0,,250,0
7477,market,MARKET,limit_count,2026-06-11,69.0,,250,0
7478,market,MARKET,limit_chain,2026-06-10,4.0,,250,0
7479,market,MARKET,limit_count,2026-06-10,71.0,,250,0
7480,market,MARKET,limit_chain,2026-06-09,3.0,,250,0
7481,market,MARKET,limit_count,2026-06-09,130.0,,250,0
7482,market,MARKET,limit_count,2026-06-08,0.0,,250,0
7483,market,MARKET,limit_count,2026-06-07,0.0,,250,0
7484,market,MARKET,limit_count,2026-06-06,0.0,,250,0
7485,market,MARKET,limit_count,2026-06-05,0.0,,250,0
7486,market,MARKET,limit_count,2026-06-04,0.0,,250,0
7487,market,MARKET,limit_count,2026-06-03,0.0,,250,0
7488,market,MARKET,limit_count,2026-06-02,0.0,,250,0
7489,market,MARKET,limit_count,2026-06-01,0.0,,250,0
7490,market,MARKET,limit_count,2026-05-31,0.0,,250,0
7491,market,MARKET,limit_count,2026-05-30,0.0,,250,0
7492,market,MARKET,limit_count,2026-05-29,0.0,,250,0
7493,market,MARKET,limit_count,2026-05-28,0.0,,250,0
7494,market,MARKET,limit_count,2026-05-27,0.0,,250,0
7495,market,MARKET,limit_count,2026-05-26,0.0,,250,0
7496,market,MARKET,limit_count,2026-05-25,0.0,,250,0
7497,market,MARKET,limit_count,2026-05-24,0.0,,250,0
7498,market,MARKET,limit_count,2026-05-23,0.0,,250,0
7499,market,MARKET,limit_count,2026-05-22,0.0,,250,0
7500,market,MARKET,limit_count,2026-05-21,0.0,,250,0
7501,market,MARKET,limit_count,2026-05-20,0.0,,250,0
7502,market,MARKET,limit_count,2026-05-19,0.0,,250,0
7503,market,MARKET,limit_count,2026-05-18,0.0,,250,0
7504,market,MARKET,limit_count,2026-05-17,0.0,,250,0
7505,market,MARKET,limit_count,2026-05-16,0.0,,250,0
7506,market,MARKET,limit_count,2026-05-15,0.0,,250,0
7507,market,MARKET,limit_count,2026-05-14,0.0,,250,0
7508,market,MARKET,limit_count,2026-05-13,0.0,,250,0
7509,market,MARKET,limit_count,2026-05-12,0.0,,250,0
7510,market,MARKET,limit_count,2026-05-11,0.0,,250,0
7511,market,MARKET,limit_count,2026-05-10,0.0,,250,0
7512,market,MARKET,limit_count,2026-05-09,0.0,,250,0
7513,market,MARKET,limit_count,2026-05-08,0.0,,250,0
7514,market,MARKET,limit_count,2026-05-07,0.0,,250,0
7515,market,MARKET,limit_count,2026-05-06,0.0,,250,0
7516,market,MARKET,limit_count,2026-05-05,0.0,,250,0
7517,market,MARKET,limit_count,2026-05-04,0.0,,250,0
7518,market,MARKET,limit_count,2026-05-03,0.0,,250,0
7519,market,MARKET,limit_count,2026-05-02,0.0,,250,0
7520,market,MARKET,limit_count,2026-05-01,0.0,,250,0
7521,market,MARKET,limit_count,2026-04-30,0.0,,250,0
7522,market,MARKET,limit_count,2026-04-29,0.0,,250,0
7523,market,MARKET,limit_count,2026-04-28,0.0,,250,0
7524,market,MARKET,limit_count,2026-04-27,0.0,,250,0
7525,market,MARKET,limit_count,2026-04-26,0.0,,250,0
7526,market,MARKET,limit_count,2026-04-25,0.0,,250,0
7527,market,MARKET,limit_count,2026-04-24,0.0,,250,0
7528,market,MARKET,limit_count,2026-04-23,0.0,,250,0
7529,market,MARKET,limit_count,2026-04-22,0.0,,250,0
7530,market,MARKET,limit_count,2026-04-21,0.0,,250,0
7531,market,MARKET,limit_count,2026-04-20,0.0,,250,0
7532,market,MARKET,limit_count,2026-04-19,0.0,,250,0
7533,market,MARKET,limit_count,2026-04-18,0.0,,250,0
7534,market,MARKET,limit_count,2026-04-17,0.0,,250,0
7535,market,MARKET,limit_count,2026-04-16,0.0,,250,0
7536,market,MARKET,limit_count,2026-04-15,0.0,,250,0
7537,market,MARKET,limit_count,2026-04-14,0.0,,250,0
7538,market,MARKET,limit_count,2026-04-13,0.0,,250,0
7539,market,MARKET,limit_count,2026-04-12,0.0,,250,0
7540,market,MARKET,limit_count,2026-04-11,0.0,,250,0
7541,market,MARKET,limit_count,2026-04-10,0.0,,250,0
7542,market,MARKET,limit_count,2026-04-09,0.0,,250,0
7543,market,MARKET,limit_count,2026-04-08,0.0,,250,0
7544,market,MARKET,limit_count,2026-04-07,0.0,,250,0
7545,market,MARKET,limit_count,2026-04-06,0.0,,250,0
7546,market,MARKET,limit_count,2026-04-05,0.0,,250,0
7547,market,MARKET,limit_count,2026-04-04,0.0,,250,0
7548,market,MARKET,limit_count,2026-04-03,0.0,,250,0
7549,market,MARKET,limit_count,2026-04-02,0.0,,250,0
7550,market,MARKET,limit_count,2026-04-01,0.0,,250,0
7551,market,MARKET,limit_count,2026-03-31,0.0,,250,0
7552,market,MARKET,limit_count,2026-03-30,0.0,,250,0
7553,market,MARKET,limit_count,2026-03-29,0.0,,250,0
7554,market,MARKET,limit_count,2026-03-28,0.0,,250,0
7555,market,MARKET,limit_count,2026-03-27,0.0,,250,0
7556,market,MARKET,limit_count,2026-03-26,0.0,,250,0
7557,market,MARKET,limit_count,2026-03-25,0.0,,250,0
7558,market,MARKET,limit_count,2026-03-24,0.0,,250,0
7559,market,MARKET,limit_count,2026-03-23,0.0,,250,0
7560,market,MARKET,limit_count,2026-03-22,0.0,,250,0
7561,market,MARKET,limit_count,2026-03-21,0.0,,250,0
7562,market,MARKET,limit_count,2026-03-20,0.0,,250,0
7563,market,MARKET,limit_count,2026-03-19,0.0,,250,0
7564,market,MARKET,limit_count,2026-03-18,0.0,,250,0
7565,market,MARKET,limit_count,2026-03-17,0.0,,250,0
7566,market,MARKET,limit_count,2026-03-16,0.0,,250,0
7567,market,MARKET,limit_count,2026-03-15,0.0,,250,0
7568,market,MARKET,limit_count,2026-03-14,0.0,,250,0
7569,market,MARKET,limit_count,2026-03-13,0.0,,250,0
7570,market,MARKET,limit_count,2026-03-12,0.0,,250,0
7571,market,MARKET,limit_count,2026-03-11,0.0,,250,0
7572,market,MARKET,limit_count,2026-03-10,0.0,,250,0
7573,market,MARKET,limit_count,2026-03-09,0.0,,250,0
7574,market,MARKET,limit_count,2026-03-08,0.0,,250,0
7575,market,MARKET,limit_count,2026-03-07,0.0,,250,0
7576,market,MARKET,limit_count,2026-03-06,0.0,,250,0
7577,market,MARKET,limit_count,2026-03-05,0.0,,250,0
7578,market,MARKET,limit_count,2026-03-04,0.0,,250,0
7579,market,MARKET,limit_count,2026-03-03,0.0,,250,0
7580,market,MARKET,limit_count,2026-03-02,0.0,,250,0
7581,market,MARKET,limit_count,2026-03-01,0.0,,250,0
7582,market,MARKET,limit_count,2026-02-28,0.0,,250,0
7583,market,MARKET,limit_count,2026-02-27,0.0,,250,0
7584,market,MARKET,limit_count,2026-02-26,0.0,,250,0
7585,market,MARKET,limit_count,2026-02-25,0.0,,250,0
7586,market,MARKET,limit_count,2026-02-24,0.0,,250,0
7587,market,MARKET,limit_count,2026-02-23,0.0,,250,0
7588,market,MARKET,limit_count,2026-02-22,0.0,,250,0
7589,market,MARKET,limit_count,2026-02-21,0.0,,250,0
7590,market,MARKET,limit_count,2026-02-20,0.0,,250,0
7591,market,MARKET,limit_count,2026-02-19,0.0,,250,0
7592,market,MARKET,limit_count,2026-02-18,0.0,,250,0
7593,market,MARKET,limit_count,2026-02-17,0.0,,250,0
7594,market,MARKET,limit_count,2026-02-16,0.0,,250,0
7595,market,MARKET,limit_count,2026-02-15,0.0,,250,0
7596,market,MARKET,limit_count,2026-02-14,0.0,,250,0
7597,market,MARKET,limit_count,2026-02-13,0.0,,250,0
7598,market,MARKET,limit_count,2026-02-12,0.0,,250,0
7599,market,MARKET,limit_count,2026-02-11,0.0,,250,0
7600,market,MARKET,limit_count,2026-02-10,0.0,,250,0
7601,market,MARKET,limit_count,2026-02-09,0.0,,250,0
7602,market,MARKET,limit_count,2026-02-08,0.0,,250,0
7603,market,MARKET,limit_count,2026-02-07,0.0,,250,0
7604,market,MARKET,limit_count,2026-02-06,0.0,,250,0
7605,market,MARKET,limit_count,2026-02-05,0.0,,250,0
7606,market,MARKET,limit_count,2026-02-04,0.0,,250,0
7607,market,MARKET,limit_count,2026-02-03,0.0,,250,0
7608,market,MARKET,limit_count,2026-02-02,0.0,,250,0
7609,market,MARKET,limit_count,2026-02-01,0.0,,250,0
7610,market,MARKET,limit_count,2026-01-31,0.0,,250,0
7611,market,MARKET,limit_count,2026-01-30,0.0,,250,0
7612,market,MARKET,limit_count,2026-01-29,0.0,,250,0
7613,market,MARKET,limit_count,2026-01-28,0.0,,250,0
7614,market,MARKET,limit_count,2026-01-27,0.0,,250,0
7615,market,MARKET,limit_count,2026-01-26,0.0,,250,0
7616,market,MARKET,limit_count,2026-01-25,0.0,,250,0
7617,market,MARKET,limit_count,2026-01-24,0.0,,250,0
7618,market,MARKET,limit_count,2026-01-23,0.0,,250,0
7619,market,MARKET,limit_count,2026-01-22,0.0,,250,0
7620,market,MARKET,limit_count,2026-01-21,0.0,,250,0
7621,market,MARKET,limit_count,2026-01-20,0.0,,250,0
7622,market,MARKET,limit_count,2026-01-19,0.0,,250,0
7623,market,MARKET,limit_count,2026-01-18,0.0,,250,0
7624,market,MARKET,limit_count,2026-01-17,0.0,,250,0
7625,market,MARKET,limit_count,2026-01-16,0.0,,250,0
7626,market,MARKET,limit_count,2026-01-15,0.0,,250,0
7627,market,MARKET,limit_count,2026-01-14,0.0,,250,0
7628,market,MARKET,limit_count,2026-01-13,0.0,,250,0
7629,market,MARKET,limit_count,2026-01-12,0.0,,250,0
7630,market,MARKET,limit_count,2026-01-11,0.0,,250,0
7631,market,MARKET,limit_count,2026-01-10,0.0,,250,0
7632,market,MARKET,limit_count,2026-01-09,0.0,,250,0
7633,market,MARKET,limit_count,2026-01-08,0.0,,250,0
7634,market,MARKET,limit_count,2026-01-07,0.0,,250,0
7635,market,MARKET,limit_count,2026-01-06,0.0,,250,0
7636,market,MARKET,limit_count,2026-01-05,0.0,,250,0
7637,market,MARKET,limit_count,2026-01-04,0.0,,250,0
7638,market,MARKET,limit_count,2026-01-03,0.0,,250,0
7639,market,MARKET,limit_count,2026-01-02,0.0,,250,0
7640,market,MARKET,limit_count,2026-01-01,0.0,,250,0
7641,market,MARKET,limit_count,2025-12-31,0.0,,250,0
7642,market,MARKET,limit_count,2025-12-30,0.0,,250,0
7643,market,MARKET,limit_count,2025-12-29,0.0,,250,0
7644,market,MARKET,limit_count,2025-12-28,0.0,,250,0
7645,market,MARKET,limit_count,2025-12-27,0.0,,250,0
7646,market,MARKET,limit_count,2025-12-26,0.0,,250,0
7647,market,MARKET,limit_count,2025-12-25,0.0,,250,0
7648,market,MARKET,limit_count,2025-12-24,0.0,,250,0
7649,market,MARKET,limit_count,2025-12-23,0.0,,250,0
7650,market,MARKET,limit_count,2025-12-22,0.0,,250,0
7651,market,MARKET,limit_count,2025-12-21,0.0,,250,0
7652,market,MARKET,limit_count,2025-12-20,0.0,,250,0
7653,market,MARKET,limit_count,2025-12-19,0.0,,250,0
7654,market,MARKET,limit_count,2025-12-18,0.0,,250,0
7655,market,MARKET,limit_count,2025-12-17,0.0,,250,0
7656,market,MARKET,limit_count,2025-12-16,0.0,,250,0
7657,market,MARKET,limit_count,2025-12-15,0.0,,250,0
7658,market,MARKET,limit_count,2025-12-14,0.0,,250,0
7659,market,MARKET,limit_count,2025-12-13,0.0,,250,0
7660,market,MARKET,limit_count,2025-12-12,0.0,,250,0
7661,market,MARKET,limit_count,2025-12-11,0.0,,250,0
7662,market,MARKET,limit_count,2025-12-10,0.0,,250,0
7663,market,MARKET,limit_count,2025-12-09,0.0,,250,0
7664,market,MARKET,limit_count,2025-12-08,0.0,,250,0
7665,market,MARKET,limit_count,2025-12-07,0.0,,250,0
7666,market,MARKET,limit_count,2025-12-06,0.0,,250,0
7667,market,MARKET,limit_count,2025-12-05,0.0,,250,0
7668,market,MARKET,limit_count,2025-12-04,0.0,,250,0
7669,market,MARKET,limit_count,2025-12-03,0.0,,250,0
7670,market,MARKET,limit_count,2025-12-02,0.0,,250,0
7671,market,MARKET,limit_count,2025-12-01,0.0,,250,0
7672,market,MARKET,limit_count,2025-11-30,0.0,,250,0
7673,market,MARKET,limit_count,2025-11-29,0.0,,250,0
7674,market,MARKET,limit_count,2025-11-28,0.0,,250,0
7675,market,MARKET,limit_count,2025-11-27,0.0,,250,0
7676,market,MARKET,limit_count,2025-11-26,0.0,,250,0
7677,market,MARKET,limit_count,2025-11-25,0.0,,250,0
7678,market,MARKET,limit_count,2025-11-24,0.0,,250,0
7679,market,MARKET,limit_count,2025-11-23,0.0,,250,0
7680,market,MARKET,limit_count,2025-11-22,0.0,,250,0
7681,market,MARKET,limit_count,2025-11-21,0.0,,250,0
7682,market,MARKET,limit_count,2025-11-20,0.0,,250,0
7683,market,MARKET,limit_count,2025-11-19,0.0,,250,0
7684,market,MARKET,limit_count,2025-11-18,0.0,,250,0
7685,market,MARKET,limit_count,2025-11-17,0.0,,250,0
7686,market,MARKET,limit_count,2025-11-16,0.0,,250,0
7687,market,MARKET,limit_count,2025-11-15,0.0,,250,0
7688,market,MARKET,limit_count,2025-11-14,0.0,,250,0
7689,market,MARKET,limit_count,2025-11-13,0.0,,250,0
7690,market,MARKET,limit_count,2025-11-12,0.0,,250,0
7691,market,MARKET,limit_count,2025-11-11,0.0,,250,0
7692,market,MARKET,limit_count,2025-11-10,0.0,,250,0
7693,market,MARKET,limit_count,2025-11-09,0.0,,250,0
7694,market,MARKET,limit_count,2025-11-08,0.0,,250,0
7695,market,MARKET,limit_count,2025-11-07,0.0,,250,0
7696,market,MARKET,limit_count,2025-11-06,0.0,,250,0
7697,market,MARKET,limit_count,2025-11-05,0.0,,250,0
7698,market,MARKET,limit_count,2025-11-04,0.0,,250,0
7699,market,MARKET,limit_count,2025-11-03,0.0,,250,0
7700,market,MARKET,limit_count,2025-11-02,0.0,,250,0
7701,market,MARKET,limit_count,2025-11-01,0.0,,250,0
7702,market,MARKET,limit_count,2025-10-31,0.0,,250,0
7703,market,MARKET,limit_count,2025-10-30,0.0,,250,0
7704,market,MARKET,limit_count,2025-10-29,0.0,,250,0
7705,market,MARKET,limit_count,2025-10-28,0.0,,250,0
7706,market,MARKET,limit_count,2025-10-27,0.0,,250,0
7707,market,MARKET,limit_count,2025-10-26,0.0,,250,0
7708,market,MARKET,limit_count,2025-10-25,0.0,,250,0
7709,market,MARKET,limit_count,2025-10-24,0.0,,250,0
7710,market,MARKET,limit_count,2025-10-23,0.0,,250,0
7711,market,MARKET,limit_count,2025-10-22,0.0,,250,0
7712,market,MARKET,limit_count,2025-10-21,0.0,,250,0
7713,market,MARKET,limit_count,2025-10-20,0.0,,250,0
7714,market,MARKET,limit_count,2025-10-19,0.0,,250,0
7715,market,MARKET,limit_count,2025-10-18,0.0,,250,0
7716,market,MARKET,limit_count,2025-10-17,0.0,,250,0
7717,market,MARKET,limit_count,2025-10-16,0.0,,250,0
7718,market,MARKET,limit_count,2025-10-15,0.0,,250,0
7719,market,MARKET,limit_count,2025-10-14,0.0,,250,0
7720,market,MARKET,limit_count,2025-10-13,0.0,,250,0
7721,market,MARKET,limit_count,2025-10-12,0.0,,250,0
7722,market,MARKET,limit_count,2025-10-11,0.0,,250,0
7723,market,MARKET,limit_count,2025-10-10,0.0,,250,0
7724,market,MARKET,limit_count,2025-10-09,0.0,,250,0
7725,market,MARKET,limit_count,2025-10-08,0.0,,250,0
7726,market,MARKET,limit_count,2025-10-07,0.0,,250,0
7727,market,MARKET,limit_count,2025-10-06,0.0,,250,0
7728,market,MARKET,limit_count,2025-10-05,0.0,,250,0
7729,market,MARKET,limit_count,2025-10-04,0.0,,250,0
7730,market,MARKET,limit_count,2025-10-03,0.0,,250,0
7731,market,MARKET,limit_count,2025-10-02,0.0,,250,0
7732,market,MARKET,limit_count,2025-10-01,0.0,,250,0
7733,market,MARKET,limit_count,2025-09-30,0.0,,250,0
7734,market,MARKET,limit_count,2025-09-29,0.0,,250,0
7735,market,MARKET,limit_count,2025-09-28,0.0,,250,0
7736,market,MARKET,limit_count,2025-09-27,0.0,,250,0
7737,market,MARKET,limit_count,2025-09-26,0.0,,250,0
7738,market,MARKET,limit_count,2025-09-25,0.0,,250,0
7739,market,MARKET,limit_count,2025-09-24,0.0,,250,0
7740,market,MARKET,limit_count,2025-09-23,0.0,,250,0
7741,market,MARKET,limit_count,2025-09-22,0.0,,250,0
7742,market,MARKET,limit_count,2025-09-21,0.0,,250,0
7743,market,MARKET,limit_count,2025-09-20,0.0,,250,0
7744,market,MARKET,limit_count,2025-09-19,0.0,,250,0
7745,market,MARKET,limit_count,2025-09-18,0.0,,250,0
7746,market,MARKET,limit_count,2025-09-17,0.0,,250,0
7747,market,MARKET,limit_count,2025-09-16,0.0,,250,0
7748,market,MARKET,limit_count,2025-09-15,0.0,,250,0
7749,market,MARKET,limit_count,2025-09-14,0.0,,250,0
7750,market,MARKET,limit_count,2025-09-13,0.0,,250,0
7751,market,MARKET,limit_count,2025-09-12,0.0,,250,0
7752,market,MARKET,limit_count,2025-09-11,0.0,,250,0
7753,market,MARKET,limit_count,2025-09-10,0.0,,250,0
7754,market,MARKET,limit_count,2025-09-09,0.0,,250,0
7755,market,MARKET,limit_count,2025-09-08,0.0,,250,0
7756,market,MARKET,limit_count,2025-09-07,0.0,,250,0
7757,market,MARKET,limit_count,2025-09-06,0.0,,250,0
7758,market,MARKET,limit_count,2025-09-05,0.0,,250,0
7759,market,MARKET,limit_count,2025-09-04,0.0,,250,0
7760,market,MARKET,limit_count,2025-09-03,0.0,,250,0
7761,market,MARKET,limit_count,2025-09-02,0.0,,250,0
7762,market,MARKET,limit_count,2025-09-01,0.0,,250,0
7763,market,MARKET,limit_count,2025-08-31,0.0,,250,0
7764,market,MARKET,limit_count,2025-08-30,0.0,,250,0
7765,market,MARKET,limit_count,2025-08-29,0.0,,250,0
7766,market,MARKET,limit_count,2025-08-28,0.0,,250,0
7767,market,MARKET,limit_count,2025-08-27,0.0,,250,0
7768,market,MARKET,limit_count,2025-08-26,0.0,,250,0
7769,market,MARKET,limit_count,2025-08-25,0.0,,250,0
7770,market,MARKET,limit_count,2025-08-24,0.0,,250,0
7771,market,MARKET,limit_count,2025-08-23,0.0,,250,0
7772,market,MARKET,limit_count,2025-08-22,0.0,,250,0
7773,market,MARKET,limit_count,2025-08-21,0.0,,250,0
7774,market,MARKET,limit_count,2025-08-20,0.0,,250,0
7775,market,MARKET,limit_count,2025-08-19,0.0,,250,0
7776,market,MARKET,limit_count,2025-08-18,0.0,,250,0
7777,market,MARKET,limit_count,2025-08-17,0.0,,250,0
7778,market,MARKET,limit_count,2025-08-16,0.0,,250,0
7779,market,MARKET,limit_count,2025-08-15,0.0,,250,0
7780,market,MARKET,limit_count,2025-08-14,0.0,,250,0
7781,market,MARKET,limit_count,2025-08-13,0.0,,250,0
7782,market,MARKET,limit_count,2025-08-12,0.0,,250,0
7783,market,MARKET,limit_count,2025-08-11,0.0,,250,0
7784,market,MARKET,limit_count,2025-08-10,0.0,,250,0
7785,market,MARKET,limit_count,2025-08-09,0.0,,250,0
7786,market,MARKET,limit_count,2025-08-08,0.0,,250,0
7787,market,MARKET,limit_count,2025-08-07,0.0,,250,0
7788,market,MARKET,limit_count,2025-08-06,0.0,,250,0
7789,market,MARKET,limit_count,2025-08-05,0.0,,250,0
7790,market,MARKET,limit_count,2025-08-04,0.0,,250,0
7791,market,MARKET,limit_count,2025-08-03,0.0,,250,0
7792,market,MARKET,limit_count,2025-08-02,0.0,,250,0
7793,market,MARKET,limit_count,2025-08-01,0.0,,250,0
7794,market,MARKET,limit_count,2025-07-31,0.0,,250,0
7795,market,MARKET,limit_count,2025-07-30,0.0,,250,0
7796,market,MARKET,limit_count,2025-07-29,0.0,,250,0
7797,market,MARKET,limit_count,2025-07-28,0.0,,250,0
7798,market,MARKET,limit_count,2025-07-27,0.0,,250,0
7799,market,MARKET,limit_count,2025-07-26,0.0,,250,0
7800,market,MARKET,limit_count,2025-07-25,0.0,,250,0
7801,market,MARKET,limit_count,2025-07-24,0.0,,250,0
7802,market,MARKET,limit_count,2025-07-23,0.0,,250,0
7803,market,MARKET,limit_count,2025-07-22,0.0,,250,0
7804,market,MARKET,limit_count,2025-07-21,0.0,,250,0
7805,market,MARKET,limit_count,2025-07-20,0.0,,250,0
7806,market,MARKET,limit_count,2025-07-19,0.0,,250,0
7807,market,MARKET,limit_count,2025-07-18,0.0,,250,0
7808,market,MARKET,limit_count,2025-07-17,0.0,,250,0
7809,market,MARKET,limit_count,2025-07-16,0.0,,250,0
7810,market,MARKET,limit_count,2025-07-15,0.0,,250,0
7811,market,MARKET,limit_count,2025-07-14,0.0,,250,0
7812,market,MARKET,limit_count,2025-07-13,0.0,,250,0
7813,market,MARKET,limit_count,2025-07-12,0.0,,250,0
7814,market,MARKET,limit_count,2025-07-11,0.0,,250,0
7815,market,MARKET,limit_count,2025-07-10,0.0,,250,0
7816,market,MARKET,limit_count,2025-07-09,0.0,,250,0
7817,market,MARKET,limit_count,2025-07-08,0.0,,250,0
7818,market,MARKET,limit_count,2025-07-07,0.0,,250,0
7819,market,MARKET,limit_count,2025-07-06,0.0,,250,0
7820,market,MARKET,limit_count,2025-07-05,0.0,,250,0
7821,market,MARKET,limit_count,2025-07-04,0.0,,250,0
7822,market,MARKET,limit_count,2025-07-03,0.0,,250,0
7823,market,MARKET,limit_count,2025-07-02,0.0,,250,0
7824,market,MARKET,limit_count,2025-07-01,0.0,,250,0
7825,market,MARKET,limit_count,2025-06-30,0.0,,250,0
7826,market,MARKET,limit_chain,2026-06-30,3.0,,250,0
7827,market,MARKET,limit_count,2026-06-30,140.0,,250,0
7828,market,MARKET,margin_balance,2026-06-30,801602446146.0,,250,0
7829,stock,600519,margin_buy,2026-06-30,717452159.0,,250,0
7830,stock,600036,margin_buy,2026-06-30,196774912.0,,250,0
7831,stock,601318,margin_buy,2026-06-30,366873986.0,,250,0
7832,stock,510300,margin_buy,2026-06-30,160224251.0,,250,0
7833,stock,510500,margin_buy,2026-06-30,145163655.0,,250,0
7834,stock,562500,margin_buy,2026-06-30,48242679.0,,250,0
7835,stock,601919,margin_buy,2026-06-30,71226890.0,,250,0
7836,stock,515450,margin_buy,2026-06-30,12246907.0,,250,0
7837,stock,601899,margin_buy,2026-06-30,637741708.0,,250,0
7838,stock,600900,margin_buy,2026-06-30,197734138.0,,250,0
7839,stock,600886,margin_buy,2026-06-30,20156899.0,,250,0
7840,stock,600030,margin_buy,2026-06-30,567884691.0,,250,0
7841,stock,600276,margin_buy,2026-06-30,692248536.0,,250,0
7842,stock,600309,margin_buy,2026-06-30,167167199.0,,250,0
7843,stock,600760,margin_buy,2026-06-30,86682425.0,,250,0
7844,stock,600887,margin_buy,2026-06-30,97537396.0,,250,0
7845,stock,600941,margin_buy,2026-06-30,45346890.0,,250,0
7846,stock,601012,margin_buy,2026-06-30,130993513.0,,250,0
7847,stock,601138,margin_buy,2026-06-30,1044379905.0,,250,0
7848,stock,601225,margin_buy,2026-06-30,42583192.0,,250,0
7849,stock,601166,margin_buy,2026-06-30,134133407.0,,250,0
7850,stock,601857,margin_buy,2026-06-30,63739996.0,,250,0
7851,stock,601816,margin_buy,2026-06-30,72256779.0,,250,0
7852,stock,603288,margin_buy,2026-06-30,63491243.0,,250,0
7853,stock,603501,margin_buy,2026-06-30,305448692.0,,250,0
7854,stock,601088,margin_buy,2026-06-30,77749000.0,,250,0
7855,stock,688041,margin_buy,2026-06-30,1509816338.0,,250,0
7856,stock,688111,margin_buy,2026-06-30,259804678.0,,250,0
7857,stock,688981,margin_buy,2026-06-30,2163351528.0,,250,0
7858,stock,512710,margin_buy,2026-06-30,21239205.0,,250,0
7859,stock,601127,margin_buy,2026-06-30,184045256.0,,250,0
7860,sector,银行,sector_flow,2026-06-30,-50.19,,250,0
7861,sector,白酒,sector_flow,2026-06-30,-7.36,,250,0
7862,sector,半导体,sector_flow,2026-06-30,289.55,,250,0
7863,sector,医药,sector_flow,2026-06-30,-14.51,,250,0
7864,sector,新能源车,sector_flow,2026-06-30,-6.82,,250,0
