id,sector_name,snap_date,open,high,low,close,pct_chg,volume,amount
1,半导体,2022-06-01,6506.914,6624.149,6494.865,6581.141,,964822630.0,34921797000.0
2,半导体,2022-06-02,6566.339,6875.169,6542.569,6866.06,4.33,1206052770.0,47450185000.0
3,半导体,2022-06-06,6892.471,7109.322,6888.71,7088.412,3.24,1493442500.0,54911388000.0
4,半导体,2022-06-07,7088.983,7099.501,6911.908,6963.476,-1.76,1159033330.0,44278607000.0
5,半导体,2022-06-08,6958.629,7013.546,6759.755,6880.677,-1.19,1039479170.0,41766874000.0
6,半导体,2022-06-09,6865.85,6865.998,6607.795,6647.754,-3.39,951949390.0,38945308000.0
7,半导体,2022-06-10,6607.661,6782.029,6602.05,6776.169,1.93,1109671300.0,47459142000.0
8,半导体,2022-06-13,6720.579,6820.243,6689.801,6757.863,-0.27,1063308300.0,41372287000.0
9,半导体,2022-06-14,6693.669,6693.669,6423.034,6616.548,-2.09,1234600660.0,44427647000.0
10,半导体,2022-06-15,6617.839,6802.797,6617.076,6684.886,1.03,1351743600.0,45915587000.0
11,半导体,2022-06-16,6700.221,6898.852,6700.221,6826.546,2.12,1401151800.0,46247839000.0
12,半导体,2022-06-17,6768.301,6842.225,6683.211,6823.274,-0.05,1195905390.0,41370283000.0
13,半导体,2022-06-20,6842.429,6932.264,6802.151,6867.439,0.65,1282081760.0,46776255000.0
14,半导体,2022-06-21,6864.169,6922.059,6773.288,6849.635,-0.26,1224883520.0,43210210000.0
15,半导体,2022-06-22,6857.728,6863.192,6685.122,6685.122,-2.4,1237455440.0,43343141000.0
16,半导体,2022-06-23,6690.443,6954.81,6689.088,6954.686,4.03,1476521600.0,48122392000.0
17,半导体,2022-06-24,6982.831,7107.342,6960.018,7052.972,1.41,1827746800.0,60351152000.0
18,半导体,2022-06-27,7085.179,7132.0,7018.044,7113.896,0.86,1647033700.0,56594051000.0
19,半导体,2022-06-28,7109.69,7355.164,6997.859,7340.262,3.18,2053891800.0,71464149000.0
20,半导体,2022-06-29,7312.064,7455.686,7182.878,7182.878,-2.14,2307500000.0,79724273000.0
21,半导体,2022-06-30,7186.608,7360.158,7175.427,7313.522,1.82,1817950400.0,61530555000.0
22,半导体,2022-07-01,7312.484,7378.979,7221.849,7249.993,-0.87,1484987900.0,54375334000.0
23,半导体,2022-07-04,7184.929,7185.439,6975.338,7097.266,-2.11,1614098800.0,61031237000.0
24,半导体,2022-07-05,7094.453,7153.035,6919.677,7008.767,-1.25,1603557900.0,50530722000.0
25,半导体,2022-07-06,6998.674,7272.667,6977.979,7137.708,1.84,1602149800.0,62089376000.0
26,半导体,2022-07-07,7140.934,7147.741,7015.985,7137.312,-0.01,1248419410.0,47506612000.0
27,半导体,2022-07-08,7168.04,7318.284,7163.421,7199.859,0.88,1380749100.0,52948201000.0
28,半导体,2022-07-11,7159.029,7159.053,7015.031,7067.925,-1.83,1283983970.0,46124570000.0
29,半导体,2022-07-12,7057.696,7064.237,6796.356,6796.356,-3.84,1235118360.0,43993383000.0
30,半导体,2022-07-13,6788.56,6822.676,6691.226,6753.579,-0.63,1048270950.0,35157136000.0
31,半导体,2022-07-14,6740.159,6940.365,6727.466,6887.555,1.98,1096744450.0,35944863000.0
32,半导体,2022-07-15,6869.789,7030.596,6849.628,6883.581,-0.06,1382255800.0,43633901000.0
33,半导体,2022-07-18,6895.793,6963.652,6817.27,6951.825,0.99,1305774860.0,41895975000.0
34,半导体,2022-07-19,6950.679,7015.547,6900.885,6988.315,0.52,1240279320.0,37605945000.0
35,半导体,2022-07-20,7019.261,7138.304,7019.261,7060.175,1.03,1383363900.0,41568776000.0
36,半导体,2022-07-21,7049.813,7311.527,7013.205,7203.313,2.03,1733255100.0,58785147000.0
37,半导体,2022-07-22,7236.07,7246.56,7035.5,7090.253,-1.57,1370159500.0,43251696000.0
38,半导体,2022-07-25,7067.279,7147.797,6971.871,6995.316,-1.34,1205937430.0,35083890000.0
39,半导体,2022-07-26,7001.684,7036.082,6884.361,7036.03,0.58,1074008550.0,30129383000.0
40,半导体,2022-07-27,7007.116,7072.336,6985.995,7056.359,0.29,1027918860.0,30402292000.0
41,半导体,2022-07-28,7103.916,7339.091,7103.916,7313.744,3.65,1920927000.0,52746204000.0
42,半导体,2022-07-29,7319.767,7319.8,7150.03,7156.25,-2.15,1675502900.0,48205174000.0
43,半导体,2022-08-01,7126.567,7330.329,7010.79,7330.329,2.43,1730799700.0,49313201000.0
44,半导体,2022-08-02,7232.427,7373.392,7084.846,7242.199,-1.2,2085758200.0,62834201000.0
45,半导体,2022-08-03,7273.262,7586.019,7273.262,7394.941,2.11,2508050100.0,78403711000.0
46,半导体,2022-08-04,7453.532,7613.313,7419.659,7558.32,2.21,2214015500.0,67441895000.0
47,半导体,2022-08-05,7584.825,8050.712,7552.291,8047.083,6.47,3305578000.0,114732674000.0
48,半导体,2022-08-08,8078.892,8078.892,7833.327,7980.207,-0.83,3325239700.0,107700106000.0
49,半导体,2022-08-09,7906.954,8075.858,7775.213,8074.81,1.19,2846156300.0,86772269000.0
50,半导体,2022-08-10,7962.683,8182.56,7926.949,8043.924,-0.38,2839012900.0,89287319000.0
51,半导体,2022-08-11,8070.607,8252.41,8070.607,8194.912,1.88,2966040000.0,89247282000.0
52,半导体,2022-08-12,8163.072,8213.373,7974.122,7974.221,-2.69,2593702700.0,77512857000.0
53,半导体,2022-08-15,7951.229,8023.153,7912.89,7970.311,-0.05,2345461800.0,68134356000.0
54,半导体,2022-08-16,7951.881,8046.316,7884.142,7937.166,-0.42,2185576700.0,65032328000.0
55,半导体,2022-08-17,7929.748,7974.538,7850.088,7935.521,-0.02,2262658500.0,64263396000.0
56,半导体,2022-08-18,7890.577,8102.67,7826.591,8084.779,1.88,2433150200.0,71664415000.0
57,半导体,2022-08-19,8079.143,8226.987,7813.352,7813.352,-3.36,2368422700.0,69595291000.0
58,半导体,2022-08-22,7760.326,7864.15,7684.584,7769.342,-0.56,1647481800.0,48134485000.0
59,半导体,2022-08-23,7746.158,7824.0,7709.568,7736.977,-0.42,1584050000.0,48602231000.0
60,半导体,2022-08-24,7745.004,7745.695,7327.411,7335.281,-5.19,2074797100.0,61318972000.0
61,半导体,2022-08-25,7342.846,7384.454,7123.77,7207.473,-1.74,1517299100.0,44500399000.0
62,半导体,2022-08-26,7228.369,7275.849,7059.634,7071.47,-1.89,1321194260.0,38723487000.0
63,半导体,2022-08-29,6950.686,7173.991,6942.164,7117.312,0.65,1088402130.0,36288178000.0
64,半导体,2022-08-30,7115.421,7204.472,7076.244,7129.851,0.18,1114246180.0,37771780000.0
65,半导体,2022-08-31,7100.441,7149.192,6917.847,6934.371,-2.74,1383706200.0,42147125000.0
66,半导体,2022-09-01,6971.365,7059.003,6863.929,6876.309,-0.84,1151596110.0,37540128000.0
67,半导体,2022-09-02,6885.223,7093.327,6875.113,7058.004,2.64,1323826920.0,39626158000.0
68,半导体,2022-09-05,7042.769,7070.212,6910.948,6988.752,-0.98,1246730580.0,39184848000.0
69,半导体,2022-09-06,7000.477,7056.535,6954.08,7056.535,0.97,1206635640.0,36427468000.0
70,半导体,2022-09-07,7055.19,7284.873,7052.938,7209.13,2.16,1615614500.0,51570718000.0
71,半导体,2022-09-08,7186.753,7198.241,7075.491,7075.557,-1.85,1184083050.0,36373723000.0
72,半导体,2022-09-09,7076.502,7088.487,6943.583,7006.823,-0.97,908258530.0,30015221000.0
73,半导体,2022-09-13,7022.488,7151.693,7001.582,7015.027,0.12,827200090.0,28600362000.0
74,半导体,2022-09-14,6898.996,7054.818,6887.332,7036.627,0.31,916572350.0,33250799000.0
75,半导体,2022-09-15,7046.334,7053.292,6703.78,6776.016,-3.7,1269687850.0,42449165000.0
76,半导体,2022-09-16,6759.895,6864.67,6707.65,6707.65,-1.01,957539200.0,35516374000.0
77,半导体,2022-09-19,6705.789,6785.378,6540.064,6560.9,-2.19,951785080.0,33339513000.0
78,半导体,2022-09-20,6591.203,6663.189,6533.715,6615.528,0.83,814058450.0,27600500000.0
79,半导体,2022-09-21,6584.377,6619.997,6467.744,6581.577,-0.51,821940870.0,28188144000.0
80,半导体,2022-09-22,6543.386,6674.854,6536.246,6594.526,0.2,778016120.0,27810700000.0
81,半导体,2022-09-23,6586.331,6609.716,6336.878,6375.683,-3.32,921449020.0,31427695000.0
82,半导体,2022-09-26,6326.026,6422.841,6296.189,6305.033,-1.11,760750310.0,26579356000.0
83,半导体,2022-09-27,6316.006,6470.181,6316.006,6470.181,2.62,842060670.0,28837564000.0
84,半导体,2022-09-28,6461.719,6461.719,6250.384,6250.56,-3.39,809547020.0,25212762000.0
85,半导体,2022-09-29,6311.376,6346.904,6215.382,6245.293,-0.08,760667150.0,24756771000.0
86,半导体,2022-09-30,6231.131,6260.986,6068.388,6068.459,-2.83,713512700.0,22736773000.0
87,半导体,2022-10-10,6051.157,6051.157,5738.815,5748.515,-5.27,987665020.0,36931458000.0
88,半导体,2022-10-11,5763.414,5765.787,5674.324,5689.815,-1.02,810512920.0,31589775000.0
89,半导体,2022-10-12,5694.163,5982.492,5659.915,5982.04,5.14,1140301490.0,40016437000.0
90,半导体,2022-10-13,5953.997,6092.237,5929.642,6017.592,0.59,988542620.0,33515203000.0
91,半导体,2022-10-14,6087.223,6160.31,6015.765,6148.028,2.17,1002857760.0,35135665000.0
92,半导体,2022-10-17,6104.809,6303.606,6095.265,6290.322,2.31,970061360.0,35310422000.0
93,半导体,2022-10-18,6312.102,6312.855,6225.727,6266.711,-0.38,829205070.0,28201812000.0
94,半导体,2022-10-19,6257.963,6311.519,6208.544,6208.544,-0.93,855871530.0,27555427000.0
95,半导体,2022-10-20,6178.992,6551.85,6146.609,6462.687,4.09,1647747600.0,54267484000.0
96,半导体,2022-10-21,6436.307,6469.704,6291.769,6391.118,-1.11,1393962600.0,41402703000.0
97,半导体,2022-10-24,6394.055,6550.127,6332.666,6379.031,-0.19,1351550900.0,41367132000.0
98,半导体,2022-10-25,6349.896,6439.445,6264.131,6327.291,-0.81,1180896110.0,35665423000.0
99,半导体,2022-10-26,6326.212,6550.877,6260.379,6526.49,3.15,1500534800.0,45894214000.0
100,半导体,2022-10-27,6516.197,6609.365,6445.751,6487.554,-0.6,1809605000.0,51673585000.0
101,半导体,2022-10-28,6422.042,6596.482,6295.161,6319.836,-2.59,1671133300.0,52328940000.0
102,半导体,2022-10-31,6260.188,6524.771,6260.188,6477.382,2.49,1501198900.0,49206624000.0
103,半导体,2022-11-01,6473.775,6573.937,6412.351,6573.877,1.49,1513124200.0,46614356000.0
104,半导体,2022-11-02,6584.13,6709.748,6574.679,6653.707,1.21,1762394800.0,51696016000.0
105,半导体,2022-11-03,6609.57,6882.463,6604.239,6872.766,3.29,1820203500.0,57801314000.0
106,半导体,2022-11-04,6874.104,6945.955,6806.59,6923.904,0.74,1919144100.0,59550133000.0
107,半导体,2022-11-07,6908.052,6976.333,6853.459,6878.704,-0.65,1509311700.0,51157234000.0
108,半导体,2022-11-08,6880.3,6891.878,6770.671,6826.512,-0.76,1204424830.0,38229138000.0
109,半导体,2022-11-09,6816.541,6866.862,6756.217,6794.328,-0.47,1172372650.0,36484428000.0
110,半导体,2022-11-10,6751.808,6832.843,6626.258,6626.258,-2.47,1536933400.0,49369858000.0
111,半导体,2022-11-11,6811.679,6893.717,6691.798,6691.798,0.99,1689770400.0,55603638000.0
112,半导体,2022-11-14,6672.977,6792.593,6603.861,6679.527,-0.18,1289307140.0,43002184000.0
113,半导体,2022-11-15,6681.103,7116.013,6657.093,7113.257,6.49,2549812900.0,82751274000.0
114,半导体,2022-11-16,7133.294,7147.088,7022.869,7055.844,-0.81,1921895800.0,64081548000.0
115,半导体,2022-11-17,7019.612,7223.977,6902.289,7223.89,2.38,2026545700.0,69945526000.0
116,半导体,2022-11-18,7185.176,7268.651,7039.43,7042.731,-2.51,1644383700.0,54180809000.0
117,半导体,2022-11-21,7004.459,7092.675,6970.805,7048.701,0.08,1168842240.0,38102291000.0
118,半导体,2022-11-22,7033.283,7160.013,6954.67,6981.741,-0.95,1346593800.0,42495171000.0
119,半导体,2022-11-23,6968.054,6999.142,6748.738,6877.202,-1.5,1321325960.0,39770667000.0
120,半导体,2022-11-24,6885.405,6928.718,6824.363,6842.366,-0.51,905253190.0,28283118000.0
121,半导体,2022-11-25,6830.791,6959.509,6758.332,6758.332,-1.23,963928870.0,31699747000.0
122,半导体,2022-11-28,6654.357,6744.016,6634.477,6674.145,-1.25,1050353890.0,30944861000.0
123,半导体,2022-11-29,6684.627,6802.343,6650.945,6771.294,1.46,1129714630.0,36370280000.0
124,半导体,2022-11-30,6758.769,6807.351,6699.24,6745.273,-0.38,1152515330.0,34228401000.0
125,半导体,2022-12-01,6809.872,6931.72,6809.872,6827.432,1.22,1268796620.0,42944414000.0
126,半导体,2022-12-02,6799.265,6896.631,6790.27,6807.121,-0.3,923757270.0,30420950000.0
127,半导体,2022-12-05,6838.899,6862.076,6752.475,6814.01,0.1,1038460570.0,33925064000.0
128,半导体,2022-12-06,6799.928,7008.212,6797.266,6938.988,1.83,1524305000.0,50352579000.0
129,半导体,2022-12-07,6910.747,6910.747,6835.3,6851.817,-1.26,1166620820.0,37209326000.0
130,半导体,2022-12-08,6839.555,6840.704,6733.538,6737.708,-1.67,993878090.0,30991412000.0
131,半导体,2022-12-09,6744.239,6856.387,6733.886,6778.44,0.6,1173996270.0,45297738000.0
132,半导体,2022-12-12,6761.263,6953.633,6710.87,6906.946,1.9,1326292300.0,48833375000.0
133,半导体,2022-12-13,6886.594,6886.594,6764.612,6768.141,-2.01,987888090.0,34432563000.0
134,半导体,2022-12-14,6965.258,7014.753,6836.895,6845.064,1.14,1785671400.0,60677553000.0
135,半导体,2022-12-15,6801.137,7083.857,6759.815,7001.476,2.29,1890173700.0,53117122000.0
136,半导体,2022-12-16,6978.767,6978.767,6812.509,6839.051,-2.32,1640716900.0,44829054000.0
137,半导体,2022-12-19,6805.396,6838.482,6629.563,6645.507,-2.83,1350580100.0,35848058000.0
138,半导体,2022-12-20,6621.423,6738.186,6621.423,6661.369,0.24,1132869010.0,30711351000.0
139,半导体,2022-12-21,6636.213,6672.0,6495.183,6536.673,-1.87,1184660790.0,31415382000.0
140,半导体,2022-12-22,6552.692,6563.23,6409.097,6419.902,-1.79,1075804230.0,28864860000.0
141,半导体,2022-12-23,6369.885,6400.112,6229.197,6274.229,-2.27,1103817730.0,32084417000.0
142,半导体,2022-12-26,6270.681,6496.088,6270.681,6484.389,3.35,1131259190.0,32081612000.0
143,半导体,2022-12-27,6483.568,6543.344,6414.331,6526.79,0.65,1005345820.0,29054615000.0
144,半导体,2022-12-28,6504.465,6504.465,6391.201,6404.883,-1.87,842437410.0,24500366000.0
145,半导体,2022-12-29,6387.164,6443.752,6358.183,6358.183,-0.73,781608160.0,22921229000.0
146,半导体,2022-12-30,6393.812,6410.273,6308.715,6319.599,-0.61,844029090.0,23432160000.0
147,半导体,2023-01-03,6315.37,6521.296,6283.146,6513.239,3.06,1065106670.0,30456832000.0
148,半导体,2023-01-04,6535.076,6633.234,6444.108,6482.67,-0.47,1280815590.0,37429559000.0
149,半导体,2023-01-05,6479.395,6552.149,6448.743,6534.621,0.8,1009088660.0,32113877000.0
150,半导体,2023-01-06,6520.448,6619.405,6488.422,6543.238,0.13,1068793140.0,36335472000.0
151,半导体,2023-01-09,6555.322,6685.523,6553.448,6595.926,0.81,1051396270.0,36060944000.0
152,半导体,2023-01-10,6603.886,6759.839,6596.295,6692.903,1.47,1298006670.0,41993661000.0
153,半导体,2023-01-11,6695.939,6787.574,6579.312,6585.626,-1.6,1399311400.0,44204737000.0
154,半导体,2023-01-12,6587.714,6615.516,6532.237,6597.426,0.18,1074345280.0,30776155000.0
155,半导体,2023-01-13,6617.012,6619.773,6527.656,6573.375,-0.36,896872360.0,27103698000.0
156,半导体,2023-01-16,6549.657,6790.862,6549.657,6739.773,2.53,1217862500.0,48468761000.0
157,半导体,2023-01-17,6766.372,6969.506,6753.24,6906.024,2.47,1357775900.0,51223534000.0
158,半导体,2023-01-18,6940.405,6949.172,6883.089,6920.987,0.22,985341780.0,32116102000.0
159,半导体,2023-01-19,6912.846,7066.198,6890.399,7066.198,2.1,1144058980.0,41355264000.0
160,半导体,2023-01-20,7071.92,7095.417,7022.15,7057.425,-0.12,984689060.0,33406180000.0
161,半导体,2023-01-30,7124.462,7138.652,7051.016,7088.71,0.44,1396725400.0,47972441000.0
162,半导体,2023-01-31,7053.614,7071.538,6952.383,6974.494,-1.61,1200585190.0,43360732000.0
163,半导体,2023-02-01,6986.764,7155.16,6986.708,7125.816,2.17,1445662900.0,44234507000.0
164,半导体,2023-02-02,7145.812,7310.138,7145.812,7219.488,1.31,1811318300.0,58809654000.0
165,半导体,2023-02-03,7200.059,7287.632,7124.16,7241.981,0.31,1320396340.0,42062500000.0
166,半导体,2023-02-06,7209.159,7259.306,7136.864,7165.478,-1.06,1114473540.0,36708591000.0
167,半导体,2023-02-07,7172.665,7208.909,7136.222,7188.864,0.33,1093430470.0,36146061000.0
168,半导体,2023-02-08,7199.067,7290.984,7098.763,7100.347,-1.23,1139891550.0,36982138000.0
169,半导体,2023-02-09,7076.091,7425.492,7045.622,7425.492,4.58,2042274300.0,65423349000.0
170,半导体,2023-02-10,7414.307,7505.092,7346.854,7391.812,-0.45,1832072600.0,58621589000.0
171,半导体,2023-02-13,7376.099,7495.442,7346.226,7450.169,0.79,1708258400.0,54992028000.0
172,半导体,2023-02-14,7455.827,7574.271,7397.746,7430.91,-0.26,1776108400.0,56429099000.0
173,半导体,2023-02-15,7430.535,7525.332,7377.615,7522.504,1.23,1629086200.0,54968835000.0
174,半导体,2023-02-16,7508.661,7568.225,7242.784,7290.217,-3.09,1957521900.0,66086139000.0
175,半导体,2023-02-17,7288.539,7316.38,7079.45,7079.45,-2.89,1429394600.0,49843269000.0
176,半导体,2023-02-20,7080.099,7181.384,7021.907,7179.197,1.41,1270939270.0,41354439000.0
177,半导体,2023-02-21,7179.172,7242.045,7082.145,7143.646,-0.5,1129905510.0,36713118000.0
178,半导体,2023-02-22,7111.919,7218.793,7099.518,7173.006,0.41,921531300.0,30630029000.0
179,半导体,2023-02-23,7170.119,7216.111,7133.145,7169.596,-0.05,965762970.0,30844205000.0
180,半导体,2023-02-24,7198.604,7262.419,7134.97,7166.843,-0.04,1115555030.0,36347867000.0
181,半导体,2023-02-27,7129.99,7147.069,7008.983,7020.279,-2.05,1120981170.0,37024674000.0
182,半导体,2023-02-28,7033.354,7105.685,6963.329,7048.527,0.4,1071290090.0,35727779000.0
183,半导体,2023-03-01,7039.078,7134.777,7031.056,7134.777,1.22,1222199770.0,39660558000.0
184,半导体,2023-03-02,7138.311,7195.252,7068.303,7075.67,-0.83,1211184760.0,40225106000.0
185,半导体,2023-03-03,7169.256,7270.78,7103.734,7221.06,2.05,1831905300.0,61967294000.0
186,半导体,2023-03-06,7212.816,7313.25,7154.097,7269.737,0.67,1631450700.0,57696959000.0
187,半导体,2023-03-07,7253.021,7278.106,7036.644,7036.644,-3.21,1464903000.0,47626935000.0
188,半导体,2023-03-08,7024.065,7181.06,7022.895,7169.865,1.89,1216044210.0,38816444000.0
189,半导体,2023-03-09,7177.955,7345.821,7177.955,7302.054,1.84,1509069400.0,53436183000.0
190,半导体,2023-03-10,7244.415,7374.295,7208.574,7244.531,-0.79,1525315000.0,53208515000.0
191,半导体,2023-03-13,7209.724,7251.299,7122.925,7221.663,-0.32,1244286400.0,42858808000.0
192,半导体,2023-03-14,7200.357,7380.286,7119.374,7354.907,1.85,2137423800.0,75539332000.0
193,半导体,2023-03-15,7369.954,7537.246,7336.658,7387.073,0.44,2163838100.0,74160379000.0
194,半导体,2023-03-16,7327.377,7444.779,7265.194,7282.875,-1.41,1941925300.0,64516886000.0
195,半导体,2023-03-17,7341.83,7476.046,7297.94,7417.649,1.85,2109838900.0,75477013000.0
196,半导体,2023-03-20,7408.357,7547.216,7355.152,7497.248,1.07,2488305100.0,89299466000.0
197,半导体,2023-03-21,7480.183,7527.703,7434.667,7525.14,0.37,1821211500.0,64004244000.0
198,半导体,2023-03-22,7524.948,7601.593,7460.344,7597.57,0.96,2097705700.0,70631534000.0
199,半导体,2023-03-23,7568.377,7837.48,7564.27,7837.48,3.16,3166442300.0,115571694000.0
200,半导体,2023-03-24,7829.53,7863.035,7675.946,7764.843,-0.93,2633647200.0,101178559000.0
201,半导体,2023-03-27,7759.246,7827.657,7613.986,7702.801,-0.8,2411778100.0,89582444000.0
202,半导体,2023-03-28,7670.49,7678.506,7466.325,7471.75,-3.0,2119593200.0,74455517000.0
203,半导体,2023-03-29,7469.589,7734.673,7425.149,7636.504,2.21,2359756800.0,93789766000.0
204,半导体,2023-03-30,7649.83,7786.197,7617.722,7719.932,1.09,2210001100.0,95334531000.0
205,半导体,2023-03-31,7708.253,7737.061,7614.404,7731.57,0.15,1916823100.0,78976910000.0
206,半导体,2023-04-03,7804.218,7967.951,7804.218,7967.951,3.06,3079468300.0,128378486000.0
207,半导体,2023-04-04,7938.111,8152.891,7914.545,8047.659,1.0,3402504200.0,147187070000.0
208,半导体,2023-04-06,8007.94,8553.636,8007.533,8387.515,4.22,4149181200.0,179519650000.0
209,半导体,2023-04-07,8408.202,8452.724,8255.282,8408.103,0.25,2962104500.0,129462111000.0
210,半导体,2023-04-10,8418.327,8523.506,8138.422,8190.651,-2.59,3038738800.0,139656490000.0
211,半导体,2023-04-11,8205.688,8336.771,8124.376,8240.944,0.61,2333828600.0,111795827000.0
212,半导体,2023-04-12,8232.446,8397.694,8163.166,8393.224,1.85,2506260500.0,114190964000.0
213,半导体,2023-04-13,8351.657,8366.951,8075.712,8087.671,-3.64,2491474800.0,108183812000.0
214,半导体,2023-04-14,8144.654,8394.811,7956.474,8385.328,3.68,2701643300.0,127370360000.0
215,半导体,2023-04-17,8369.609,8449.713,8258.992,8301.797,-1.0,2284803100.0,107208798000.0
216,半导体,2023-04-18,8245.625,8260.59,8061.402,8166.13,-1.63,2213285700.0,94039976000.0
217,半导体,2023-04-19,8164.74,8353.076,8151.138,8213.406,0.58,2454630900.0,111468825000.0
218,半导体,2023-04-20,8172.2,8352.215,8166.689,8346.6,1.62,2902272300.0,129807861000.0
219,半导体,2023-04-21,8309.505,8309.813,7813.482,7815.444,-6.36,3141904800.0,129328905000.0
220,半导体,2023-04-24,7767.693,7823.97,7573.923,7621.3,-2.48,2219931500.0,96898913000.0
221,半导体,2023-04-25,7583.525,7595.136,7296.301,7376.29,-3.21,2246226300.0,94981196000.0
222,半导体,2023-04-26,7300.482,7382.436,7140.766,7203.48,-2.34,2200448700.0,88765571000.0
223,半导体,2023-04-27,7163.939,7352.784,7148.992,7186.031,-0.24,1791305500.0,71914049000.0
224,半导体,2023-04-28,7155.601,7335.135,7155.601,7332.312,2.04,1844644100.0,75561447000.0
225,半导体,2023-05-04,7278.695,7305.594,7097.306,7133.406,-2.71,1745832200.0,66363134000.0
226,半导体,2023-05-05,7131.307,7185.675,6994.207,7021.181,-1.57,1692946200.0,60940301000.0
227,半导体,2023-05-08,7010.896,7117.969,6980.903,7061.025,0.57,1466435000.0,55732595000.0
228,半导体,2023-05-09,7048.107,7112.515,6944.56,6944.56,-1.65,1788550400.0,65860571000.0
229,半导体,2023-05-10,6926.209,6962.066,6807.243,6912.965,-0.45,2078700600.0,58494444000.0
230,半导体,2023-05-11,6950.52,7028.709,6932.228,6988.527,1.09,1572480100.0,47635750000.0
231,半导体,2023-05-12,6992.611,7096.072,6920.049,6923.189,-0.93,1665190500.0,56390912000.0
232,半导体,2023-05-15,6900.275,7000.088,6860.787,7000.088,1.11,1547340200.0,51461768000.0
233,半导体,2023-05-16,7001.031,7120.508,6934.25,7059.881,0.85,1809955700.0,60871931000.0
234,半导体,2023-05-17,7028.702,7212.268,7028.702,7163.974,1.47,1614110500.0,55244202000.0
235,半导体,2023-05-18,7158.254,7254.545,7147.655,7220.565,0.79,1849803200.0,58723323000.0
236,半导体,2023-05-19,7239.238,7457.429,7239.238,7416.926,2.72,2322240700.0,79388509000.0
237,半导体,2023-05-22,7436.234,7476.017,7321.955,7359.903,-0.77,1661690800.0,56691207000.0
238,半导体,2023-05-23,7332.243,7347.19,7258.668,7260.23,-1.35,1317967750.0,45305996000.0
239,半导体,2023-05-24,7229.915,7430.876,7209.819,7328.012,0.93,1564968300.0,56011313000.0
240,半导体,2023-05-25,7356.02,7440.853,7258.333,7405.281,1.05,1677146000.0,56722741000.0
241,半导体,2023-05-26,7417.469,7546.865,7410.168,7526.042,1.63,1735856900.0,63109711000.0
242,半导体,2023-05-29,7602.85,7701.083,7580.456,7631.302,1.4,2220617800.0,79074504000.0
243,半导体,2023-05-30,7607.187,7671.622,7538.923,7671.622,0.53,2002399400.0,70829614000.0
244,半导体,2023-05-31,7665.093,7768.834,7634.108,7748.866,1.01,2114003700.0,76349837000.0
245,半导体,2023-06-01,7695.048,7767.276,7648.952,7698.737,-0.65,2170818300.0,75325552000.0
246,半导体,2023-06-02,7711.41,7767.367,7637.518,7708.434,0.13,1832630900.0,65647463000.0
247,半导体,2023-06-05,7730.324,7854.691,7717.949,7724.326,0.21,1756028300.0,70141223000.0
248,半导体,2023-06-06,7692.33,7692.33,7452.47,7469.742,-3.3,1759355000.0,62985081000.0
249,半导体,2023-06-07,7488.072,7603.835,7453.241,7572.273,1.37,1581521000.0,56524226000.0
250,半导体,2023-06-08,7548.722,7548.722,7379.386,7409.594,-2.15,1569841600.0,54666198000.0
251,半导体,2023-06-09,7415.259,7542.493,7349.673,7539.387,1.75,1944255600.0,72558643000.0
252,半导体,2023-06-12,7543.22,7636.313,7543.22,7583.855,0.59,1870522700.0,68288697000.0
253,半导体,2023-06-13,7589.808,7775.711,7542.313,7771.496,2.47,1913435700.0,74412999000.0
254,半导体,2023-06-14,7758.106,7809.013,7690.737,7775.446,0.05,1921859500.0,68818689000.0
255,半导体,2023-06-15,7775.913,7818.861,7689.374,7694.165,-1.05,1929643900.0,66001399000.0
256,半导体,2023-06-16,7679.909,7766.965,7626.926,7756.713,0.81,1711222000.0,60581740000.0
257,半导体,2023-06-19,7760.312,7908.179,7732.257,7887.687,1.69,2151583500.0,76140484000.0
258,半导体,2023-06-20,7866.593,7896.551,7776.99,7850.602,-0.47,1936045900.0,73553374000.0
259,半导体,2023-06-21,7825.081,7825.081,7609.873,7609.873,-3.07,1984281200.0,69768334000.0
260,半导体,2023-06-26,7551.596,7591.395,7411.778,7437.914,-2.26,1879274500.0,59655620000.0
261,半导体,2023-06-27,7435.245,7502.542,7401.467,7468.305,0.41,1488528600.0,45148864000.0
262,半导体,2023-06-28,7473.547,7473.547,7215.403,7368.082,-1.34,1757250100.0,58029507000.0
263,半导体,2023-06-29,7352.397,7494.68,7352.397,7437.785,0.95,1416490200.0,48292688000.0
264,半导体,2023-06-30,7408.721,7568.383,7383.287,7551.199,1.52,1698180200.0,54415391000.0
265,半导体,2023-07-03,7571.607,7636.522,7514.326,7537.851,-0.18,1678411200.0,56699211000.0
266,半导体,2023-07-04,7546.902,7778.061,7526.555,7722.784,2.45,1887150300.0,65580298000.0
267,半导体,2023-07-05,7701.081,7781.83,7644.924,7658.366,-0.83,1795084800.0,60023322000.0
268,半导体,2023-07-06,7630.359,7809.66,7623.372,7739.518,1.06,1827681800.0,57286610000.0
269,半导体,2023-07-07,7709.522,7719.772,7549.181,7605.912,-1.73,1712107200.0,50506784000.0
270,半导体,2023-07-10,7628.804,7653.046,7538.775,7559.659,-0.61,1332691680.0,41072872000.0
271,半导体,2023-07-11,7571.382,7764.357,7556.738,7758.93,2.64,1604461400.0,59628247000.0
272,半导体,2023-07-12,7743.404,7773.208,7582.333,7587.536,-2.21,1679020900.0,58964540000.0
273,半导体,2023-07-13,7620.694,7845.945,7606.202,7834.809,3.26,2176917900.0,66960001000.0
274,半导体,2023-07-14,7870.579,7952.647,7849.93,7857.471,0.29,2484920000.0,74143367000.0
275,半导体,2023-07-17,7819.521,7838.601,7733.295,7779.041,-1.0,1893986300.0,62169159000.0
276,半导体,2023-07-18,7791.583,7992.833,7791.583,7822.724,0.56,2231795800.0,70257658000.0
277,半导体,2023-07-19,7782.63,7871.236,7722.871,7753.647,-0.88,1854918100.0,58368492000.0
278,半导体,2023-07-20,7752.948,7756.77,7514.658,7528.929,-2.9,1796142900.0,52656615000.0
279,半导体,2023-07-21,7516.133,7594.359,7438.915,7444.769,-1.12,1603538700.0,48993494000.0
280,半导体,2023-07-24,7418.121,7519.157,7384.999,7420.003,-0.33,1411060900.0,41685319000.0
281,半导体,2023-07-25,7490.03,7561.524,7440.394,7534.043,1.54,1588678300.0,49141344000.0
282,半导体,2023-07-26,7522.898,7522.898,7413.049,7429.374,-1.39,1293958580.0,41326585000.0
283,半导体,2023-07-27,7412.752,7434.955,7263.896,7275.898,-2.07,1291214310.0,39263197000.0
284,半导体,2023-07-28,7265.766,7291.798,7178.198,7248.226,-0.38,1256658220.0,41868657000.0
285,半导体,2023-07-31,7239.452,7327.768,7204.527,7272.624,0.34,1310453850.0,45045621000.0
286,半导体,2023-08-01,7276.792,7307.705,7227.928,7286.726,0.19,1184247870.0,40201368000.0
287,半导体,2023-08-02,7257.559,7336.605,7257.559,7309.53,0.31,1169010080.0,38341833000.0
288,半导体,2023-08-03,7278.219,7332.806,7242.685,7278.228,-0.43,1057381020.0,33843200000.0
289,半导体,2023-08-04,7286.236,7329.676,7248.376,7303.921,0.35,1320070230.0,43218544000.0
290,半导体,2023-08-07,7292.599,7326.239,7268.162,7283.146,-0.28,1154180920.0,38444448000.0
291,半导体,2023-08-08,7268.497,7310.674,7211.249,7213.158,-0.96,971081280.0,31782472000.0
292,半导体,2023-08-09,7188.287,7198.676,7116.006,7121.593,-1.27,936020390.0,29192481000.0
293,半导体,2023-08-10,7110.551,7174.458,7102.621,7136.433,0.21,889645050.0,29866417000.0
294,半导体,2023-08-11,7140.699,7140.699,6992.671,6992.997,-2.01,1051762470.0,32643547000.0
295,半导体,2023-08-14,6937.731,6965.408,6869.623,6965.408,-0.39,982565600.0,30539302000.0
296,半导体,2023-08-15,6979.392,7001.353,6785.517,6840.616,-1.79,1007137660.0,36320426000.0
297,半导体,2023-08-16,6812.25,6850.607,6707.463,6707.463,-1.95,941958860.0,31761783000.0
298,半导体,2023-08-17,6690.345,6813.89,6651.984,6786.268,1.17,912603350.0,30252323000.0
299,半导体,2023-08-18,6811.338,6879.523,6721.493,6721.493,-0.95,984288900.0,32584297000.0
300,半导体,2023-08-21,6702.53,6764.418,6647.148,6647.996,-1.09,800178680.0,27168261000.0
301,半导体,2023-08-22,6684.795,6740.781,6515.661,6701.816,0.81,1143748250.0,36408550000.0
302,半导体,2023-08-23,6682.048,6682.048,6517.747,6517.747,-2.75,872419120.0,26724471000.0
303,半导体,2023-08-24,6565.127,6672.369,6484.678,6576.063,0.89,1039305930.0,34435206000.0
304,半导体,2023-08-25,6520.616,6520.616,6305.707,6340.162,-3.59,1200594380.0,35340752000.0
305,半导体,2023-08-28,6727.128,6728.223,6334.902,6346.235,0.1,1370296200.0,44588606000.0
306,半导体,2023-08-29,6328.729,6712.548,6326.12,6700.148,5.58,1534911500.0,50254142000.0
307,半导体,2023-08-30,6802.089,7018.977,6802.089,6931.827,3.46,2072142100.0,70277088000.0
308,半导体,2023-08-31,6895.092,7064.167,6862.778,7022.317,1.31,1848099100.0,59729718000.0
309,半导体,2023-09-01,7030.85,7097.24,6938.044,6982.609,-0.57,1416636400.0,48400551000.0
310,半导体,2023-09-04,7006.945,7077.638,6933.899,7077.483,1.36,1563798500.0,51118724000.0
311,半导体,2023-09-05,7081.875,7191.732,7071.115,7094.806,0.24,1830109900.0,61031717000.0
312,半导体,2023-09-06,7061.823,7321.483,7056.286,7307.964,3.0,2150201500.0,71607773000.0
313,半导体,2023-09-07,7263.939,7263.939,7075.978,7076.349,-3.17,1967418800.0,63008659000.0
314,半导体,2023-09-08,7046.928,7212.062,7046.928,7169.954,1.32,1621475100.0,51545179000.0
315,半导体,2023-09-11,7173.513,7221.757,7118.308,7166.035,-0.05,1647081200.0,51669617000.0
316,半导体,2023-09-12,7157.157,7181.309,7095.124,7117.722,-0.67,1471018400.0,43543018000.0
317,半导体,2023-09-13,7081.382,7117.651,6933.708,7007.64,-1.55,1443254300.0,44381682000.0
318,半导体,2023-09-14,7005.984,7010.595,6862.774,6898.388,-1.56,1147528020.0,37424584000.0
319,半导体,2023-09-15,6913.29,7079.595,6824.322,6951.409,0.77,1406187300.0,47933008000.0
320,半导体,2023-09-18,6898.52,6939.38,6840.159,6848.769,-1.48,1236592100.0,39880490000.0
321,半导体,2023-09-19,6837.559,6837.559,6702.112,6771.02,-1.14,1117532770.0,37493198000.0
322,半导体,2023-09-20,6745.319,6812.591,6678.17,6678.17,-1.37,1045304090.0,32323695000.0
323,半导体,2023-09-21,6657.467,6719.391,6638.506,6665.749,-0.19,957614140.0,29839131000.0
324,半导体,2023-09-22,6649.643,6851.793,6624.468,6851.793,2.79,1326682840.0,42749585000.0
325,半导体,2023-09-25,6850.47,6852.376,6756.078,6774.262,-1.13,1222951460.0,37708225000.0
326,半导体,2023-09-26,6753.769,6784.633,6689.395,6698.112,-1.12,1075064610.0,33570146000.0
327,半导体,2023-09-27,6686.269,6768.246,6661.618,6666.023,-0.48,1044216160.0,31297073000.0
328,半导体,2023-09-28,6688.337,6823.025,6677.97,6795.182,1.94,1195685530.0,38160986000.0
329,半导体,2023-10-09,6784.539,6853.574,6757.269,6797.731,0.04,1176816090.0,36860446000.0
330,半导体,2023-10-10,6813.512,6906.427,6813.512,6870.908,1.08,1290076690.0,41998806000.0
331,半导体,2023-10-11,6885.669,7032.609,6846.755,7001.678,1.9,1701179400.0,55211641000.0
332,半导体,2023-10-12,7016.605,7035.827,6928.725,7011.353,0.14,1561478600.0,49864562000.0
333,半导体,2023-10-13,6977.321,7070.066,6960.568,7044.092,0.47,1779773100.0,50603007000.0
334,半导体,2023-10-16,7044.442,7044.442,6818.594,6853.758,-2.7,1630743200.0,47128163000.0
335,半导体,2023-10-17,6852.841,6876.058,6769.989,6854.059,0.0,1240127550.0,36667264000.0
336,半导体,2023-10-18,6848.553,6878.598,6713.819,6714.25,-2.04,1429631700.0,43559932000.0
337,半导体,2023-10-19,6673.306,6944.502,6673.306,6804.503,1.34,1824536500.0,56822982000.0
338,半导体,2023-10-20,6769.695,6830.551,6592.992,6599.578,-3.01,1593776400.0,50180385000.0
339,半导体,2023-10-23,6565.957,6572.218,6381.14,6415.512,-2.79,1411336000.0,42065068000.0
340,半导体,2023-10-24,6443.244,6628.241,6348.324,6587.279,2.68,1701051400.0,51063119000.0
341,半导体,2023-10-25,6612.106,6669.247,6570.164,6629.453,0.64,1650415700.0,50042711000.0
342,半导体,2023-10-26,6576.283,6620.808,6514.758,6616.881,-0.19,1555090200.0,45596067000.0
343,半导体,2023-10-27,6584.015,6770.167,6550.233,6735.847,1.8,1826017500.0,54536856000.0
344,半导体,2023-10-30,6714.228,7048.819,6711.788,7027.079,4.32,2470124500.0,78771205000.0
345,半导体,2023-10-31,7043.462,7091.848,6952.697,7003.025,-0.34,1833772700.0,58616400000.0
346,半导体,2023-11-01,6992.955,7057.206,6965.277,6980.3,-0.32,1420955100.0,46771955000.0
347,半导体,2023-11-02,6998.937,7025.516,6834.513,6835.704,-2.07,1411392700.0,44149263000.0
348,半导体,2023-11-03,6848.729,7124.932,6848.729,7104.282,3.93,1811528800.0,58109543000.0
349,半导体,2023-11-06,7149.537,7305.299,7149.537,7292.956,2.66,2129858900.0,71544588000.0
350,半导体,2023-11-07,7271.568,7378.905,7250.424,7359.681,0.91,1992599400.0,61817586000.0
351,半导体,2023-11-08,7349.503,7434.757,7316.926,7368.862,0.12,1946261600.0,63617047000.0
352,半导体,2023-11-09,7368.474,7429.261,7277.894,7299.695,-0.94,1660900900.0,52600158000.0
353,半导体,2023-11-10,7272.397,7399.637,7258.519,7297.864,-0.03,1594028400.0,51614974000.0
354,半导体,2023-11-13,7337.919,7377.619,7292.378,7334.798,0.51,1489549600.0,47116874000.0
355,半导体,2023-11-14,7319.932,7447.303,7293.875,7434.786,1.36,1615318100.0,51837410000.0
356,半导体,2023-11-15,7503.18,7526.874,7412.268,7436.443,0.02,1683281900.0,55902796000.0
357,半导体,2023-11-16,7401.439,7435.59,7313.024,7313.024,-1.66,1319830710.0,42282391000.0
358,半导体,2023-11-17,7294.324,7400.899,7294.324,7398.432,1.17,1538865300.0,44217079000.0
359,半导体,2023-11-20,7432.356,7468.357,7366.904,7449.533,0.69,1882468500.0,59510608000.0
360,半导体,2023-11-21,7446.495,7452.15,7298.443,7312.09,-1.84,1920157800.0,55291667000.0
361,半导体,2023-11-22,7289.834,7334.071,7204.643,7208.269,-1.42,1606057800.0,46757100000.0
362,半导体,2023-11-23,7198.8,7301.727,7178.112,7287.349,1.1,1393328000.0,39802214000.0
363,半导体,2023-11-24,7279.12,7279.12,7124.267,7137.915,-2.05,1311950010.0,37620534000.0
364,半导体,2023-11-27,7130.568,7279.303,7126.245,7265.23,1.78,1454341300.0,44000883000.0
365,半导体,2023-11-28,7245.211,7366.57,7239.114,7320.088,0.76,1350196800.0,42001235000.0
366,半导体,2023-11-29,7321.104,7423.961,7308.784,7309.955,-0.14,1408709800.0,46919249000.0
367,半导体,2023-11-30,7298.142,7298.142,7120.964,7194.818,-1.58,1254343490.0,39799351000.0
368,半导体,2023-12-01,7191.572,7238.686,7131.389,7224.272,0.41,1102443900.0,38551238000.0
369,半导体,2023-12-04,7223.496,7250.427,7169.184,7189.421,-0.48,1186827910.0,39714197000.0
370,半导体,2023-12-05,7165.589,7165.589,6995.507,6995.507,-2.7,1255406310.0,39545300000.0
371,半导体,2023-12-06,6981.68,7053.372,6977.651,6991.01,-0.06,1063843150.0,36660553000.0
372,半导体,2023-12-07,6987.508,7030.727,6936.451,6976.624,-0.21,1138640550.0,41008334000.0
373,半导体,2023-12-08,6990.142,7144.882,6990.142,7115.35,1.99,1842619500.0,67910230000.0
374,半导体,2023-12-11,7079.965,7209.382,7001.755,7205.849,1.27,1500154600.0,50078260000.0
375,半导体,2023-12-12,7206.809,7253.141,7164.209,7203.927,-0.03,1158350620.0,40521250000.0
376,半导体,2023-12-13,7190.076,7211.672,7139.192,7139.307,-0.9,1001970090.0,34282944000.0
377,半导体,2023-12-14,7164.878,7214.536,7101.068,7105.885,-0.47,1007428630.0,34056779000.0
378,半导体,2023-12-15,7110.335,7122.932,7014.327,7031.109,-1.05,876414080.0,28618123000.0
379,半导体,2023-12-18,7008.33,7008.33,6883.655,6898.67,-1.88,879312590.0,27696566000.0
380,半导体,2023-12-19,6894.134,7010.311,6880.979,6969.073,1.02,833118860.0,27935486000.0
381,半导体,2023-12-20,6978.418,7003.152,6899.924,6901.17,-0.97,826797530.0,26643036000.0
382,半导体,2023-12-21,6869.672,6968.167,6785.887,6907.333,0.09,928153870.0,30101338000.0
383,半导体,2023-12-22,6912.174,6918.057,6771.24,6795.021,-1.63,886727070.0,28993122000.0
384,半导体,2023-12-25,6784.314,6859.91,6756.845,6787.575,-0.11,776350100.0,26292646000.0
385,半导体,2023-12-26,6784.082,6784.082,6592.397,6623.035,-2.42,977396240.0,27516022000.0
386,半导体,2023-12-27,6628.854,6754.687,6612.275,6740.475,1.77,966093180.0,30900244000.0
387,半导体,2023-12-28,6734.358,6927.216,6688.88,6888.241,2.19,1141730650.0,37086931000.0
388,半导体,2023-12-29,6882.586,7045.152,6876.699,7040.36,2.21,1180344750.0,38691417000.0
389,半导体,2024-01-02,7035.381,7035.458,6925.206,6927.422,-1.6,1003518330.0,34598815000.0
390,半导体,2024-01-03,6902.829,6910.968,6747.251,6795.765,-1.9,1048345130.0,35016473000.0
391,半导体,2024-01-04,6786.57,6786.57,6678.107,6709.327,-1.27,871550290.0,29912383000.0
392,半导体,2024-01-05,6705.292,6758.432,6519.091,6555.37,-2.29,984047340.0,29594317000.0
393,半导体,2024-01-08,6539.586,6539.586,6345.68,6345.68,-3.2,1023636990.0,30163687000.0
394,半导体,2024-01-09,6383.143,6458.51,6299.01,6342.872,-0.04,975679860.0,29641063000.0
395,半导体,2024-01-10,6328.251,6379.115,6197.954,6274.353,-1.08,863958500.0,25695066000.0
396,半导体,2024-01-11,6271.133,6420.448,6256.88,6390.763,1.86,920999880.0,28715468000.0
397,半导体,2024-01-12,6376.554,6396.573,6270.883,6270.883,-1.88,836234360.0,25322050000.0
398,半导体,2024-01-15,6246.851,6394.171,6204.042,6308.964,0.61,1017394440.0,31280910000.0
399,半导体,2024-01-16,6300.233,6312.708,6182.223,6277.476,-0.5,993903600.0,31107560000.0
400,半导体,2024-01-17,6273.024,6273.024,6081.352,6081.352,-3.12,865055170.0,26325018000.0
401,半导体,2024-01-18,6051.599,6125.523,5920.872,6122.122,0.67,1299664870.0,39403141000.0
402,半导体,2024-01-19,6129.789,6199.756,6046.857,6046.857,-1.23,1047441860.0,31410974000.0
403,半导体,2024-01-22,6043.3,6063.973,5666.616,5705.281,-5.65,1278403600.0,37664698000.0
404,半导体,2024-01-23,5695.079,5793.85,5638.567,5761.999,0.99,1185850260.0,34782317000.0
405,半导体,2024-01-24,5783.75,5801.097,5519.357,5735.917,-0.45,1261926970.0,37177186000.0
406,半导体,2024-01-25,5735.302,5949.304,5673.58,5934.045,3.45,1351191700.0,38789047000.0
407,半导体,2024-01-26,5904.493,5907.514,5743.863,5758.31,-2.96,1315298680.0,37905125000.0
408,半导体,2024-01-29,5784.705,5848.317,5555.483,5555.483,-3.52,1271513750.0,35652234000.0
409,半导体,2024-01-30,5506.981,5547.541,5330.75,5336.002,-3.95,1156660380.0,31820457000.0
410,半导体,2024-01-31,5308.945,5343.561,5070.241,5072.686,-4.93,1433159100.0,34713800000.0
411,半导体,2024-02-01,5053.478,5193.446,4973.612,5079.689,0.14,1374503000.0,34954129000.0
412,半导体,2024-02-02,5090.122,5146.011,4641.652,4806.143,-5.39,1623351300.0,37692384000.0
413,半导体,2024-02-05,4759.855,4759.855,4261.797,4430.698,-7.81,2025573200.0,43649835000.0
414,半导体,2024-02-06,4347.679,4730.239,4216.787,4669.482,5.39,2052638400.0,44630097000.0
415,半导体,2024-02-07,4678.698,4847.503,4606.665,4686.159,0.36,2311800900.0,52329523000.0
416,半导体,2024-02-08,4712.175,5073.841,4698.989,5068.084,8.15,2298182000.0,53364363000.0
417,半导体,2024-02-19,5162.592,5254.859,5119.922,5254.859,3.69,2262891200.0,56257589000.0
418,半导体,2024-02-20,5224.858,5296.928,5144.697,5275.735,0.4,1882341400.0,45794631000.0
419,半导体,2024-02-21,5207.498,5444.837,5180.722,5300.323,0.47,2045364500.0,51286207000.0
420,半导体,2024-02-22,5301.559,5446.942,5301.559,5446.942,2.77,1844953900.0,47171891000.0
421,半导体,2024-02-23,5498.12,5607.131,5445.059,5600.766,2.82,1886357900.0,48432253000.0
422,半导体,2024-02-26,5609.649,5794.068,5580.26,5684.074,1.49,2111301600.0,52268147000.0
423,半导体,2024-02-27,5650.119,5962.0,5618.796,5962.0,4.89,2313003000.0,63087569000.0
424,半导体,2024-02-28,5965.487,6050.977,5491.712,5491.712,-7.89,2797496400.0,74417251000.0
425,半导体,2024-02-29,5449.259,5831.822,5449.205,5831.822,6.19,2327668600.0,70605842000.0
426,半导体,2024-03-01,5857.359,5980.638,5833.859,5960.619,2.21,2360372000.0,73274495000.0
427,半导体,2024-03-04,5989.136,6032.596,5850.218,6011.151,0.85,2383346100.0,71789027000.0
428,半导体,2024-03-05,5965.024,6035.773,5881.86,5909.61,-1.69,2310446400.0,70375878000.0
429,半导体,2024-03-06,5872.743,5963.198,5774.886,5894.794,-0.25,1888434800.0,54761151000.0
430,半导体,2024-03-07,5924.032,6004.954,5782.861,5782.861,-1.9,1869280900.0,55005347000.0
431,半导体,2024-03-08,5801.545,5978.718,5757.24,5963.611,3.13,2113908300.0,60417540000.0
432,半导体,2024-03-11,5909.909,6021.094,5858.395,6021.094,0.96,2032023800.0,57112464000.0
433,半导体,2024-03-12,6025.548,6140.096,5993.07,6061.358,0.67,2028927500.0,63524633000.0
434,半导体,2024-03-13,6095.002,6163.965,6063.174,6082.036,0.34,2041012000.0,60679469000.0
435,半导体,2024-03-14,6037.73,6065.486,5895.37,5975.947,-1.74,1705579900.0,50260462000.0
436,半导体,2024-03-15,5964.042,6058.724,5914.35,6058.724,1.39,1528901100.0,45989733000.0
437,半导体,2024-03-18,6085.502,6231.233,6071.34,6231.233,2.85,2059783300.0,64190412000.0
438,半导体,2024-03-19,6215.527,6284.38,6187.473,6218.689,-0.2,1933142400.0,58826546000.0
439,半导体,2024-03-20,6211.332,6272.152,6184.535,6269.669,0.82,1640176700.0,49023334000.0
440,半导体,2024-03-21,6299.336,6363.265,6196.095,6241.255,-0.45,1775932000.0,56637342000.0
441,半导体,2024-03-22,6232.377,6318.824,6178.152,6193.171,-0.77,2009821100.0,60557501000.0
442,半导体,2024-03-25,6162.398,6162.398,5917.459,5917.459,-4.45,2047371700.0,59392091000.0
443,半导体,2024-03-26,5926.611,6017.192,5802.245,5861.553,-0.94,1735389800.0,51268750000.0
444,半导体,2024-03-27,5861.14,5863.403,5584.916,5584.916,-4.72,1843975100.0,49827559000.0
445,半导体,2024-03-28,5582.774,5812.751,5567.942,5736.188,2.71,1830509700.0,50663835000.0
446,半导体,2024-03-29,5727.023,5804.272,5647.848,5804.272,1.19,1472255500.0,40058993000.0
447,半导体,2024-04-01,5828.197,5913.182,5828.197,5905.214,1.74,1570570300.0,44209625000.0
448,半导体,2024-04-02,5911.631,5911.689,5779.332,5816.284,-1.51,1405043200.0,41131112000.0
449,半导体,2024-04-03,5806.943,5840.939,5671.773,5768.205,-0.83,1517024000.0,43610075000.0
450,半导体,2024-04-08,5747.728,5747.728,5569.629,5569.888,-3.44,1348186500.0,37702298000.0
451,半导体,2024-04-09,5564.597,5637.151,5527.624,5637.151,1.21,1074674040.0,30327056000.0
452,半导体,2024-04-10,5626.991,5626.991,5408.651,5452.064,-3.28,1293439260.0,35281915000.0
453,半导体,2024-04-11,5421.965,5531.858,5418.06,5426.565,-0.47,1256490330.0,37627565000.0
454,半导体,2024-04-12,5447.603,5555.527,5442.146,5449.645,0.43,1353063400.0,40928562000.0
455,半导体,2024-04-15,5433.377,5505.876,5242.789,5318.833,-2.4,1728933300.0,48527396000.0
456,半导体,2024-04-16,5273.235,5279.56,4979.132,4980.431,-6.36,1713242400.0,43284412000.0
457,半导体,2024-04-17,5056.184,5328.959,5056.184,5328.959,7.0,1695496800.0,48360246000.0
458,半导体,2024-04-18,5316.931,5401.977,5219.57,5304.135,-0.47,1500874900.0,44583590000.0
459,半导体,2024-04-19,5267.112,5267.112,5130.68,5169.134,-2.55,1346471100.0,39469704000.0
460,半导体,2024-04-22,5095.909,5214.541,4992.219,5184.575,0.3,1285488870.0,36775632000.0
461,半导体,2024-04-23,5192.096,5260.334,5177.347,5229.503,0.87,1140220920.0,31449622000.0
462,半导体,2024-04-24,5243.994,5390.953,5229.944,5390.953,3.09,1465367300.0,41166408000.0
463,半导体,2024-04-25,5359.125,5473.838,5329.649,5396.04,0.09,1356600400.0,37852958000.0
464,半导体,2024-04-26,5393.68,5575.212,5376.083,5548.46,2.82,1847935900.0,54686318000.0
465,半导体,2024-04-29,5565.787,5761.6,5565.787,5749.133,3.62,1927856600.0,58992772000.0
466,半导体,2024-04-30,5746.841,5752.424,5643.54,5678.964,-1.22,1586477200.0,47327243000.0
467,半导体,2024-05-06,5761.239,5792.502,5731.081,5751.621,1.28,1540178800.0,46837386000.0
468,半导体,2024-05-07,5750.685,5818.259,5723.899,5764.841,0.23,1458625500.0,44523518000.0
469,半导体,2024-05-08,5755.067,5756.155,5650.312,5659.539,-1.83,1229427730.0,36681301000.0
470,半导体,2024-05-09,5665.953,5793.523,5665.953,5775.417,2.05,1408513700.0,45301762000.0
471,半导体,2024-05-10,5779.428,5783.525,5608.444,5617.469,-2.73,1474627100.0,46084695000.0
472,半导体,2024-05-13,5566.004,5579.533,5470.192,5483.599,-2.38,1343401300.0,38969236000.0
473,半导体,2024-05-14,5507.646,5581.96,5476.839,5498.244,0.27,1165605110.0,33803989000.0
474,半导体,2024-05-15,5484.716,5561.432,5431.521,5452.251,-0.84,1253073140.0,35042367000.0
475,半导体,2024-05-16,5485.785,5545.353,5473.751,5489.049,0.67,1421358100.0,39584778000.0
476,半导体,2024-05-17,5479.804,5593.896,5444.738,5593.896,1.91,1341107250.0,37192904000.0
477,半导体,2024-05-20,5597.515,5661.089,5568.884,5619.181,0.45,1382781700.0,40133168000.0
478,半导体,2024-05-21,5612.439,5627.554,5560.918,5574.158,-0.8,1168266910.0,34447252000.0
479,半导体,2024-05-22,5577.762,5637.341,5538.22,5633.69,1.07,1477252200.0,35841351000.0
480,半导体,2024-05-23,5638.106,5671.522,5563.89,5570.821,-1.12,1548115400.0,40815700000.0
481,半导体,2024-05-24,5564.633,5584.301,5423.141,5423.141,-2.65,1485543400.0,40796374000.0
482,半导体,2024-05-27,5433.553,5547.781,5303.616,5546.89,2.28,1772018100.0,49308303000.0
483,半导体,2024-05-28,5540.874,5719.526,5507.519,5560.428,0.24,2088621100.0,56755244000.0
484,半导体,2024-05-29,5544.715,5618.395,5507.019,5536.224,-0.44,1554530700.0,39484051000.0
485,半导体,2024-05-30,5499.512,5696.339,5443.012,5650.582,2.07,2065740400.0,55224026000.0
486,半导体,2024-05-31,5633.19,5741.058,5628.054,5695.618,0.8,2056083500.0,51346477000.0
487,半导体,2024-06-03,5702.337,5822.182,5685.295,5757.67,1.09,2622841000.0,67912456000.0
488,半导体,2024-06-04,5727.175,5729.387,5593.835,5666.545,-1.58,2035922300.0,50320787000.0
489,半导体,2024-06-05,5639.513,5768.455,5630.031,5652.441,-0.25,2107682900.0,56295022000.0
490,半导体,2024-06-06,5712.024,5825.123,5607.532,5626.651,-0.46,2894982600.0,74750429000.0
491,半导体,2024-06-07,5638.641,5738.455,5558.717,5613.805,-0.23,2521578200.0,63630756000.0
492,半导体,2024-06-11,5588.265,5885.977,5560.346,5885.843,4.85,2980369300.0,78840085000.0
493,半导体,2024-06-12,5870.258,5943.286,5859.35,5914.058,0.48,2759635200.0,72422024000.0
494,半导体,2024-06-13,5932.044,6145.155,5932.044,6041.029,2.15,3249597500.0,88580849000.0
495,半导体,2024-06-14,6010.991,6072.827,5944.614,6047.984,0.12,3264344800.0,86245358000.0
496,半导体,2024-06-17,6013.519,6197.246,6008.046,6178.666,2.16,3450747700.0,87014916000.0
497,半导体,2024-06-18,6167.25,6238.244,6138.593,6211.622,0.53,3136041600.0,78169892000.0
498,半导体,2024-06-19,6211.289,6246.387,6089.277,6194.255,-0.28,3189568700.0,80570959000.0
499,半导体,2024-06-20,6179.861,6441.173,6179.861,6257.803,1.03,3558378300.0,89919646000.0
500,半导体,2024-06-21,6166.08,6263.261,6057.871,6226.648,-0.5,2709842100.0,69550570000.0
501,半导体,2024-06-24,6169.396,6291.823,5999.492,6010.693,-3.47,3120192500.0,78647670000.0
502,半导体,2024-06-25,6005.162,6005.162,5730.534,5785.109,-3.75,2998060900.0,73556952000.0
503,半导体,2024-06-26,5781.677,5987.59,5698.043,5974.954,3.28,2675231900.0,63484679000.0
504,半导体,2024-06-27,5930.156,6015.176,5814.385,5814.385,-2.69,2565716400.0,62821065000.0
505,半导体,2024-06-28,5790.989,5995.73,5770.219,5885.944,1.23,2782552500.0,64376549000.0
506,半导体,2024-07-01,5866.92,5887.828,5661.826,5794.544,-1.55,1112006400.0,35536211000.0
507,半导体,2024-07-02,5788.417,5788.417,5670.622,5689.831,-1.81,935209910.0,31146812000.0
508,半导体,2024-07-03,5686.662,5844.75,5601.694,5763.73,1.3,1283608640.0,38812077000.0
509,半导体,2024-07-04,5747.363,5788.013,5585.828,5590.558,-3.0,1080559840.0,31344474000.0
510,半导体,2024-07-05,5575.235,5642.287,5488.107,5596.288,0.1,1012581440.0,31102379000.0
511,半导体,2024-07-08,5610.044,5709.019,5531.209,5545.612,-0.91,1149878740.0,36700360000.0
512,半导体,2024-07-09,5532.969,5838.262,5515.259,5826.202,5.06,1749293900.0,55194011000.0
513,半导体,2024-07-10,5792.234,5860.813,5781.671,5804.967,-0.36,1315432170.0,41740902000.0
514,半导体,2024-07-11,5916.771,5962.112,5835.01,5919.29,1.97,1507971100.0,50024462000.0
515,半导体,2024-07-12,5875.627,5940.526,5825.158,5905.75,-0.23,1179261470.0,40556332000.0
516,半导体,2024-07-15,5923.395,6011.662,5881.275,5892.992,-0.22,1314655240.0,42118265000.0
517,半导体,2024-07-16,5865.475,6051.699,5826.357,6038.492,2.47,1532603200.0,56061741000.0
518,半导体,2024-07-17,6017.674,6062.747,5933.671,5933.671,-1.74,1331616930.0,48728135000.0
519,半导体,2024-07-18,5866.151,5981.718,5729.217,5942.268,0.14,1698611500.0,57969340000.0
520,半导体,2024-07-19,5913.624,6234.451,5907.434,6168.907,3.81,2094869100.0,71475484000.0
521,半导体,2024-07-22,6175.317,6277.848,6169.838,6207.816,0.63,1866437000.0,60123678000.0
522,半导体,2024-07-23,6193.039,6193.039,5912.74,5913.916,-4.73,1785639000.0,57392144000.0
523,半导体,2024-07-24,5902.51,5973.736,5770.352,5779.882,-2.27,1593128200.0,48816221000.0
524,半导体,2024-07-25,5723.781,5813.024,5669.785,5721.336,-1.01,1269903350.0,37918916000.0
525,半导体,2024-07-26,5721.099,5820.017,5664.423,5759.841,0.67,1202346070.0,36444279000.0
526,半导体,2024-07-29,5763.427,5792.991,5688.678,5688.978,-1.23,1159839740.0,35115767000.0
527,半导体,2024-07-30,5668.734,5827.797,5613.544,5814.595,2.21,1466911600.0,41082112000.0
528,半导体,2024-07-31,5789.344,6051.876,5766.262,6044.695,3.96,1970432800.0,58569111000.0
529,半导体,2024-08-01,6061.177,6218.566,6031.517,6136.664,1.52,2011607500.0,59282803000.0
530,半导体,2024-08-02,6044.773,6106.316,5909.608,5918.456,-3.56,1613249400.0,49075686000.0
531,半导体,2024-08-05,5846.056,5911.532,5622.994,5622.994,-4.99,1620485300.0,51638151000.0
532,半导体,2024-08-06,5726.094,5745.975,5613.507,5693.724,1.26,1194429150.0,35786824000.0
533,半导体,2024-08-07,5679.669,5746.395,5649.508,5656.794,-0.65,994874240.0,29305838000.0
534,半导体,2024-08-08,5613.263,5765.576,5545.956,5671.405,0.26,1240368580.0,36645787000.0
535,半导体,2024-08-09,5761.963,5798.413,5650.731,5650.731,-0.36,1187379240.0,36728839000.0
536,半导体,2024-08-12,5601.411,5627.432,5536.867,5558.372,-1.63,928112590.0,26309974000.0
537,半导体,2024-08-13,5559.064,5630.407,5544.933,5628.101,1.25,818231550.0,25042740000.0
538,半导体,2024-08-14,5643.271,5652.38,5561.666,5561.666,-1.18,915193880.0,28217089000.0
539,半导体,2024-08-15,5536.784,5680.353,5521.981,5596.288,0.62,997192140.0,30735798000.0
540,半导体,2024-08-16,5611.447,5672.219,5578.295,5578.295,-0.32,1064057030.0,31551388000.0
541,半导体,2024-08-19,5566.075,5626.792,5507.254,5524.544,-0.96,1002858940.0,29386683000.0
542,半导体,2024-08-20,5529.624,5533.178,5408.223,5425.139,-1.8,895110380.0,27098643000.0
543,半导体,2024-08-21,5401.115,5460.219,5362.675,5367.81,-1.06,919193020.0,28834691000.0
544,半导体,2024-08-22,5368.268,5389.815,5277.666,5285.847,-1.53,921871060.0,27446857000.0
545,半导体,2024-08-23,5270.511,5296.413,5203.854,5259.747,-0.49,812858890.0,26110168000.0
546,半导体,2024-08-26,5256.743,5326.726,5252.418,5270.492,0.2,743909130.0,22619032000.0
547,半导体,2024-08-27,5254.865,5268.242,5166.655,5174.73,-1.82,747040120.0,21226498000.0
548,半导体,2024-08-28,5164.219,5234.316,5144.364,5192.955,0.35,667941170.0,19704296000.0
549,半导体,2024-08-29,5162.363,5311.343,5153.377,5279.276,1.66,834004280.0,25493445000.0
550,半导体,2024-08-30,5270.073,5509.305,5270.073,5443.111,3.1,1271205040.0,41510166000.0
551,半导体,2024-09-02,5424.042,5451.591,5219.053,5219.053,-4.12,997604120.0,31674415000.0
552,半导体,2024-09-03,5222.554,5331.457,5222.554,5263.812,0.86,719767200.0,22823832000.0
553,半导体,2024-09-04,5210.587,5300.009,5187.562,5243.355,-0.39,641656410.0,19495105000.0
554,半导体,2024-09-05,5246.921,5327.52,5230.53,5259.345,0.3,651738790.0,21550010000.0
555,半导体,2024-09-06,5266.729,5269.373,5121.972,5121.972,-2.61,802753280.0,22874206000.0
556,半导体,2024-09-09,5099.829,5154.986,5079.721,5103.318,-0.36,701891530.0,19728824000.0
557,半导体,2024-09-10,5108.289,5192.228,5036.744,5162.666,1.16,756952740.0,22473013000.0
558,半导体,2024-09-11,5140.084,5168.373,5107.811,5135.454,-0.53,574988490.0,16958831000.0
559,半导体,2024-09-12,5159.052,5197.92,5081.566,5081.566,-1.05,604032670.0,17771166000.0
560,半导体,2024-09-13,5085.594,5094.646,4988.369,4991.045,-1.78,671005210.0,20383644000.0
561,半导体,2024-09-18,5021.075,5034.154,4899.741,4964.249,-0.54,694496420.0,19851787000.0
562,半导体,2024-09-19,4989.147,5087.886,4942.115,5021.71,1.16,855980460.0,24108175000.0
563,半导体,2024-09-20,5030.817,5056.509,4951.487,4985.307,-0.72,787100560.0,22157006000.0
564,半导体,2024-09-23,4977.214,5031.752,4941.057,4955.848,-0.59,752963250.0,21274931000.0
565,半导体,2024-09-24,4977.229,5167.125,4934.332,5167.125,4.26,1272860550.0,37598164000.0
566,半导体,2024-09-25,5214.506,5330.594,5191.4,5199.089,0.62,1415053300.0,42332139000.0
567,半导体,2024-09-26,5199.786,5419.075,5195.48,5419.075,4.23,1386586200.0,43725995000.0
568,半导体,2024-09-27,5517.242,5797.211,5508.429,5789.529,6.84,1592846900.0,49928416000.0
569,半导体,2024-09-30,6113.461,6736.016,6022.711,6732.392,16.29,3452209500.0,117975281000.0
570,半导体,2024-10-08,7953.739,7957.479,7528.141,7957.479,18.2,3929505000.0,158016790000.0
571,半导体,2024-10-09,7818.324,8529.805,7578.917,7840.4,-1.47,5989197200.0,275929140000.0
572,半导体,2024-10-10,7938.572,7952.468,7382.366,7396.487,-5.66,4211519000.0,176790420000.0
573,半导体,2024-10-11,7246.584,7333.034,6808.36,6908.645,-6.6,3025497600.0,117200558000.0
574,半导体,2024-10-14,6918.957,7241.826,6720.115,7239.905,4.79,3146044300.0,124140787000.0
575,半导体,2024-10-15,7197.057,7481.536,7101.335,7101.335,-1.91,3096354900.0,124918798000.0
576,半导体,2024-10-16,6905.978,7129.527,6905.978,6992.999,-1.53,2015314000.0,80047866000.0
577,半导体,2024-10-17,7120.606,7216.512,7041.787,7041.787,0.7,2209427900.0,88611911000.0
578,半导体,2024-10-18,7057.037,8010.461,7057.037,7779.25,10.47,4324168600.0,182733720000.0
579,半导体,2024-10-21,8008.408,8524.696,7952.691,8083.163,3.91,5099793400.0,238494550000.0
580,半导体,2024-10-22,8072.02,8257.49,7897.166,8029.805,-0.66,3968610200.0,169868500000.0
581,半导体,2024-10-23,7957.971,8159.19,7935.878,7971.182,-0.73,3239224300.0,136671760000.0
582,半导体,2024-10-24,7917.627,8154.723,7907.249,8081.038,1.38,2998491700.0,128720120000.0
583,半导体,2024-10-25,8112.109,8288.092,8008.467,8158.253,0.96,3028537000.0,133048034000.0
584,半导体,2024-10-28,8140.655,8183.533,8048.703,8162.971,0.06,2827021600.0,113137421000.0
585,半导体,2024-10-29,8153.367,8312.371,7977.0,7977.0,-2.28,3495553200.0,149198700000.0
586,半导体,2024-10-30,7909.621,7995.391,7755.977,7866.069,-1.39,3375022400.0,131239086000.0
587,半导体,2024-10-31,7847.429,8207.077,7770.911,8116.031,3.18,4035168200.0,162869750000.0
588,半导体,2024-11-01,8057.146,8096.186,7622.03,7625.435,-6.04,3576398100.0,137580890000.0
589,半导体,2024-11-04,7599.627,7838.106,7592.811,7806.266,2.37,2428312900.0,96659299000.0
590,半导体,2024-11-05,7816.01,8220.745,7799.289,8204.648,5.1,3368250800.0,145713530000.0
591,半导体,2024-11-06,8255.791,8421.559,8148.107,8259.195,0.66,3869291600.0,167358260000.0
592,半导体,2024-11-07,8205.374,8477.113,8192.051,8438.45,2.17,3109937300.0,139923780000.0
593,半导体,2024-11-08,8615.49,8962.813,8550.464,8673.914,2.79,4237831800.0,194887180000.0
594,半导体,2024-11-11,8807.979,9301.553,8807.979,9294.381,7.15,4780944300.0,217522330000.0
595,半导体,2024-11-12,9341.582,9341.582,8955.92,9062.546,-2.49,4399281200.0,195925010000.0
596,半导体,2024-11-13,8993.893,9104.076,8858.677,9102.569,0.44,3342477300.0,146451350000.0
597,半导体,2024-11-14,9051.577,9083.216,8710.886,8728.871,-4.11,3088261600.0,131657857000.0
598,半导体,2024-11-15,8700.586,8777.043,8341.601,8341.601,-4.44,3032320400.0,126326460000.0
599,半导体,2024-11-18,8342.375,8380.406,7994.088,8054.602,-3.44,2742276200.0,109558280000.0
600,半导体,2024-11-19,8103.903,8412.386,8033.979,8412.386,4.44,2670222900.0,103717797000.0
601,半导体,2024-11-20,8385.859,8539.544,8339.58,8497.721,1.01,2244975200.0,89466620000.0
602,半导体,2024-11-21,8471.39,8622.109,8397.04,8500.922,0.04,2366850300.0,96495073000.0
603,半导体,2024-11-22,8486.243,8607.906,8102.357,8102.357,-4.69,2649555700.0,107641644000.0
604,半导体,2024-11-25,8134.165,8178.627,7917.137,8116.513,0.17,2146768700.0,87722579000.0
605,半导体,2024-11-26,8104.751,8229.828,8014.466,8020.148,-1.19,1505245900.0,59499049000.0
606,半导体,2024-11-27,7975.429,8234.028,7778.823,8232.945,2.65,2129153400.0,86719103000.0
607,半导体,2024-11-28,8226.255,8451.214,8181.076,8224.354,-0.1,2230105000.0,89064283000.0
608,半导体,2024-11-29,8182.377,8538.263,8099.352,8399.822,2.13,2568311400.0,104451887000.0
609,半导体,2024-12-02,8379.95,8517.122,8367.3,8481.521,0.97,2409095500.0,98638422000.0
610,半导体,2024-12-03,8530.399,8562.604,8291.697,8382.283,-1.17,2272985600.0,92292538000.0
611,半导体,2024-12-04,8626.528,8749.937,8348.909,8371.898,-0.12,2885148400.0,116029601000.0
612,半导体,2024-12-05,8278.495,8459.867,8278.495,8403.486,0.38,1954108100.0,75367432000.0
613,半导体,2024-12-06,8393.75,8590.724,8260.16,8515.327,1.33,2105896300.0,84773260000.0
614,半导体,2024-12-09,8476.132,8511.341,8310.242,8388.662,-1.49,1687096300.0,70022660000.0
615,半导体,2024-12-10,8751.603,8752.546,8490.262,8503.939,1.37,2292633600.0,100027575000.0
616,半导体,2024-12-11,8487.82,8755.491,8487.82,8691.542,2.21,2189483900.0,94513610000.0
617,半导体,2024-12-12,8691.959,8692.84,8543.492,8663.045,-0.33,2035965900.0,88172063000.0
618,半导体,2024-12-13,8595.426,8739.779,8531.484,8597.187,-0.76,3042712400.0,128064704000.0
619,半导体,2024-12-16,8614.889,8623.831,8333.539,8377.025,-2.56,2277537800.0,102372296000.0
620,半导体,2024-12-17,8349.654,8412.291,8139.583,8152.646,-2.68,1605050700.0,70794389000.0
621,半导体,2024-12-18,8181.129,8511.986,8058.396,8446.607,3.61,2048393900.0,98006750000.0
622,半导体,2024-12-19,8317.08,8581.981,8310.929,8531.428,1.0,2252333700.0,114042013000.0
623,半导体,2024-12-20,8513.959,9054.229,8491.566,8872.375,4.0,3303193000.0,162388880000.0
624,半导体,2024-12-23,8870.008,8878.054,8542.161,8558.055,-3.54,2646440400.0,134439580000.0
625,半导体,2024-12-24,8630.432,8718.661,8384.856,8716.469,1.85,2335506000.0,112048599000.0
626,半导体,2024-12-25,8685.609,8738.141,8496.274,8573.459,-1.64,2044370500.0,101659980000.0
627,半导体,2024-12-26,8541.334,8846.502,8517.077,8820.529,2.88,2389398200.0,117710027000.0
628,半导体,2024-12-27,8797.631,8959.318,8662.078,8671.758,-1.69,2567910700.0,127211464000.0
629,半导体,2024-12-30,8625.434,8708.758,8471.707,8559.297,-1.3,2000743600.0,99699659000.0
630,半导体,2024-12-31,8576.428,8590.844,8150.537,8150.537,-4.78,2172758600.0,100281565000.0
631,半导体,2025-01-02,8130.753,8132.419,7745.119,7839.898,-3.81,2135527000.0,96665531000.0
632,半导体,2025-01-03,7868.517,7897.751,7586.871,7596.052,-3.11,1828505700.0,77499850000.0
633,半导体,2025-01-06,7582.665,7626.869,7415.362,7479.65,-1.53,1501884100.0,63452457000.0
634,半导体,2025-01-07,7505.202,7788.673,7505.202,7786.124,4.1,1715324200.0,79017310000.0
635,半导体,2025-01-08,7720.902,7901.418,7505.796,7799.992,0.18,1954961600.0,91138829000.0
636,半导体,2025-01-09,7763.793,7953.473,7763.793,7820.517,0.26,1692016900.0,80809545000.0
637,半导体,2025-01-10,7801.659,8063.243,7693.753,7693.753,-1.62,2108534300.0,97718859000.0
638,半导体,2025-01-13,7562.492,7735.383,7480.206,7694.497,0.01,1497044800.0,70153105000.0
639,半导体,2025-01-14,7740.926,8103.604,7688.923,8103.604,5.32,2192917000.0,102912413000.0
640,半导体,2025-01-15,8081.395,8187.729,8022.802,8081.274,-0.28,1829344700.0,91682199000.0
641,半导体,2025-01-16,8133.325,8245.628,7938.981,8024.755,-0.7,1963494600.0,104304998000.0
642,半导体,2025-01-17,7989.323,8371.239,7941.742,8260.484,2.94,2302571300.0,110826524000.0
643,半导体,2025-01-20,8288.642,8304.033,8173.968,8235.768,-0.3,1958517000.0,91563124000.0
644,半导体,2025-01-21,8284.033,8439.537,8190.693,8413.466,2.16,2084217500.0,106528995000.0
645,半导体,2025-01-22,8353.541,8401.484,8282.945,8326.732,-1.03,1822725900.0,93011724000.0
646,半导体,2025-01-23,8419.353,8534.129,8251.194,8251.194,-0.91,1999775600.0,99939863000.0
647,半导体,2025-01-24,8229.791,8386.432,8229.791,8385.578,1.63,1643828200.0,82639397000.0
648,半导体,2025-01-27,8395.528,8399.027,8151.499,8151.499,-2.79,1531585300.0,77023423000.0
649,半导体,2025-02-05,8330.986,8434.808,8258.134,8338.88,2.3,1923753600.0,107243702000.0
650,半导体,2025-02-06,8291.284,8754.116,8274.064,8751.886,4.95,2586903100.0,131932668000.0
651,半导体,2025-02-07,8768.146,8975.407,8656.038,8800.174,0.55,3024025800.0,151264600000.0
652,半导体,2025-02-10,8816.035,8962.154,8762.487,8946.125,1.66,2435333200.0,120573088000.0
653,半导体,2025-02-11,8925.758,8925.758,8743.758,8788.578,-1.76,2035413900.0,101211564000.0
654,半导体,2025-02-12,8755.103,9112.972,8720.83,9112.2,3.68,2926096700.0,141581880000.0
655,半导体,2025-02-13,9089.87,9089.87,8836.164,8836.164,-3.03,2461582900.0,124750180000.0
656,半导体,2025-02-14,8780.927,8840.371,8651.633,8791.169,-0.51,2051925400.0,103471842000.0
657,半导体,2025-02-17,8799.531,8915.344,8780.702,8889.271,1.12,2194545100.0,113112549000.0
658,半导体,2025-02-18,8865.046,8954.0,8600.05,8641.076,-2.79,2265225800.0,115928935000.0
659,半导体,2025-02-19,8640.991,9066.461,8640.991,9065.915,4.92,2674827400.0,136075130000.0
660,半导体,2025-02-20,9073.348,9151.757,8994.351,9098.055,0.35,2300967200.0,118630948000.0
661,半导体,2025-02-21,9109.871,9495.641,9061.316,9441.758,3.78,3382258000.0,183104430000.0
662,半导体,2025-02-24,9416.456,9532.067,9344.548,9462.042,0.21,2978330500.0,160366340000.0
663,半导体,2025-02-25,9287.656,9634.738,9278.171,9495.926,0.36,2700856200.0,150003760000.0
664,半导体,2025-02-26,9530.741,9676.491,9387.983,9666.052,1.79,2637020900.0,146651130000.0
665,半导体,2025-02-27,9689.633,9794.08,9371.658,9623.576,-0.44,2734704900.0,143429190000.0
666,半导体,2025-02-28,9539.328,9583.682,9070.117,9100.212,-5.44,2827027900.0,146944510000.0
667,半导体,2025-03-03,9146.807,9232.553,8945.176,9048.101,-0.57,2235908100.0,113724246000.0
668,半导体,2025-03-04,8932.818,9482.294,8929.765,9422.157,4.13,2601256700.0,132767712000.0
669,半导体,2025-03-05,9427.341,9573.98,9302.682,9438.503,0.17,2257797400.0,115787698000.0
670,半导体,2025-03-06,9502.814,9668.881,9502.814,9574.621,1.44,2437679000.0,134306510000.0
671,半导体,2025-03-07,9511.941,9592.601,9365.579,9435.087,-1.46,2049070800.0,107138873000.0
672,半导体,2025-03-10,9417.17,9492.579,9345.938,9469.595,0.37,1617383100.0,85706778000.0
673,半导体,2025-03-11,9324.097,9496.42,9307.615,9449.3,-0.21,1550628000.0,83646304000.0
674,半导体,2025-03-12,9511.1,9578.553,9443.148,9443.148,-0.07,1732016400.0,92919561000.0
675,半导体,2025-03-13,9424.503,9428.192,9068.659,9144.235,-3.17,1813079300.0,91017937000.0
676,半导体,2025-03-14,9142.441,9342.032,9112.555,9324.138,1.97,1641524500.0,88341425000.0
677,半导体,2025-03-17,9348.51,9392.748,9252.37,9378.377,0.58,1359219500.0,69115156000.0
678,半导体,2025-03-18,9410.885,9554.743,9395.539,9424.083,0.49,1459651600.0,76040888000.0
679,半导体,2025-03-19,9404.107,9455.029,9259.334,9297.6,-1.34,1298211130.0,70229171000.0
680,半导体,2025-03-20,9293.65,9360.534,9211.985,9214.645,-0.89,1250223090.0,64962434000.0
681,半导体,2025-03-21,9174.509,9183.409,8910.156,8924.179,-3.15,1478681600.0,77395079000.0
682,半导体,2025-03-24,8924.073,8973.128,8674.616,8882.458,-0.47,1335438310.0,68132585000.0
683,半导体,2025-03-25,8880.404,8916.808,8737.962,8766.813,-1.3,1039321630.0,57498915000.0
684,半导体,2025-03-26,8763.573,8911.318,8763.573,8836.26,0.79,999797410.0,51408931000.0
685,半导体,2025-03-27,8801.003,9092.2,8762.822,8919.647,0.94,1339612680.0,69849532000.0
686,半导体,2025-03-28,8923.541,9005.859,8781.233,8781.233,-1.55,1125883940.0,59053396000.0
687,半导体,2025-03-31,8731.002,8830.987,8653.18,8794.886,0.16,1299454880.0,67165676000.0
688,半导体,2025-04-01,8827.499,8924.522,8818.8,8862.196,0.77,1164869150.0,64075267000.0
689,半导体,2025-04-02,8846.571,8952.851,8823.064,8843.665,-0.21,927006350.0,46792376000.0
690,半导体,2025-04-03,8739.579,8929.113,8650.775,8715.243,-1.45,1105697460.0,60765526000.0
691,半导体,2025-04-07,8102.723,8275.114,7315.306,7478.676,-14.19,2141398700.0,105991330000.0
692,半导体,2025-04-08,7559.861,7832.666,7429.262,7593.337,1.53,1996495100.0,89911102000.0
693,半导体,2025-04-09,7432.719,8009.358,7192.818,7932.908,4.47,2322403200.0,108980910000.0
694,半导体,2025-04-10,8144.829,8327.883,8116.206,8131.49,2.5,1905468000.0,90624844000.0
695,半导体,2025-04-11,8103.053,8883.871,8103.053,8688.898,6.85,2842226400.0,132137363000.0
696,半导体,2025-04-14,8826.314,8826.314,8658.713,8698.528,0.11,2039937000.0,96918553000.0
697,半导体,2025-04-15,8686.615,8692.385,8550.723,8622.319,-0.88,1300931960.0,64035111000.0
698,半导体,2025-04-16,8622.411,8735.02,8456.235,8596.221,-0.3,1546849100.0,74931982000.0
699,半导体,2025-04-17,8528.995,8829.132,8528.995,8673.23,0.9,1588212700.0,77377736000.0
700,半导体,2025-04-18,8634.104,8660.591,8511.837,8561.626,-1.29,1082962980.0,51720896000.0
701,半导体,2025-04-21,8567.675,8687.729,8540.2,8686.699,1.46,1122341470.0,57556407000.0
702,半导体,2025-04-22,8662.823,8762.322,8614.689,8687.703,0.01,1283366750.0,60134289000.0
703,半导体,2025-04-23,8713.672,8740.563,8633.663,8694.723,0.08,1268955330.0,62504188000.0
704,半导体,2025-04-24,8682.011,8682.011,8477.833,8523.427,-1.97,1119150570.0,51575921000.0
705,半导体,2025-04-25,8506.001,8567.575,8399.358,8495.841,-0.32,1124486640.0,57657347000.0
706,半导体,2025-04-28,8478.655,8519.611,8390.622,8449.518,-0.55,984975360.0,51055913000.0
707,半导体,2025-04-29,8402.503,8548.65,8381.92,8530.119,0.95,1102620540.0,54569754000.0
708,半导体,2025-04-30,8525.677,8689.757,8515.027,8661.318,1.54,1443914400.0,70616247000.0
709,半导体,2025-05-06,8713.772,8880.872,8713.772,8880.872,2.53,1556396300.0,73796647000.0
710,半导体,2025-05-07,8981.677,9007.611,8754.825,8835.004,-0.52,1455800500.0,70947468000.0
711,半导体,2025-05-08,8807.201,8882.98,8779.792,8856.537,0.24,1055928940.0,52025525000.0
712,半导体,2025-05-09,8827.656,8827.656,8590.288,8621.121,-2.66,1140598110.0,56637211000.0
713,半导体,2025-05-12,8685.825,8804.775,8658.411,8758.467,1.59,1186430720.0,57714018000.0
714,半导体,2025-05-13,8844.059,8865.37,8685.559,8693.217,-0.74,1089359880.0,52213146000.0
715,半导体,2025-05-14,8712.886,8772.741,8604.391,8677.615,-0.18,1003273660.0,49947828000.0
716,半导体,2025-05-15,8666.382,8666.382,8494.049,8494.049,-2.12,925973980.0,42451685000.0
717,半导体,2025-05-16,8477.521,8571.049,8468.408,8515.423,0.25,808719560.0,38285244000.0
718,半导体,2025-05-19,8521.257,8604.65,8463.598,8565.482,0.59,937063750.0,43586800000.0
719,半导体,2025-05-20,8571.59,8666.008,8533.184,8635.675,0.82,940748300.0,44194961000.0
720,半导体,2025-05-21,8616.149,8616.149,8489.295,8546.034,-1.04,1063328040.0,47392531000.0
721,半导体,2025-05-22,8531.914,8690.365,8490.911,8499.181,-0.55,1125365130.0,47405461000.0
722,半导体,2025-05-23,8481.113,8505.6,8340.868,8340.868,-1.86,1066633710.0,47089510000.0
723,半导体,2025-05-26,8367.489,8458.312,8367.489,8457.475,1.4,905461510.0,41133926000.0
724,半导体,2025-05-27,8444.305,8444.739,8342.857,8371.231,-1.02,822906910.0,37337628000.0
725,半导体,2025-05-28,8380.074,8404.377,8300.957,8321.655,-0.59,779110790.0,35028670000.0
726,半导体,2025-05-29,8335.614,8513.071,8335.304,8509.946,2.26,1057415630.0,45777733000.0
727,半导体,2025-05-30,8472.362,8472.362,8316.923,8336.177,-2.04,830288700.0,37451814000.0
728,半导体,2025-06-03,8294.857,8462.067,8293.88,8384.693,0.58,913411900.0,43034233000.0
729,半导体,2025-06-04,8392.504,8461.526,8371.079,8423.567,0.46,756238350.0,36010005000.0
730,半导体,2025-06-05,8436.847,8606.829,8394.456,8590.067,1.98,1099802210.0,50904382000.0
731,半导体,2025-06-06,8590.559,8652.163,8541.282,8614.622,0.29,1024348740.0,48916350000.0
732,半导体,2025-06-09,8616.918,8676.439,8598.036,8661.389,0.54,1006888740.0,46930559000.0
733,半导体,2025-06-10,8667.934,8668.5,8398.051,8460.648,-2.32,1243246760.0,60763045000.0
734,半导体,2025-06-11,8470.133,8564.986,8466.383,8499.283,0.46,983548300.0,44614380000.0
735,半导体,2025-06-12,8478.331,8528.085,8425.831,8446.588,-0.62,1012360800.0,47770917000.0
736,半导体,2025-06-13,8400.718,8462.468,8301.859,8349.078,-1.15,1436400100.0,63271449000.0
737,半导体,2025-06-16,8310.807,8415.106,8310.807,8378.549,0.35,875865710.0,40968898000.0
738,半导体,2025-06-17,8397.648,8441.238,8345.201,8408.902,0.36,933429040.0,42541386000.0
739,半导体,2025-06-18,8389.067,8532.714,8370.065,8516.612,1.28,1081017360.0,47655939000.0
740,半导体,2025-06-19,8512.372,8643.961,8455.722,8486.599,-0.35,1183797850.0,54715626000.0
741,半导体,2025-06-20,8496.792,8602.023,8432.346,8433.117,-0.63,1088784160.0,47857199000.0
742,半导体,2025-06-23,8363.039,8619.284,8358.258,8580.854,1.75,1366679500.0,61258449000.0
743,半导体,2025-06-24,8612.83,8753.55,8612.83,8753.55,2.01,1523189300.0,67131129000.0
744,半导体,2025-06-25,8781.965,8955.439,8747.578,8941.615,2.15,1884887600.0,85206483000.0
745,半导体,2025-06-26,8944.437,8968.612,8824.969,8825.306,-1.3,1670152700.0,75258281000.0
746,半导体,2025-06-27,8906.348,9012.135,8834.724,8916.729,1.04,1776853800.0,75263912000.0
747,半导体,2025-06-30,8984.029,9086.973,8984.029,9059.426,1.6,1770685500.0,76425587000.0
748,半导体,2025-07-01,9055.215,9223.545,9027.861,9096.632,0.41,2158443200.0,83656414000.0
749,半导体,2025-07-02,9039.266,9039.266,8858.048,8896.827,-2.2,1577399800.0,63935270000.0
750,半导体,2025-07-03,8901.782,8959.503,8858.967,8923.053,0.29,1187341080.0,49974522000.0
751,半导体,2025-07-04,8912.936,8996.85,8779.598,8837.935,-0.95,1364785000.0,60452743000.0
752,半导体,2025-07-07,8833.525,8870.938,8794.832,8829.551,-0.09,877262590.0,40138151000.0
753,半导体,2025-07-08,8856.8,8964.131,8843.28,8958.424,1.46,1404900600.0,59146696000.0
754,半导体,2025-07-09,8940.664,8957.845,8835.441,8853.923,-1.17,1201734530.0,50265303000.0
755,半导体,2025-07-10,8845.68,8872.229,8799.35,8836.76,-0.19,1064234250.0,47204769000.0
756,半导体,2025-07-11,8830.892,8964.204,8768.432,8928.429,1.04,1492334100.0,66080560000.0
757,半导体,2025-07-14,8919.82,8956.128,8874.98,8908.83,-0.22,1039296900.0,45845244000.0
758,半导体,2025-07-15,8904.868,8950.439,8797.459,8877.5,-0.35,1280173130.0,57908031000.0
759,半导体,2025-07-16,8882.772,9044.793,8866.839,8912.45,0.39,1278488560.0,61214240000.0
760,半导体,2025-07-17,8900.087,8983.458,8855.125,8983.458,0.8,1270492040.0,62025124000.0
761,半导体,2025-07-18,8998.13,9071.173,8925.444,8978.748,-0.05,1298171960.0,61680535000.0
762,半导体,2025-07-21,8981.41,9028.35,8961.732,9025.129,0.52,1332749480.0,60482177000.0
763,半导体,2025-07-22,9016.505,9110.544,8993.412,9033.999,0.1,1486019500.0,67607577000.0
764,半导体,2025-07-23,9012.88,9124.144,8986.527,9062.75,0.32,1524993500.0,70237369000.0
765,半导体,2025-07-24,9066.318,9215.588,9066.063,9193.895,1.45,1687717400.0,75863600000.0
766,半导体,2025-07-25,9207.576,9373.049,9157.145,9371.226,1.93,1907137200.0,92840620000.0
767,半导体,2025-07-28,9390.699,9419.96,9323.546,9386.687,0.16,1728731500.0,81670408000.0
768,半导体,2025-07-29,9368.153,9553.979,9365.158,9542.777,1.66,2034686800.0,98938631000.0
769,半导体,2025-07-30,9530.903,9631.535,9404.393,9505.196,-0.39,1967165000.0,94888790000.0
770,半导体,2025-07-31,9485.645,9612.807,9386.825,9419.234,-0.9,1972861600.0,100590296000.0
771,半导体,2025-08-01,9420.65,9525.231,9318.716,9383.424,-0.38,1605613600.0,80935998000.0
772,半导体,2025-08-04,9346.789,9533.137,9344.861,9533.137,1.6,1486414900.0,75090072000.0
773,半导体,2025-08-05,9550.602,9564.204,9492.524,9562.621,0.31,1445513700.0,68846374000.0
774,半导体,2025-08-06,9554.02,9697.943,9502.647,9695.083,1.39,1796406000.0,85202761000.0
775,半导体,2025-08-07,9697.232,9989.72,9697.232,9874.704,1.85,2660940900.0,120630095000.0
776,半导体,2025-08-08,9821.386,9821.386,9659.31,9660.057,-2.17,1981350600.0,92093163000.0
777,半导体,2025-08-11,9653.954,9837.896,9653.954,9788.219,1.33,1780105300.0,82069335000.0
778,半导体,2025-08-12,9786.242,10020.53,9703.067,9964.892,1.8,2516697800.0,130107097000.0
779,半导体,2025-08-13,9964.878,10107.247,9961.733,10061.912,0.97,2336569300.0,120265139000.0
780,半导体,2025-08-14,10059.779,10246.694,9895.539,9902.312,-1.59,2806283500.0,153111670000.0
781,半导体,2025-08-15,9868.25,10191.699,9868.25,10182.287,2.83,2522893000.0,128670595000.0
782,半导体,2025-08-18,10273.239,10539.752,10176.787,10482.815,2.95,3298848000.0,167216510000.0
783,半导体,2025-08-19,10470.641,10522.287,10354.912,10441.525,-0.39,2698750900.0,141766720000.0
784,半导体,2025-08-20,10395.484,10733.241,10307.732,10733.23,2.79,3002486300.0,163689740000.0
785,半导体,2025-08-21,10764.473,10891.983,10530.634,10589.028,-1.34,2979750100.0,171260010000.0
786,半导体,2025-08-22,10610.49,11094.443,10610.49,11057.9,4.43,4146481200.0,239620010000.0
787,半导体,2025-08-25,11204.861,11415.692,10982.759,11125.009,0.61,4584445000.0,278051000000.0
788,半导体,2025-08-26,11032.542,11148.941,10903.792,11022.726,-0.92,3177117400.0,184485030000.0
789,半导体,2025-08-27,11037.838,11534.901,10994.667,10994.667,-0.25,4270828500.0,261375970000.0
790,半导体,2025-08-28,11007.371,11441.903,10989.145,11441.903,4.07,4329855300.0,271020280000.0
791,半导体,2025-08-29,11410.306,11410.306,11078.022,11191.996,-2.18,3545976400.0,220053770000.0
792,半导体,2025-09-01,11380.523,11552.504,11168.639,11425.222,2.08,3787731700.0,227053400000.0
793,半导体,2025-09-02,11389.433,11420.487,10843.19,10912.085,-4.49,3694092500.0,221652820000.0
794,半导体,2025-09-03,10937.15,11143.002,10790.854,10830.087,-0.75,2852388300.0,167330900000.0
795,半导体,2025-09-04,10809.1,10854.277,10076.566,10247.283,-5.38,3144136400.0,189925850000.0
796,半导体,2025-09-05,10284.95,10623.965,10186.126,10602.203,3.46,2528945100.0,154446510000.0
797,半导体,2025-09-08,10598.951,10700.138,10447.667,10679.411,0.73,2292691700.0,139080260000.0
798,半导体,2025-09-09,10612.132,10612.132,10345.816,10380.227,-2.8,1983835500.0,120465100000.0
799,半导体,2025-09-10,10411.993,10538.444,10346.226,10402.81,0.22,1722569900.0,119517111000.0
800,半导体,2025-09-11,10379.768,10884.416,10322.354,10879.905,4.59,2910571500.0,193317510000.0
801,半导体,2025-09-12,10888.265,11244.76,10847.57,11095.133,1.98,3142036600.0,225319880000.0
802,半导体,2025-09-15,11485.348,11491.276,11127.94,11137.661,0.38,2940901100.0,205753590000.0
803,半导体,2025-09-16,11120.759,11270.098,11101.449,11237.435,0.9,2454253900.0,182980890000.0
804,半导体,2025-09-17,11211.967,11476.363,11121.177,11375.636,1.23,2620211700.0,187066030000.0
805,半导体,2025-09-18,11400.449,11838.757,11254.624,11432.982,0.5,4396893900.0,300815580000.0
806,半导体,2025-09-19,11461.453,11649.154,11316.798,11354.656,-0.69,2964130100.0,208920540000.0
807,半导体,2025-09-22,11375.826,11659.045,11327.386,11636.429,2.48,2831978800.0,220427410000.0
808,半导体,2025-09-23,11684.322,11757.022,11312.277,11757.022,1.04,3364014800.0,232882170000.0
809,半导体,2025-09-24,11709.851,12466.118,11699.362,12297.938,4.6,4569441200.0,301962010000.0
810,半导体,2025-09-25,12234.316,12336.174,12145.4,12247.655,-0.41,3731685400.0,249152170000.0
811,半导体,2025-09-26,12162.694,12404.084,12091.757,12111.123,-1.11,3494891300.0,226802550000.0
812,半导体,2025-09-29,12096.647,12244.813,11977.875,12227.29,0.96,2983435700.0,207732510000.0
813,半导体,2025-09-30,12325.719,12617.008,12289.678,12525.778,2.44,3455277100.0,241972110000.0
814,半导体,2025-10-09,12709.98,13064.465,12594.897,12812.207,2.29,4256713500.0,306417570000.0
815,半导体,2025-10-10,12626.926,12683.989,12132.455,12185.125,-4.89,3861688100.0,263378580000.0
816,半导体,2025-10-13,11658.888,12457.536,11658.888,12449.202,2.17,3594888100.0,239182210000.0
817,半导体,2025-10-14,12569.247,12646.698,11842.634,11906.03,-4.36,3708728500.0,257478450000.0
818,半导体,2025-10-15,11917.722,12015.53,11714.047,12011.284,0.88,2915343000.0,189686860000.0
819,半导体,2025-10-16,11962.457,12201.94,11859.296,11913.934,-0.81,2740427600.0,181550510000.0
820,半导体,2025-10-17,11866.486,11952.863,11389.775,11398.428,-4.33,2902295300.0,174693620000.0
821,半导体,2025-10-20,11634.28,11792.702,11432.728,11520.206,1.07,2856429400.0,168437780000.0
822,半导体,2025-10-21,11574.552,11820.684,11539.167,11777.9,2.24,2900802100.0,181668150000.0
823,半导体,2025-10-22,11656.209,11820.674,11519.795,11681.268,-0.82,2353129600.0,155154530000.0
824,半导体,2025-10-23,11614.672,11620.676,11363.125,11577.266,-0.89,2020680600.0,126547768000.0
825,半导体,2025-10-24,11693.959,12088.182,11693.92,12088.182,4.41,2962081300.0,216921850000.0
826,半导体,2025-10-27,12282.18,12371.766,12065.772,12338.485,2.07,3458845300.0,244253520000.0
827,半导体,2025-10-28,12202.432,12397.013,12156.768,12240.156,-0.8,3152436700.0,207369350000.0
828,半导体,2025-10-29,12211.241,12354.542,12089.778,12256.739,0.14,2673539800.0,188482220000.0
829,半导体,2025-10-30,12254.225,12293.467,12034.524,12034.524,-1.81,2918048600.0,207691030000.0
830,半导体,2025-10-31,11989.841,12046.343,11791.416,11824.188,-1.75,2596761300.0,182172670000.0
831,半导体,2025-11-03,11752.869,11780.511,11448.025,11770.518,-0.45,2504501500.0,160867680000.0
832,半导体,2025-11-04,11777.685,11792.104,11500.802,11570.838,-1.7,2004978600.0,135504050000.0
833,半导体,2025-11-05,11353.776,11529.046,11308.243,11481.166,-0.77,1739864200.0,116921220000.0
834,半导体,2025-11-06,11586.123,11788.623,11532.959,11769.653,2.51,2353822200.0,168637490000.0
835,半导体,2025-11-07,11653.694,11774.778,11583.68,11684.187,-0.73,2196238400.0,140201140000.0
836,半导体,2025-11-10,11744.553,11902.26,11639.135,11800.66,1.0,2268419700.0,159737890000.0
837,半导体,2025-11-11,11872.206,12006.134,11699.755,11715.965,-0.72,2377273900.0,154632110000.0
838,半导体,2025-11-12,11630.608,11760.885,11472.302,11619.764,-0.82,2108731900.0,133993524000.0
839,半导体,2025-11-13,11610.571,11843.081,11591.26,11761.405,1.22,2307132900.0,149240440000.0
840,半导体,2025-11-14,11597.024,11670.126,11444.762,11454.624,-2.61,2161012500.0,141408090000.0
841,半导体,2025-11-17,11489.183,11658.657,11433.393,11493.123,0.34,1872402400.0,122728632000.0
842,半导体,2025-11-18,11466.701,11685.815,11427.171,11536.231,0.38,1979700800.0,138936800000.0
843,半导体,2025-11-19,11497.709,11604.187,11369.883,11407.468,-1.12,1930345500.0,116141109000.0
844,半导体,2025-11-20,11551.367,11578.725,11265.877,11265.972,-1.24,1720519600.0,108793645000.0
845,半导体,2025-11-21,11033.753,11127.102,10721.77,10721.77,-4.83,2196077200.0,132710544000.0
846,半导体,2025-11-24,10798.72,10969.463,10679.65,10888.044,1.55,1821486800.0,113760416000.0
847,半导体,2025-11-25,11001.66,11252.516,10989.762,11100.573,1.95,1963781900.0,123617206000.0
848,半导体,2025-11-26,11053.402,11319.895,11014.437,11206.406,0.95,1946295000.0,133008280000.0
849,半导体,2025-11-27,11233.115,11518.792,11233.115,11301.088,0.84,2195390500.0,150307810000.0
850,半导体,2025-11-28,11283.831,11507.965,11231.184,11480.995,1.59,2040191000.0,123575440000.0
851,半导体,2025-12-01,11520.387,11673.417,11432.522,11673.417,1.68,2450513400.0,156223500000.0
852,半导体,2025-12-02,11635.884,11650.611,11507.702,11542.723,-1.12,1896616900.0,116924174000.0
853,半导体,2025-12-03,11542.138,11568.165,11371.936,11413.29,-1.12,1832007200.0,110369967000.0
854,半导体,2025-12-04,11381.127,11555.993,11239.064,11478.291,0.57,1751668500.0,118526966000.0
855,半导体,2025-12-05,11470.943,11550.649,11279.913,11544.477,0.58,1734873100.0,128622909000.0
856,半导体,2025-12-08,11554.311,11875.493,11554.311,11820.298,2.39,2201549400.0,160053350000.0
857,半导体,2025-12-09,11757.021,11880.538,11721.649,11747.07,-0.62,1841252800.0,140010790000.0
858,半导体,2025-12-10,11700.715,11842.339,11600.861,11821.554,0.63,1916746000.0,140599660000.0
859,半导体,2025-12-11,11864.108,11875.24,11681.327,11681.327,-1.19,1975746000.0,143203560000.0
860,半导体,2025-12-12,11651.405,11964.62,11553.016,11925.909,2.09,2502436300.0,188647540000.0
861,半导体,2025-12-15,11779.789,11831.321,11671.419,11678.037,-2.08,1907070600.0,138293080000.0
862,半导体,2025-12-16,11650.622,11686.098,11376.659,11464.357,-1.83,1774675300.0,123258561000.0
863,半导体,2025-12-17,11449.313,11653.282,11312.65,11643.167,1.56,1815965500.0,135815920000.0
864,半导体,2025-12-18,11546.341,11733.7,11540.663,11595.735,-0.41,1702024500.0,122297767000.0
865,半导体,2025-12-19,11684.879,11721.321,11486.957,11499.359,-0.83,1678523200.0,119904124000.0
866,半导体,2025-12-22,11556.271,11851.437,11556.271,11774.593,2.39,2054153700.0,143500930000.0
867,半导体,2025-12-23,11755.848,11889.048,11714.362,11788.628,0.12,1940603500.0,141918510000.0
868,半导体,2025-12-24,11820.185,12046.356,11820.185,12018.294,1.95,2070541100.0,151078980000.0
869,半导体,2025-12-25,12016.735,12157.974,11964.22,12138.063,1.0,1966330100.0,143742520000.0
870,半导体,2025-12-26,12105.22,12218.48,12007.692,12037.376,-0.83,1968592700.0,144301270000.0
871,半导体,2025-12-29,12004.229,12143.936,11970.678,12014.458,-0.19,1997953700.0,152095390000.0
872,半导体,2025-12-30,11989.483,12152.223,11989.483,12056.762,0.35,2058708300.0,160564600000.0
873,半导体,2025-12-31,12147.227,12163.952,11924.443,11951.778,-0.87,1943348100.0,139873380000.0
874,半导体,2026-01-05,12092.836,12466.865,12092.836,12466.865,4.31,2724632700.0,205797920000.0
875,半导体,2026-01-06,12455.68,12738.208,12447.668,12696.358,1.84,2878215800.0,221033930000.0
876,半导体,2026-01-07,12911.064,13078.355,12825.801,12994.102,2.35,3426756400.0,261180390000.0
877,半导体,2026-01-08,12926.054,13182.514,12926.054,13088.299,0.72,2902369100.0,231749260000.0
878,半导体,2026-01-09,13006.975,13216.54,12944.893,13211.157,0.94,2991109200.0,221858000000.0
879,半导体,2026-01-12,13272.474,13493.734,13167.059,13473.718,1.99,3346019000.0,244127720000.0
880,半导体,2026-01-13,13461.748,13461.748,12976.886,13020.987,-3.36,3172769500.0,222548730000.0
881,半导体,2026-01-14,13081.41,13456.737,13068.218,13239.862,1.68,3340404600.0,247651770000.0
882,半导体,2026-01-15,13141.83,13478.433,13053.959,13478.433,1.8,2958394200.0,213626500000.0
883,半导体,2026-01-16,13647.093,14166.42,13636.678,14051.772,4.25,4594580000.0,311654510000.0
884,半导体,2026-01-19,14073.601,14118.115,13873.085,13949.148,-0.73,3741640000.0,251771440000.0
885,半导体,2026-01-20,13900.87,14216.239,13872.654,14007.268,0.42,3694519000.0,251222510000.0
886,半导体,2026-01-21,13887.048,14445.24,13887.048,14394.212,2.76,4264240500.0,297587950000.0
887,半导体,2026-01-22,14598.854,14640.834,14175.815,14330.554,-0.44,4640600200.0,306322370000.0
888,半导体,2026-01-23,14266.741,14481.748,14171.124,14481.744,1.06,4111944700.0,270702620000.0
889,半导体,2026-01-26,14429.905,14520.874,13957.657,14046.7,-3.0,4004193200.0,249773480000.0
890,半导体,2026-01-27,13987.092,14628.628,13820.074,14594.212,3.9,4521548700.0,276903320000.0
891,半导体,2026-01-28,14712.965,15054.383,14665.209,14820.714,1.55,5049171500.0,318572060000.0
892,半导体,2026-01-29,14763.526,14919.89,14308.936,14312.818,-3.43,4236807800.0,270205900000.0
893,半导体,2026-01-30,14236.984,14570.629,13976.622,14442.192,0.9,3629655100.0,244143540000.0
894,半导体,2026-02-02,14218.838,14228.076,13596.287,13596.287,-5.86,3210897600.0,222722720000.0
895,半导体,2026-02-03,13855.333,14005.283,13685.642,14004.377,3.0,2805465800.0,217232430000.0
896,半导体,2026-02-04,13847.32,13847.32,13547.865,13756.365,-1.77,2439241000.0,169555400000.0
897,半导体,2026-02-05,13509.644,13751.936,13374.245,13670.371,-0.63,2350274900.0,157465530000.0
898,半导体,2026-02-06,13510.066,13743.15,13446.973,13530.486,-1.02,2031139400.0,144898860000.0
899,半导体,2026-02-09,13783.508,13935.04,13678.06,13917.628,2.86,2511120300.0,174929140000.0
900,半导体,2026-02-10,13910.571,14042.419,13836.038,13875.298,-0.3,1993487200.0,151697870000.0
901,半导体,2026-02-11,13824.973,13884.014,13747.487,13773.941,-0.73,1702362400.0,117029474000.0
902,半导体,2026-02-12,13855.239,14134.128,13848.544,14100.44,2.37,2308372200.0,170769990000.0
903,半导体,2026-02-13,14008.116,14331.276,13983.241,14116.854,0.12,2158869500.0,160951900000.0
904,半导体,2026-02-24,14265.148,14355.072,13962.13,14182.323,0.46,2289828500.0,168028480000.0
905,半导体,2026-02-25,14218.601,14474.968,14063.019,14405.464,1.57,2698766700.0,186717350000.0
906,半导体,2026-02-26,14424.055,14722.282,14242.458,14648.428,1.69,2894917000.0,210887460000.0
907,半导体,2026-02-27,14447.885,14608.203,14320.229,14580.017,-0.47,2396846600.0,184371520000.0
908,半导体,2026-03-02,14257.342,14504.631,14179.623,14197.424,-2.62,2622995900.0,183988230000.0
909,半导体,2026-03-03,14222.216,14301.643,13275.25,13296.281,-6.35,3140663800.0,212827550000.0
910,半导体,2026-03-04,13177.563,13565.093,13177.563,13255.699,-0.31,2173009700.0,161099430000.0
911,半导体,2026-03-05,13601.87,13784.393,13427.511,13525.277,2.03,2310609600.0,183303630000.0
912,半导体,2026-03-06,13431.098,13701.944,13431.098,13598.125,0.54,1873256000.0,142228690000.0
913,半导体,2026-03-09,13224.577,13437.97,12916.062,13386.937,-1.55,2384015800.0,173832050000.0
914,半导体,2026-03-10,13645.556,13893.461,13645.556,13873.629,3.64,2151072200.0,167069870000.0
915,半导体,2026-03-11,13882.82,14009.601,13655.192,13687.337,-1.34,1987168800.0,158845240000.0
916,半导体,2026-03-12,13645.691,13766.848,13357.9,13485.282,-1.48,1764031000.0,138782820000.0
917,半导体,2026-03-13,13365.531,13640.295,13256.248,13316.669,-1.25,1829541200.0,146811760000.0
918,半导体,2026-03-16,13307.21,13634.144,13125.685,13631.935,2.37,2191204400.0,180825790000.0
919,半导体,2026-03-17,13642.598,13646.455,13208.207,13209.426,-3.1,1849111700.0,149091690000.0
920,半导体,2026-03-18,13329.261,13596.898,13284.258,13587.79,2.86,2085940600.0,169495810000.0
921,半导体,2026-03-19,13323.933,13391.951,13147.903,13203.77,-2.83,2009185800.0,157626880000.0
922,半导体,2026-03-20,13303.771,13391.586,12974.305,12976.653,-1.72,2132038100.0,176830160000.0
923,半导体,2026-03-23,12663.686,12785.156,12155.269,12229.06,-5.76,2355491400.0,165280750000.0
924,半导体,2026-03-24,12465.922,12545.257,12080.432,12545.257,2.59,1860664700.0,147757760000.0
925,半导体,2026-03-25,12655.037,12997.513,12655.037,12827.033,2.25,1915133100.0,163072800000.0
926,半导体,2026-03-26,12772.569,12807.58,12459.523,12501.028,-2.54,1574271100.0,130584556000.0
927,半导体,2026-03-27,12281.677,12776.305,12260.363,12683.461,1.46,1584572100.0,126126743000.0
928,半导体,2026-03-30,12479.806,12753.363,12423.745,12716.519,0.26,1499252800.0,124046995000.0
929,半导体,2026-03-31,12649.203,12722.857,12341.13,12341.13,-2.95,1659381300.0,139467580000.0
930,半导体,2026-04-01,12694.777,12740.741,12559.885,12697.709,2.89,1713222200.0,153770460000.0
931,半导体,2026-04-02,12660.854,12684.722,12234.989,12315.847,-3.01,1599756400.0,125026525000.0
932,半导体,2026-04-03,12409.869,12446.544,12269.135,12294.306,-0.17,1349764100.0,109006630000.0
933,半导体,2026-04-07,12361.749,12583.347,12361.749,12456.961,1.32,1449524500.0,127830988000.0
934,半导体,2026-04-08,12858.569,13277.185,12824.854,13277.185,6.58,2527404200.0,209309090000.0
935,半导体,2026-04-09,13092.791,13381.259,13083.433,13254.513,-0.17,2211097400.0,173361280000.0
936,半导体,2026-04-10,13441.418,13588.33,13421.288,13426.602,1.3,2260297800.0,196734970000.0
937,半导体,2026-04-13,13318.703,13650.663,13318.703,13499.017,0.54,1992618800.0,183015540000.0
938,半导体,2026-04-14,13645.92,13895.455,13645.92,13829.28,2.45,2323179400.0,214546500000.0
939,半导体,2026-04-15,13904.132,13988.922,13653.686,13697.992,-0.95,2260917400.0,214344380000.0
940,半导体,2026-04-16,13704.605,13925.439,13633.845,13912.551,1.57,2004337500.0,195128310000.0
941,半导体,2026-04-17,13894.294,14197.279,13867.33,14175.718,1.89,2434731100.0,217009910000.0
942,半导体,2026-04-20,14155.932,14331.26,14136.44,14268.954,0.66,2674638000.0,216594460000.0
943,半导体,2026-04-21,14190.197,14190.197,13922.142,14135.997,-0.93,2483167100.0,207403890000.0
944,半导体,2026-04-22,14069.222,14553.448,14069.222,14550.081,2.93,2796302400.0,233746150000.0
945,半导体,2026-04-23,14610.437,14624.247,14149.501,14242.739,-2.11,2981940300.0,256248060000.0
946,半导体,2026-04-24,14275.471,14519.015,14191.739,14396.871,1.08,2982078400.0,270294100000.0
947,半导体,2026-04-27,14522.61,14978.058,14442.737,14907.048,3.54,3507353400.0,306469100000.0
948,半导体,2026-04-28,14794.772,14986.777,14527.516,14614.543,-1.96,3084622600.0,276580970000.0
949,半导体,2026-04-29,14445.2,14714.733,14268.085,14665.222,0.35,2805459700.0,257718460000.0
950,半导体,2026-04-30,14680.826,15248.637,14679.174,15158.978,3.37,3704752800.0,340714500000.0
951,半导体,2026-05-06,15545.389,16035.284,15534.59,15671.115,3.38,4677512600.0,435470110000.0
952,半导体,2026-05-07,15725.5,16121.433,15641.154,16098.91,2.73,3899094600.0,370882320000.0
953,半导体,2026-05-08,15866.715,16138.461,15795.722,16096.522,-0.01,3621352200.0,326868770000.0
954,半导体,2026-05-11,16442.404,16991.853,16384.338,16900.875,5.0,4880213800.0,454444700000.0
955,半导体,2026-05-12,16855.116,17090.613,16608.145,16959.892,0.35,4227417300.0,390095730000.0
956,半导体,2026-05-13,16631.221,17457.433,16613.389,17419.884,2.71,4526889100.0,406340190000.0
957,半导体,2026-05-14,17538.512,17691.16,17215.0,17297.911,-0.7,4768774100.0,423687930000.0
958,半导体,2026-05-15,17357.197,17851.991,16899.855,17304.429,0.04,5020262300.0,478983760000.0
959,半导体,2026-05-18,17231.601,17755.452,17146.778,17467.506,0.94,4266397700.0,407169320000.0
960,半导体,2026-05-19,17293.754,17966.82,17021.011,17965.734,2.85,4560162400.0,415211240000.0
961,半导体,2026-05-20,17888.715,18534.098,17888.715,18530.678,3.14,5335318900.0,477911770000.0
962,半导体,2026-05-21,18715.759,18784.076,17376.946,17409.234,-6.05,6361223700.0,555141940000.0
963,半导体,2026-05-22,17577.271,17956.395,17353.077,17918.204,2.92,4851624100.0,432895650000.0
964,半导体,2026-05-25,17949.486,18790.37,17708.882,18727.831,4.52,5540018500.0,534466820000.0
965,半导体,2026-05-26,18660.714,18660.714,17792.277,18211.524,-2.76,5756395500.0,520147940000.0
966,半导体,2026-05-27,18311.125,18750.776,17907.829,17978.586,-1.28,6593681400.0,556185100000.0
967,半导体,2026-05-28,17826.1,18450.272,17639.839,18381.425,2.24,6026742400.0,476660930000.0
968,半导体,2026-05-29,18453.58,18472.25,17074.533,17238.569,-6.22,6151070600.0,487945490000.0
969,半导体,2026-06-01,17238.133,17348.7,16547.704,16563.137,-3.92,4763909300.0,399723460000.0
970,半导体,2026-06-02,16614.15,16910.834,16223.154,16656.43,0.56,4120752700.0,352269380000.0
971,半导体,2026-06-03,16758.775,17469.982,16758.775,17045.711,2.34,5003047300.0,447814910000.0
972,半导体,2026-06-04,16771.899,17388.275,16749.909,17278.306,1.36,4228503000.0,385593620000.0
973,半导体,2026-06-05,16995.046,17348.329,16694.286,16876.276,-2.33,4446627000.0,378636410000.0
974,半导体,2026-06-08,15981.979,16548.478,15816.643,16010.255,-5.13,3837836500.0,314470270000.0
975,半导体,2026-06-09,16343.978,17045.439,16209.284,17031.479,6.38,3862509000.0,320742000000.0
976,半导体,2026-06-10,16817.526,17317.56,16696.804,16988.922,-0.25,3955763400.0,346676020000.0
977,半导体,2026-06-11,16901.467,17448.035,16901.467,17298.649,1.82,3996488500.0,333597250000.0
978,半导体,2026-06-12,17888.751,18033.281,16944.481,17015.389,-1.64,5193545800.0,468756900000.0
979,半导体,2026-06-15,17213.17,18033.368,16859.608,18033.368,5.98,4499374100.0,398593220000.0
980,半导体,2026-06-16,18067.642,18493.343,18034.928,18427.733,2.19,4478401500.0,390380340000.0
981,半导体,2026-06-17,18124.721,19160.061,18124.721,19160.061,3.97,5277655200.0,476077610000.0
982,半导体,2026-06-18,19104.68,19716.776,19104.592,19598.98,2.29,5171614100.0,514999010000.0
983,半导体,2026-06-22,19814.697,19960.299,19199.988,19835.413,1.21,5564151700.0,532723640000.0
984,半导体,2026-06-23,19634.681,20360.803,19347.861,19884.212,0.25,5419764900.0,511516800000.0
985,半导体,2026-06-24,19649.024,20665.164,19469.598,20640.037,3.8,5931381400.0,556949930000.0
986,半导体,2026-06-25,20823.665,21149.476,20551.865,21095.605,2.21,6010246200.0,610536750000.0
987,半导体,2026-06-26,20819.284,21329.63,20416.815,20910.731,-0.88,6114401500.0,608949200000.0
988,半导体,2026-06-29,21097.039,21775.933,20223.748,21482.948,2.74,6611743700.0,661729300000.0
989,银行,2022-06-01,892.887,893.353,888.951,892.204,,1791267800.0,12516015700.0
990,银行,2022-06-02,890.208,892.661,887.79,891.687,-0.06,1708524100.0,12608409600.0
991,银行,2022-06-06,891.021,894.032,884.164,893.7,0.23,2962337500.0,21689798000.0
992,银行,2022-06-07,892.882,903.618,891.406,901.491,0.87,2453059400.0,19119644000.0
993,银行,2022-06-08,901.676,904.559,896.931,903.53,0.23,2176308400.0,16013602000.0
994,银行,2022-06-09,903.51,914.115,902.36,913.311,1.08,2831585400.0,22300615000.0
995,银行,2022-06-10,909.496,921.288,907.952,920.826,0.82,3378973000.0,22773606000.0
996,银行,2022-06-13,914.874,916.201,901.55,905.87,-1.62,2752042100.0,20856223000.0
997,银行,2022-06-14,900.794,924.596,900.077,924.05,2.01,2898488100.0,19205598000.0
998,银行,2022-06-15,924.037,958.463,923.557,942.963,2.05,5012989300.0,37451453000.0
999,银行,2022-06-16,941.131,941.485,924.117,924.846,-1.92,3031402700.0,21289377000.0
1000,银行,2022-06-17,921.724,927.424,914.666,923.57,-0.14,2359075200.0,16592424000.0
1001,银行,2022-06-20,922.103,923.163,914.766,915.884,-0.83,2242372900.0,16545419000.0
1002,银行,2022-06-21,916.323,923.972,914.286,920.276,0.48,2361496200.0,16662769000.0
1003,银行,2022-06-22,920.196,920.271,909.981,910.329,-1.08,1994312600.0,14598444000.0
1004,银行,2022-06-23,910.953,918.168,909.773,917.66,0.81,2078249000.0,14316715000.0
1005,银行,2022-06-24,918.072,918.363,910.155,913.126,-0.49,2204374800.0,16464472000.0
1006,银行,2022-06-27,913.071,918.89,912.194,917.658,0.5,2627093900.0,20188416000.0
1007,银行,2022-06-28,917.58,923.92,916.581,923.652,0.65,2304349100.0,16413224000.0
1008,银行,2022-06-29,923.439,930.01,922.97,924.509,0.09,2468424700.0,18409441000.0
1009,银行,2022-06-30,923.338,931.628,921.257,928.397,0.42,2632189000.0,21710414000.0
1010,银行,2022-07-01,928.774,929.936,925.115,926.23,-0.23,1708020800.0,13940341000.0
1011,银行,2022-07-04,925.575,925.752,919.58,922.923,-0.36,2132412700.0,16263907000.0
1012,银行,2022-07-05,923.752,927.547,919.574,923.099,0.02,1966042300.0,15022231000.0
1013,银行,2022-07-06,923.14,923.14,911.68,914.249,-0.96,2279489700.0,16881204000.0
1014,银行,2022-07-07,914.724,918.804,911.85,915.187,0.1,1708640300.0,12506982400.0
1015,银行,2022-07-08,918.498,918.506,913.175,916.322,0.12,1754929100.0,12257130400.0
1016,银行,2022-07-11,917.726,923.734,916.957,921.557,0.57,2620265900.0,16166949000.0
1017,银行,2022-07-12,923.142,932.871,923.142,928.285,0.73,2844860100.0,18290012000.0
1018,银行,2022-07-13,927.503,927.507,911.742,912.571,-1.69,3300549600.0,25728527000.0
1019,银行,2022-07-14,908.435,908.435,892.973,898.472,-1.54,4029031100.0,32771818000.0
1020,银行,2022-07-15,900.369,905.481,887.801,887.801,-1.19,3098975700.0,22907084000.0
1021,银行,2022-07-18,890.076,900.375,890.076,899.185,1.28,2168255800.0,16263609000.0
1022,银行,2022-07-19,900.986,909.465,899.443,907.85,0.96,1947910900.0,13069006400.0
1023,银行,2022-07-20,910.85,915.297,909.66,914.306,0.71,1733102500.0,12151283400.0
1024,银行,2022-07-21,914.786,914.786,901.442,901.442,-1.41,1886346800.0,14854571000.0
1025,银行,2022-07-22,903.478,909.371,900.291,904.659,0.36,1584379000.0,11713575700.0
1026,银行,2022-07-25,904.072,907.954,901.603,906.29,0.18,1271000310.0,9258642800.0
1027,银行,2022-07-26,906.702,915.005,906.081,913.612,0.81,1605842400.0,11637013300.0
1028,银行,2022-07-27,912.917,912.917,908.96,909.981,-0.4,1288055130.0,9344210600.0
1029,银行,2022-07-28,911.331,913.76,907.868,908.394,-0.17,1451365600.0,10476346000.0
1030,银行,2022-07-29,909.272,911.224,900.931,901.896,-0.72,1609795500.0,11668819200.0
1031,银行,2022-08-01,900.384,900.425,894.665,895.825,-0.67,1581568200.0,13015150500.0
1032,银行,2022-08-02,891.806,891.806,871.928,878.914,-1.89,2385074300.0,17109446000.0
1033,银行,2022-08-03,878.425,883.705,870.088,870.102,-1.0,1747880000.0,13091074100.0
1034,银行,2022-08-04,874.134,875.067,869.407,874.663,0.52,1688347500.0,10965511800.0
1035,银行,2022-08-05,875.584,883.35,871.501,882.89,0.94,1385796100.0,9589241800.0
1036,银行,2022-08-08,882.108,886.802,879.048,880.594,-0.26,1266816950.0,9044464500.0
1037,银行,2022-08-09,880.976,881.06,876.68,877.199,-0.39,1022299010.0,7724136800.0
1038,银行,2022-08-10,877.868,880.175,872.136,873.764,-0.39,998824050.0,8023707300.0
1039,银行,2022-08-11,876.549,889.975,874.911,889.061,1.75,1824562400.0,13874592000.0
1040,银行,2022-08-12,886.585,890.252,883.384,889.154,0.01,1469819500.0,10196049400.0
1041,银行,2022-08-15,886.169,887.59,878.157,878.881,-1.16,1524367500.0,11662774600.0
1042,银行,2022-08-16,879.805,882.692,876.799,879.809,0.11,1215010070.0,8720283900.0
1043,银行,2022-08-17,881.09,888.303,876.373,887.296,0.85,1605826100.0,11662723900.0
1044,银行,2022-08-18,886.144,886.144,876.959,877.526,-1.1,1312424850.0,10427872200.0
1045,银行,2022-08-19,875.381,883.37,875.381,879.391,0.21,1518314300.0,11830320600.0
1046,银行,2022-08-22,877.327,883.082,876.93,879.252,-0.02,1362870800.0,10394298000.0
1047,银行,2022-08-23,878.616,878.616,871.549,874.252,-0.57,1539292300.0,11432493200.0
1048,银行,2022-08-24,874.095,879.248,869.526,869.632,-0.53,1548442900.0,11211995200.0
1049,银行,2022-08-25,871.24,879.941,868.676,879.103,1.09,1487734600.0,11721055800.0
1050,银行,2022-08-26,879.746,882.658,875.676,880.528,0.16,1310177790.0,10415006300.0
1051,银行,2022-08-29,874.974,878.799,871.445,878.612,-0.22,1726122700.0,13392551900.0
1052,银行,2022-08-30,878.641,885.236,878.097,884.407,0.66,1656840200.0,12367505400.0
1053,银行,2022-08-31,883.258,894.224,883.067,890.269,0.66,2721149000.0,22400618000.0
1054,银行,2022-09-01,888.82,893.656,886.464,888.547,-0.19,1619284100.0,12048237600.0
1055,银行,2022-09-02,889.588,893.131,886.193,887.641,-0.1,1473308800.0,10280483100.0
1056,银行,2022-09-05,886.933,893.706,883.571,893.382,0.65,1490457700.0,10262940100.0
1057,银行,2022-09-06,894.203,898.783,890.848,892.386,-0.11,1650141800.0,12736416600.0
1058,银行,2022-09-07,891.845,891.845,885.828,888.49,-0.44,1352365800.0,10328683900.0
1059,银行,2022-09-08,889.673,895.414,888.557,893.293,0.54,1393573500.0,11040761500.0
1060,银行,2022-09-09,894.796,905.317,893.689,903.313,1.12,2313127800.0,19850214000.0
1061,银行,2022-09-13,905.053,910.705,900.235,904.857,0.17,2267613400.0,19430338000.0
1062,银行,2022-09-14,898.274,903.473,897.372,899.328,-0.61,1597930300.0,11363079700.0
1063,银行,2022-09-15,902.56,910.358,900.007,903.937,0.51,2712662000.0,20892057000.0
1064,银行,2022-09-16,903.515,904.19,883.745,883.745,-2.23,2459937400.0,16858911000.0
1065,银行,2022-09-19,885.094,888.187,881.488,885.612,0.21,1740411500.0,10843338800.0
1066,银行,2022-09-20,887.588,887.588,877.973,878.68,-0.78,1589817800.0,10661948600.0
1067,银行,2022-09-21,878.043,889.73,872.616,887.129,0.96,1557455800.0,10357066000.0
1068,银行,2022-09-22,883.62,886.018,879.161,884.229,-0.33,1479236500.0,9391200300.0
1069,银行,2022-09-23,882.948,891.676,882.948,887.986,0.42,1991162300.0,11286000900.0
1070,银行,2022-09-26,884.54,887.273,869.761,869.761,-2.05,2167102700.0,13276480800.0
1071,银行,2022-09-27,870.266,876.495,864.747,875.953,0.71,1565104400.0,10382419600.0
1072,银行,2022-09-28,874.088,886.247,869.702,877.443,0.17,1845480700.0,12017399800.0
1073,银行,2022-09-29,880.125,882.706,864.877,867.329,-1.15,1718965500.0,11915542100.0
1074,银行,2022-09-30,867.357,874.248,867.357,869.531,0.25,1512123500.0,9900802300.0
1075,银行,2022-10-10,867.221,872.587,862.968,863.717,-0.67,2565711300.0,16588688000.0
1076,银行,2022-10-11,864.463,868.379,861.362,864.326,0.07,1826054700.0,10913824500.0
1077,银行,2022-10-12,863.99,872.073,861.233,872.073,0.9,1947052500.0,13398926500.0
1078,银行,2022-10-13,869.743,870.34,860.114,861.741,-1.18,1878218500.0,14446022000.0
1079,银行,2022-10-14,865.665,874.203,865.665,870.15,0.98,2237439900.0,15995590000.0
1080,银行,2022-10-17,866.962,872.145,864.443,870.603,0.05,1615880000.0,11058694100.0
1081,银行,2022-10-18,873.793,875.541,867.012,868.071,-0.29,1527052400.0,10671857300.0
1082,银行,2022-10-19,866.421,869.498,860.384,860.455,-0.88,1386659600.0,10316967500.0
1083,银行,2022-10-20,859.007,862.29,856.909,857.703,-0.32,1593678600.0,10491880100.0
1084,银行,2022-10-21,859.53,860.379,852.712,854.79,-0.34,1663979800.0,10700289000.0
1085,银行,2022-10-24,855.526,857.676,835.646,836.985,-2.08,2928099400.0,20017698000.0
1086,银行,2022-10-25,836.788,839.35,828.131,831.121,-0.7,2146338200.0,14493225000.0
1087,银行,2022-10-26,831.437,835.48,824.001,825.593,-0.67,2646061300.0,16025244000.0
1088,银行,2022-10-27,826.692,828.692,823.387,823.387,-0.27,2236443700.0,13213799500.0
1089,银行,2022-10-28,822.176,825.647,813.398,814.694,-1.06,2151698300.0,14028809000.0
1090,银行,2022-10-31,812.486,815.733,805.155,809.074,-0.69,2690315600.0,15978706000.0
1091,银行,2022-11-01,809.139,820.212,809.139,820.201,1.38,3464180900.0,19076266000.0
1092,银行,2022-11-02,816.899,819.873,811.701,817.781,-0.3,2480269400.0,15265053000.0
1093,银行,2022-11-03,814.169,814.542,809.077,812.196,-0.68,1495990200.0,9947556300.0
1094,银行,2022-11-04,811.397,827.197,811.397,825.96,1.69,2474387700.0,15776286000.0
1095,银行,2022-11-07,822.936,826.157,820.682,825.141,-0.1,1957938800.0,12232243400.0
1096,银行,2022-11-08,824.807,826.461,820.949,824.079,-0.13,1458767500.0,8749330200.0
1097,银行,2022-11-09,823.829,829.405,823.217,824.237,0.02,1260335270.0,8545599200.0
1098,银行,2022-11-10,821.002,826.836,817.92,825.736,0.18,1517919800.0,8676894000.0
1099,银行,2022-11-11,834.251,852.762,830.886,846.78,2.55,3391764300.0,25692161000.0
1100,银行,2022-11-14,851.865,866.016,851.849,856.016,1.09,3465796600.0,29747248000.0
1101,银行,2022-11-15,854.21,866.575,852.293,860.467,0.52,2172451300.0,16346377000.0
1102,银行,2022-11-16,858.631,858.83,851.968,852.838,-0.89,1643628800.0,11930875600.0
1103,银行,2022-11-17,851.614,852.118,847.649,851.086,-0.21,1541002300.0,11854387600.0
1104,银行,2022-11-18,852.772,853.053,844.639,846.164,-0.58,1730793000.0,11183383400.0
1105,银行,2022-11-21,843.372,845.364,838.078,843.956,-0.26,1508952200.0,10056007200.0
1106,银行,2022-11-22,844.56,861.021,844.56,856.676,1.51,2621201500.0,16408876000.0
1107,银行,2022-11-23,857.177,869.387,857.022,860.681,0.47,2861367500.0,16670927000.0
1108,银行,2022-11-24,863.989,866.965,858.731,860.766,0.01,1607995200.0,9858598200.0
1109,银行,2022-11-25,860.345,883.934,860.345,882.896,2.57,3765197700.0,22474152000.0
1110,银行,2022-11-28,872.601,872.601,860.005,868.461,-1.63,2865602000.0,17198893000.0
1111,银行,2022-11-29,873.938,905.351,873.938,898.887,3.5,5021386400.0,37224856000.0
1112,银行,2022-11-30,896.04,903.031,890.619,892.124,-0.75,3359832100.0,23154683000.0
1113,银行,2022-12-01,899.77,902.555,883.659,884.337,-0.87,2880715200.0,19395121000.0
1114,银行,2022-12-02,884.993,886.311,874.072,879.852,-0.51,2075113900.0,14869494000.0
1115,银行,2022-12-05,885.436,901.588,885.23,899.503,2.23,3236904800.0,22135147000.0
1116,银行,2022-12-06,897.085,900.898,893.264,898.712,-0.09,2412071800.0,15468399000.0
1117,银行,2022-12-07,897.09,899.45,888.394,890.445,-0.92,2330973400.0,15333022000.0
1118,银行,2022-12-08,890.832,903.52,890.52,899.099,0.97,2181657800.0,13462481000.0
1119,银行,2022-12-09,900.659,907.923,898.479,904.194,0.57,2975147000.0,20340843000.0
1120,银行,2022-12-12,900.643,901.492,887.45,887.932,-1.8,2341774200.0,15234017000.0
1121,银行,2022-12-13,888.404,896.994,888.404,894.191,0.7,1747668800.0,11290258000.0
1122,银行,2022-12-14,895.46,897.719,889.046,893.381,-0.09,1657531900.0,11520308300.0
1123,银行,2022-12-15,892.275,893.287,882.762,882.903,-1.17,1456034000.0,9741941000.0
1124,银行,2022-12-16,881.088,894.21,881.059,891.749,1.0,2006985700.0,13008996900.0
1125,银行,2022-12-19,891.251,894.824,872.989,875.44,-1.83,1869118300.0,12313149800.0
1126,银行,2022-12-20,874.078,878.48,863.289,865.743,-1.11,1761277700.0,12233075700.0
1127,银行,2022-12-21,867.874,874.579,866.025,868.74,0.35,1147963070.0,7481596100.0
1128,银行,2022-12-22,873.338,876.335,862.381,865.233,-0.4,1201486660.0,7826674700.0
1129,银行,2022-12-23,862.383,868.69,859.224,861.038,-0.48,1136209810.0,7269051200.0
1130,银行,2022-12-26,861.697,863.213,856.966,858.524,-0.29,1377346600.0,8952559200.0
1131,银行,2022-12-27,862.764,874.482,862.497,871.567,1.52,1634432900.0,10526189900.0
1132,银行,2022-12-28,871.51,884.185,869.812,879.607,0.92,1759954400.0,11644160000.0
1133,银行,2022-12-29,876.623,876.941,867.708,875.621,-0.45,1602506800.0,10516963300.0
1134,银行,2022-12-30,877.892,884.467,875.943,881.161,0.63,1911332400.0,11981930000.0
1135,银行,2023-01-03,881.336,885.523,873.96,884.366,0.36,2220197500.0,15901271000.0
1136,银行,2023-01-04,885.264,900.85,884.342,900.016,1.77,2810568100.0,20155347000.0
1137,银行,2023-01-05,902.629,904.373,895.695,897.818,-0.24,2039662700.0,14795123000.0
1138,银行,2023-01-06,898.595,899.55,891.582,894.443,-0.38,1824852100.0,13181563500.0
1139,银行,2023-01-09,896.681,897.654,891.895,893.393,-0.12,1538732000.0,11278514800.0
1140,银行,2023-01-10,893.708,893.708,884.894,885.24,-0.91,1591953700.0,11770875100.0
1141,银行,2023-01-11,886.258,892.676,885.662,889.736,0.51,1502662700.0,11537162900.0
1142,银行,2023-01-12,890.801,890.801,882.944,887.717,-0.23,1409496800.0,9191315300.0
1143,银行,2023-01-13,888.628,896.655,888.092,896.655,1.01,1624280200.0,11275604200.0
1144,银行,2023-01-16,899.039,909.971,895.508,898.751,0.23,2884168600.0,20107032000.0
1145,银行,2023-01-17,899.519,899.742,893.921,898.338,-0.05,1800901500.0,12603176500.0
1146,银行,2023-01-18,899.102,909.432,898.047,904.008,0.63,1862902500.0,11460729900.0
1147,银行,2023-01-19,902.705,905.554,897.761,905.189,0.13,1559303300.0,11416248100.0
1148,银行,2023-01-20,906.873,907.653,902.911,906.205,0.11,1673223600.0,11402108800.0
1149,银行,2023-01-30,914.515,914.72,903.13,903.375,-0.31,2474873400.0,18826212000.0
1150,银行,2023-01-31,904.09,907.894,898.971,899.163,-0.47,1822398300.0,14328012000.0
1151,银行,2023-02-01,900.94,901.132,893.984,899.753,0.07,2098057500.0,16890274000.0
1152,银行,2023-02-02,900.842,900.857,893.341,895.597,-0.46,1908361100.0,14666927000.0
1153,银行,2023-02-03,894.406,894.406,885.767,888.382,-0.81,1825500600.0,13017703000.0
1154,银行,2023-02-06,884.907,884.912,880.227,883.581,-0.54,1728960200.0,13529440000.0
1155,银行,2023-02-07,885.024,888.203,884.158,887.138,0.4,1380296700.0,10197198400.0
1156,银行,2023-02-08,887.941,888.476,882.79,883.226,-0.44,1313883550.0,8720197900.0
1157,银行,2023-02-09,882.519,890.944,882.103,889.535,0.71,1608417200.0,11593254400.0
1158,银行,2023-02-10,889.189,893.274,886.327,892.75,0.36,1528348500.0,10490009300.0
1159,银行,2023-02-13,892.561,892.59,884.854,888.794,-0.44,2298148500.0,18191329000.0
1160,银行,2023-02-14,890.033,895.107,889.589,892.2,0.38,1580157300.0,12041507000.0
1161,银行,2023-02-15,892.597,892.597,885.257,885.995,-0.7,1589224000.0,12491601800.0
1162,银行,2023-02-16,886.293,893.731,880.43,883.52,-0.28,2152325500.0,14946951000.0
1163,银行,2023-02-17,882.73,884.801,878.385,878.385,-0.58,1833846700.0,12867995800.0
1164,银行,2023-02-20,881.101,897.416,881.101,897.416,2.17,2669950100.0,21245500000.0
1165,银行,2023-02-21,897.334,899.888,893.526,899.796,0.27,1882053300.0,13273517300.0
1166,银行,2023-02-22,897.686,898.474,894.985,895.372,-0.49,1268935610.0,9057335700.0
1167,银行,2023-02-23,896.904,902.272,895.891,897.674,0.26,1646731000.0,10644429600.0
1168,银行,2023-02-24,898.33,898.331,891.046,893.425,-0.47,1496310500.0,10387902800.0
1169,银行,2023-02-27,891.802,893.949,888.549,889.109,-0.48,1378739300.0,9126954800.0
1170,银行,2023-02-28,890.348,892.404,886.485,892.19,0.35,1458909800.0,9787661900.0
1171,银行,2023-03-01,892.476,898.913,891.18,898.834,0.74,2124430600.0,14677396000.0
1172,银行,2023-03-02,898.396,902.858,896.739,901.3,0.27,1872368900.0,12188234000.0
1173,银行,2023-03-03,902.541,910.572,900.348,909.898,0.95,2981226300.0,16451707000.0
1174,银行,2023-03-06,910.111,912.12,899.4,900.177,-1.07,2821398400.0,19288286000.0
1175,银行,2023-03-07,900.528,921.201,899.361,904.646,0.5,5310482400.0,29769053000.0
1176,银行,2023-03-08,900.064,900.958,893.414,900.448,-0.46,2668211700.0,16826019000.0
1177,银行,2023-03-09,901.752,905.556,896.765,896.794,-0.41,2419319900.0,15220211000.0
1178,银行,2023-03-10,891.77,894.517,882.419,882.597,-1.58,2378125700.0,14646460000.0
1179,银行,2023-03-13,878.659,885.414,877.482,883.214,0.07,2137134600.0,13382800400.0
1180,银行,2023-03-14,878.293,880.636,870.475,872.688,-1.19,2195598200.0,13852349000.0
1181,银行,2023-03-15,879.716,884.224,877.925,882.327,1.1,2236174500.0,14233302000.0
1182,银行,2023-03-16,878.302,892.404,877.492,883.843,0.17,3816309300.0,19690483000.0
1183,银行,2023-03-17,887.589,891.665,881.992,883.915,0.01,3239867900.0,20138034000.0
1184,银行,2023-03-20,884.271,891.971,880.591,880.96,-0.33,3309495500.0,18606527000.0
1185,银行,2023-03-21,882.827,887.517,877.64,879.664,-0.15,2506491600.0,13822523000.0
1186,银行,2023-03-22,882.492,888.248,880.666,886.85,0.82,2102953900.0,13159939100.0
1187,银行,2023-03-23,884.822,890.77,882.933,890.034,0.36,2093255400.0,12897598900.0
1188,银行,2023-03-24,889.711,889.711,882.899,882.991,-0.79,2082873000.0,12609377400.0
1189,银行,2023-03-27,883.067,883.306,871.171,873.585,-1.07,2491366400.0,13699143000.0
1190,银行,2023-03-28,875.975,878.409,872.023,875.642,0.24,1817530200.0,11120727700.0
1191,银行,2023-03-29,877.727,878.773,871.13,871.823,-0.44,1829384300.0,10394049200.0
1192,银行,2023-03-30,874.015,877.797,868.926,876.958,0.59,2210395800.0,13568697000.0
1193,银行,2023-03-31,876.629,880.484,871.132,872.092,-0.55,2345570600.0,14518629000.0
1194,银行,2023-04-03,872.289,876.077,870.644,874.866,0.32,2133999600.0,12888246000.0
1195,银行,2023-04-04,874.938,878.25,873.178,878.127,0.37,2404822400.0,13847470000.0
1196,银行,2023-04-06,876.607,876.607,872.058,873.6,-0.52,1832454300.0,11057275600.0
1197,银行,2023-04-07,874.182,875.734,872.498,874.584,0.11,1393384900.0,9154321000.0
1198,银行,2023-04-10,874.784,875.294,871.712,874.049,-0.06,1883552200.0,11147088300.0
1199,银行,2023-04-11,874.565,874.565,869.82,872.319,-0.2,2009094300.0,12909303100.0
1200,银行,2023-04-12,873.193,879.215,871.837,876.727,0.51,2622551400.0,14808574000.0
1201,银行,2023-04-13,876.064,886.606,874.012,883.708,0.8,2510357100.0,16383049000.0
1202,银行,2023-04-14,884.347,889.439,882.49,887.107,0.38,1966490400.0,14298474000.0
1203,银行,2023-04-17,886.174,901.736,885.442,901.616,1.64,3414816200.0,22168469000.0
1204,银行,2023-04-18,901.435,914.118,901.435,911.246,1.07,3851381000.0,25816946000.0
1205,银行,2023-04-19,912.553,918.699,907.165,911.662,0.05,3151585700.0,19658032000.0
1206,银行,2023-04-20,912.156,914.681,902.122,911.932,0.03,2910115000.0,18042751000.0
1207,银行,2023-04-21,911.612,916.13,900.559,900.912,-1.21,3081554100.0,18538026000.0
1208,银行,2023-04-24,901.292,906.51,896.098,897.906,-0.33,3011399000.0,20028347000.0
1209,银行,2023-04-25,898.536,915.134,898.536,914.258,1.82,4076300100.0,24784075000.0
1210,银行,2023-04-26,910.787,910.787,894.405,906.966,-0.8,3843511400.0,22774600000.0
1211,银行,2023-04-27,905.077,912.846,902.786,912.324,0.59,2920589600.0,21407856000.0
1212,银行,2023-04-28,912.584,923.178,910.266,918.27,0.65,3342425100.0,23712576000.0
1213,银行,2023-05-04,912.261,945.337,909.023,944.73,2.88,6781958200.0,40259915000.0
1214,银行,2023-05-05,945.316,963.325,944.679,949.565,0.51,6478148800.0,38894754000.0
1215,银行,2023-05-08,951.52,995.743,949.559,987.562,4.0,10101473400.0,60939449000.0
1216,银行,2023-05-09,998.316,1010.969,980.938,985.021,-0.26,9932517000.0,58962580000.0
1217,银行,2023-05-10,981.221,982.83,950.993,955.734,-2.97,7574769900.0,41483540000.0
1218,银行,2023-05-11,955.955,965.03,948.82,952.365,-0.35,4287681000.0,23866330000.0
1219,银行,2023-05-12,950.595,955.788,944.455,945.444,-0.73,3677849700.0,20944070000.0
1220,银行,2023-05-15,943.724,952.593,927.095,951.652,0.66,5123124600.0,27513564000.0
1221,银行,2023-05-16,950.969,961.939,943.772,946.207,-0.57,3918772300.0,22152179000.0
1222,银行,2023-05-17,943.639,949.065,937.15,941.312,-0.52,2609668900.0,15484474000.0
1223,银行,2023-05-18,944.108,957.174,944.108,948.858,0.8,3811725300.0,21474818000.0
1224,银行,2023-05-19,947.142,947.142,935.123,935.123,-1.45,2837688100.0,16224762000.0
1225,银行,2023-05-22,934.055,940.829,933.049,935.119,0.0,2462527100.0,14020658000.0
1226,银行,2023-05-23,935.101,939.747,920.11,920.11,-1.61,3223621000.0,18007482000.0
1227,银行,2023-05-24,919.683,919.683,902.927,902.927,-1.87,4078384900.0,22624453000.0
1228,银行,2023-05-25,900.823,902.894,893.68,900.072,-0.32,2800149600.0,16831449000.0
1229,银行,2023-05-26,899.834,907.298,895.713,904.989,0.55,2016820700.0,11402872900.0
1230,银行,2023-05-29,905.356,910.462,901.035,904.869,-0.01,2635634100.0,15431916000.0
1231,银行,2023-05-30,903.958,905.758,895.064,902.879,-0.22,2359017900.0,13618995000.0
1232,银行,2023-05-31,900.96,901.042,895.43,898.504,-0.48,2203735500.0,13333159700.0
1233,银行,2023-06-01,897.181,902.647,891.712,896.191,-0.26,2486212200.0,14153733000.0
1234,银行,2023-06-02,896.734,905.379,896.734,904.562,0.93,2178196100.0,14047765000.0
1235,银行,2023-06-05,904.555,913.892,902.029,909.489,0.54,2220440900.0,12212867300.0
1236,银行,2023-06-06,908.544,918.728,903.185,904.428,-0.56,2586007800.0,15009185000.0
1237,银行,2023-06-07,906.577,916.385,906.577,912.609,0.9,2099469100.0,12148488400.0
1238,银行,2023-06-08,913.927,929.796,910.01,928.858,1.78,3098478900.0,18024604000.0
1239,银行,2023-06-09,927.781,928.388,923.434,924.186,-0.5,2535325700.0,15270056000.0
1240,银行,2023-06-12,922.709,922.709,911.124,911.825,-1.34,3021733000.0,16058915000.0
1241,银行,2023-06-13,911.262,915.884,909.395,912.322,0.05,1957363800.0,10927245300.0
1242,银行,2023-06-14,913.184,914.689,899.968,899.968,-1.35,3027797000.0,17001143000.0
1243,银行,2023-06-15,902.178,905.345,897.211,902.848,0.32,1998706300.0,12202278600.0
1244,银行,2023-06-16,903.693,904.753,898.358,898.394,-0.49,2167320300.0,13451017000.0
1245,银行,2023-06-19,898.535,898.535,887.844,888.485,-1.1,2545160600.0,14502336000.0
1246,银行,2023-06-20,888.79,888.79,882.88,882.918,-0.63,1870894800.0,10700145800.0
1247,银行,2023-06-21,882.848,890.536,880.391,880.391,-0.29,2134627600.0,12294848700.0
1248,银行,2023-06-26,878.918,878.918,867.889,869.494,-1.24,2394203200.0,13527738000.0
1249,银行,2023-06-27,868.929,880.696,868.372,878.495,1.04,2169595200.0,11208614400.0
1250,银行,2023-06-28,879.252,882.209,875.027,879.363,0.1,1787249700.0,9601790500.0
1251,银行,2023-06-29,878.97,879.356,874.744,875.571,-0.43,1624356100.0,8772313500.0
1252,银行,2023-06-30,875.731,885.6,875.731,883.566,0.91,1807583200.0,9808639200.0
1253,银行,2023-07-03,885.469,897.675,884.608,896.398,1.45,2393611500.0,13668214000.0
1254,银行,2023-07-04,895.372,895.372,887.273,889.525,-0.77,1933130300.0,10603281100.0
1255,银行,2023-07-05,889.286,890.024,884.556,887.445,-0.23,1418502400.0,8659299900.0
1256,银行,2023-07-06,885.99,887.718,879.397,880.592,-0.77,1993143800.0,10985258300.0
1257,银行,2023-07-07,879.781,886.198,878.903,883.908,0.38,1574264400.0,9052318000.0
1258,银行,2023-07-10,885.385,886.794,882.095,883.804,-0.01,1328565980.0,7711045800.0
1259,银行,2023-07-11,885.729,889.606,884.134,889.215,0.61,1530873200.0,9219288500.0
1260,银行,2023-07-12,889.792,895.557,889.176,889.585,0.04,1801521100.0,12219949000.0
1261,银行,2023-07-13,892.255,901.925,892.222,901.41,1.33,2240120000.0,13764718000.0
1262,银行,2023-07-14,901.879,905.089,899.4,902.067,0.07,2111399600.0,12147620300.0
1263,银行,2023-07-17,900.786,900.786,895.1,898.874,-0.35,1865501400.0,10210794000.0
1264,银行,2023-07-18,899.838,899.838,895.126,897.522,-0.15,1862388100.0,9671333300.0
1265,银行,2023-07-19,897.585,901.858,896.287,901.858,0.48,1534811900.0,8524806600.0
1266,银行,2023-07-20,902.77,906.526,899.74,900.889,-0.11,1601115800.0,9502616800.0
1267,银行,2023-07-21,900.042,905.174,899.769,903.618,0.3,1296338210.0,7737899700.0
1268,银行,2023-07-24,901.378,905.308,899.095,903.267,-0.04,1368261600.0,7528665000.0
1269,银行,2023-07-25,909.784,924.14,909.784,923.425,2.23,3117219600.0,21648030000.0
1270,银行,2023-07-26,921.741,924.949,918.366,922.599,-0.09,1664472400.0,10358973500.0
1271,银行,2023-07-27,923.225,936.784,922.255,929.914,0.79,2615808600.0,14984363000.0
1272,银行,2023-07-28,927.14,962.553,926.465,960.632,3.3,4540592200.0,28603124000.0
1273,银行,2023-07-31,963.03,976.753,963.03,972.203,1.2,4921016600.0,29896073000.0
1274,银行,2023-08-01,967.303,974.596,964.109,968.499,-0.38,3044600900.0,17915262000.0
1275,银行,2023-08-02,962.321,967.365,951.942,955.418,-1.35,3693072800.0,22045854000.0
1276,银行,2023-08-03,956.915,969.418,950.893,967.417,1.26,3097523000.0,17883283000.0
1277,银行,2023-08-04,972.513,986.062,966.179,973.226,0.6,4021568900.0,23150826000.0
1278,银行,2023-08-07,967.415,967.415,958.933,961.432,-1.21,2578147600.0,14085502000.0
1279,银行,2023-08-08,960.513,963.799,954.868,958.273,-0.33,1999016200.0,12044009700.0
1280,银行,2023-08-09,956.508,962.734,955.867,959.695,0.15,1654193800.0,9937718600.0
1281,银行,2023-08-10,957.35,961.048,952.375,958.764,-0.1,1641672400.0,9548388100.0
1282,银行,2023-08-11,959.3,960.553,941.905,941.905,-1.76,2391215600.0,14148854000.0
1283,银行,2023-08-14,935.739,935.739,927.365,930.811,-1.18,2249918100.0,13678667000.0
1284,银行,2023-08-15,931.564,943.867,930.846,941.581,1.16,2444863600.0,13736567000.0
1285,银行,2023-08-16,938.661,947.801,934.182,943.365,0.19,1813946000.0,10922994500.0
1286,银行,2023-08-17,941.779,942.904,928.533,935.041,-0.88,2266723000.0,13836529000.0
1287,银行,2023-08-18,934.308,950.054,934.308,940.838,0.62,2603246400.0,15698659000.0
1288,银行,2023-08-21,942.485,942.485,928.246,928.246,-1.34,2226279500.0,13805342000.0
1289,银行,2023-08-22,930.724,938.498,929.908,937.747,1.02,2275293600.0,13274433000.0
1290,银行,2023-08-23,936.853,945.391,935.628,936.672,-0.11,2305136100.0,13110217000.0
1291,银行,2023-08-24,937.307,939.607,926.975,928.297,-0.89,2255297400.0,12815401000.0
1292,银行,2023-08-25,926.86,942.472,926.857,936.765,0.91,2259850800.0,14006440000.0
1293,银行,2023-08-28,982.507,982.569,948.802,951.565,1.58,4485395000.0,28967303000.0
1294,银行,2023-08-29,950.031,950.698,927.642,935.612,-1.68,3867948900.0,22257807000.0
1295,银行,2023-08-30,933.771,933.771,919.529,919.529,-1.72,2846913900.0,17491009000.0
1296,银行,2023-08-31,919.943,927.108,915.833,916.035,-0.38,2491923000.0,14849317000.0
1297,银行,2023-09-01,918.63,929.936,918.63,925.193,1.0,2439044400.0,15977544000.0
1298,银行,2023-09-04,927.673,945.974,927.673,942.526,1.87,3313900000.0,22566751000.0
1299,银行,2023-09-05,940.554,940.554,928.484,928.907,-1.44,2192431500.0,14043974000.0
1300,银行,2023-09-06,927.863,932.39,925.631,930.878,0.21,1625130800.0,10678650400.0
1301,银行,2023-09-07,930.23,935.316,927.598,928.373,-0.27,1965778400.0,11195529200.0
1302,银行,2023-09-08,927.074,928.779,924.544,926.493,-0.2,1299867210.0,7773311400.0
1303,银行,2023-09-11,927.783,934.546,927.149,931.36,0.53,2129987600.0,13256461100.0
1304,银行,2023-09-12,930.671,930.989,927.373,928.639,-0.29,1350284200.0,8252910300.0
1305,银行,2023-09-13,930.459,933.024,926.542,928.831,0.02,1655090500.0,9497118900.0
1306,银行,2023-09-14,930.069,938.302,928.892,937.7,0.95,2873590400.0,15707045000.0
1307,银行,2023-09-15,940.291,946.95,933.991,936.683,-0.11,2810518400.0,16281525000.0
1308,银行,2023-09-18,935.968,937.883,929.284,936.996,0.03,1990879100.0,11298054900.0
1309,银行,2023-09-19,935.338,943.742,934.569,942.184,0.55,2371657900.0,13632386000.0
1310,银行,2023-09-20,942.567,950.446,939.764,948.452,0.67,2707408100.0,14556810000.0
1311,银行,2023-09-21,949.009,951.138,940.968,944.046,-0.46,2324346100.0,13339040200.0
1312,银行,2023-09-22,944.159,951.995,938.625,950.207,0.65,2812126800.0,16986193000.0
1313,银行,2023-09-25,948.598,954.763,945.258,951.253,0.11,2561372300.0,14801031000.0
1314,银行,2023-09-26,951.37,954.8,946.576,946.735,-0.47,1912901300.0,10835008700.0
1315,银行,2023-09-27,948.705,950.196,940.166,940.682,-0.64,2034320900.0,11677159000.0
1316,银行,2023-09-28,942.659,945.429,940.418,940.705,0.0,1702089500.0,10369932700.0
1317,银行,2023-10-09,936.721,936.721,927.85,934.424,-0.67,2291752900.0,12824373600.0
1318,银行,2023-10-10,936.515,939.483,930.433,930.433,-0.43,1923231700.0,10918817900.0
1319,银行,2023-10-11,932.589,934.737,925.922,926.835,-0.39,2344109500.0,13224708500.0
1320,银行,2023-10-12,940.229,945.182,936.436,939.617,1.38,4118094200.0,23998149000.0
1321,银行,2023-10-13,933.417,945.46,930.733,940.525,0.1,3321564600.0,18376352000.0
1322,银行,2023-10-16,940.002,941.98,934.303,940.568,0.0,2290734400.0,12639484600.0
1323,银行,2023-10-17,940.928,946.685,939.255,945.31,0.5,1876650000.0,10694947200.0
1324,银行,2023-10-18,944.083,949.761,939.023,939.87,-0.58,2243288000.0,12633890800.0
1325,银行,2023-10-19,937.556,937.556,919.643,919.753,-2.14,3203223600.0,18558387000.0
1326,银行,2023-10-20,917.502,925.454,913.253,919.902,0.02,2308057900.0,12910005500.0
1327,银行,2023-10-23,916.879,920.221,904.79,908.29,-1.26,2185254300.0,12177677100.0
1328,银行,2023-10-24,910.882,911.185,900.707,905.711,-0.28,2735497500.0,14957332000.0
1329,银行,2023-10-25,910.289,911.914,903.669,909.209,0.39,2609258500.0,15054341000.0
1330,银行,2023-10-26,906.432,917.442,905.346,915.898,0.74,2201061000.0,12204406700.0
1331,银行,2023-10-27,913.608,917.437,908.574,913.96,-0.21,2659000700.0,15421314000.0
1332,银行,2023-10-30,911.121,911.121,897.497,900.467,-1.48,3840735000.0,21864305000.0
1333,银行,2023-10-31,899.791,905.667,897.066,904.07,0.4,2704380200.0,16904091000.0
1334,银行,2023-11-01,905.71,905.731,898.953,901.454,-0.29,2302512900.0,13568418000.0
1335,银行,2023-11-02,902.124,909.742,901.796,904.979,0.39,2102522700.0,11891314400.0
1336,银行,2023-11-03,905.39,907.004,901.18,901.713,-0.36,2022473000.0,11578409900.0
1337,银行,2023-11-06,903.621,904.795,900.007,903.02,0.14,2862017100.0,16208708000.0
1338,银行,2023-11-07,901.75,903.528,898.395,901.716,-0.14,1994048100.0,11694055600.0
1339,银行,2023-11-08,900.327,901.758,893.186,896.101,-0.62,2006041500.0,11534025800.0
1340,银行,2023-11-09,894.964,900.414,894.415,898.725,0.29,2045905200.0,11485297400.0
1341,银行,2023-11-10,897.293,900.04,891.303,892.327,-0.71,2086179600.0,12753972900.0
1342,银行,2023-11-13,892.702,893.359,885.6,890.208,-0.24,1794885300.0,11365079800.0
1343,银行,2023-11-14,889.808,894.286,889.715,892.791,0.29,1875439800.0,11493759800.0
1344,银行,2023-11-15,896.891,897.968,893.196,894.952,0.24,1844045800.0,11567916200.0
1345,银行,2023-11-16,894.558,896.259,891.892,892.808,-0.24,1724612500.0,9727181100.0
1346,银行,2023-11-17,891.903,892.119,886.191,888.064,-0.53,1642299800.0,10102019600.0
1347,银行,2023-11-20,888.823,892.206,885.625,891.273,0.36,1605563300.0,9485168000.0
1348,银行,2023-11-21,892.45,898.32,892.45,894.125,0.32,2044712700.0,11994200700.0
1349,银行,2023-11-22,892.835,896.232,891.076,891.076,-0.34,1467451300.0,8592383200.0
1350,银行,2023-11-23,891.083,893.684,888.815,893.247,0.24,1444836400.0,8644759600.0
1351,银行,2023-11-24,892.747,896.445,891.778,894.657,0.16,1741513600.0,9699494000.0
1352,银行,2023-11-27,894.806,894.806,885.264,889.252,-0.6,2268094900.0,13185751100.0
1353,银行,2023-11-28,889.207,889.539,884.256,885.7,-0.4,1660465700.0,10355183100.0
1354,银行,2023-11-29,885.328,885.756,874.153,875.142,-1.19,2250510000.0,14653204000.0
1355,银行,2023-11-30,875.268,880.626,874.815,878.185,0.35,2139868100.0,12928858900.0
1356,银行,2023-12-01,878.306,882.873,876.384,880.737,0.29,2237797800.0,13842313000.0
1357,银行,2023-12-04,880.666,882.351,878.229,879.369,-0.16,1744667200.0,10934121800.0
1358,银行,2023-12-05,878.89,878.89,867.845,867.845,-1.31,2056076900.0,12866549400.0
1359,银行,2023-12-06,867.447,868.955,859.265,865.235,-0.3,2506662300.0,14082808000.0
1360,银行,2023-12-07,865.072,870.073,859.731,867.78,0.29,2300484500.0,12983028400.0
1361,银行,2023-12-08,867.323,872.868,865.602,866.827,-0.11,3067610200.0,15895386000.0
1362,银行,2023-12-11,864.282,872.087,853.604,871.433,0.53,3030162700.0,16601441000.0
1363,银行,2023-12-12,869.548,878.905,867.36,878.638,0.83,2393093200.0,13508245000.0
1364,银行,2023-12-13,877.411,878.569,870.781,870.877,-0.88,1945088500.0,12217424500.0
1365,银行,2023-12-14,873.374,874.698,868.255,868.377,-0.29,1451935900.0,8653108200.0
1366,银行,2023-12-15,869.869,874.145,863.979,864.429,-0.45,2051840100.0,12953810100.0
1367,银行,2023-12-18,863.178,868.449,859.406,862.947,-0.17,2068982500.0,11300583500.0
1368,银行,2023-12-19,862.529,863.508,857.307,860.573,-0.28,1669630100.0,9265897200.0
1369,银行,2023-12-20,861.344,866.151,858.477,858.477,-0.24,1918621100.0,10677373000.0
1370,银行,2023-12-21,857.386,859.721,850.855,858.909,0.05,2286936700.0,13219048700.0
1371,银行,2023-12-22,859.436,862.983,855.452,858.538,-0.04,2067848900.0,12350841100.0
1372,银行,2023-12-25,857.935,858.515,854.75,857.062,-0.17,1353147600.0,7694411800.0
1373,银行,2023-12-26,856.517,858.644,854.484,854.977,-0.24,1484722100.0,8418686000.0
1374,银行,2023-12-27,854.628,860.863,850.684,860.052,0.59,1951771800.0,10889434700.0
1375,银行,2023-12-28,859.39,869.454,858.787,868.279,0.96,3198624400.0,19301607000.0
1376,银行,2023-12-29,867.357,870.724,866.549,870.407,0.25,2023876100.0,12367512400.0
1377,银行,2024-01-02,869.532,873.739,867.443,868.089,-0.27,2294822100.0,13962193000.0
1378,银行,2024-01-03,867.644,873.702,867.444,872.762,0.54,2348643200.0,13155669900.0
1379,银行,2024-01-04,872.353,875.739,867.233,873.703,0.11,2462701100.0,14421046000.0
1380,银行,2024-01-05,873.359,896.579,871.153,887.322,1.56,4223310100.0,25368967000.0
1381,银行,2024-01-08,883.954,888.099,874.937,876.316,-1.24,3019117700.0,17656683000.0
1382,银行,2024-01-09,875.744,883.902,869.527,882.474,0.7,2518388700.0,14397040000.0
1383,银行,2024-01-10,880.556,884.181,878.259,878.423,-0.46,2016262500.0,11797168300.0
1384,银行,2024-01-11,877.1,884.108,874.079,878.481,0.01,2576364400.0,15139426000.0
1385,银行,2024-01-12,877.195,894.565,877.195,887.149,0.99,2344010300.0,13452747000.0
1386,银行,2024-01-15,886.622,895.065,885.515,893.013,0.66,2002674100.0,11684590000.0
1387,银行,2024-01-16,891.469,904.458,890.829,904.269,1.26,3311621800.0,19634377000.0
1388,银行,2024-01-17,903.052,909.623,895.987,895.987,-0.92,3397352800.0,21752104000.0
1389,银行,2024-01-18,892.269,894.836,871.279,892.892,-0.35,4852118800.0,27938006000.0
1390,银行,2024-01-19,890.036,894.325,884.677,889.627,-0.37,2976522100.0,17871822000.0
1391,银行,2024-01-22,889.878,895.729,872.995,877.762,-1.33,4223874900.0,26450172000.0
1392,银行,2024-01-23,875.047,884.796,867.223,880.204,0.28,3002166100.0,17716202000.0
1393,银行,2024-01-24,882.714,898.236,877.399,897.654,1.98,3582807500.0,21035354000.0
1394,银行,2024-01-25,898.151,910.77,897.977,910.578,1.44,3823618700.0,24700670000.0
1395,银行,2024-01-26,913.796,934.003,913.796,929.469,2.07,4610790100.0,27981033000.0
1396,银行,2024-01-29,933.322,943.788,928.304,932.651,0.34,4741327500.0,28444719000.0
1397,银行,2024-01-30,927.416,936.393,919.192,920.088,-1.35,3409228900.0,20785198000.0
1398,银行,2024-01-31,917.383,926.421,910.897,918.321,-0.19,3398699600.0,20453728000.0
1399,银行,2024-02-01,915.382,919.866,907.083,911.256,-0.77,3148454300.0,19164013000.0
1400,银行,2024-02-02,911.613,921.69,891.638,907.76,-0.38,4289909600.0,25531737000.0
1401,银行,2024-02-05,904.828,916.791,892.874,908.502,0.08,5496858800.0,32490611000.0
1402,银行,2024-02-06,905.161,930.032,904.362,928.066,2.15,5297984900.0,31446954000.0
1403,银行,2024-02-07,926.768,933.111,917.167,932.864,0.52,6554499300.0,38529184000.0
1404,银行,2024-02-08,929.283,933.487,923.297,928.341,-0.48,5193063000.0,30682120000.0
1405,银行,2024-02-19,931.317,940.701,922.992,940.689,1.33,4661680900.0,27873810000.0
1406,银行,2024-02-20,938.778,949.223,933.883,947.777,0.75,3279200400.0,19815356000.0
1407,银行,2024-02-21,945.31,981.381,943.986,968.615,2.2,5001536900.0,35109533000.0
1408,银行,2024-02-22,965.181,970.196,958.838,969.867,0.13,3201787300.0,22770235000.0
1409,银行,2024-02-23,969.638,986.65,969.374,973.445,0.37,3582889500.0,24187365000.0
1410,银行,2024-02-26,971.518,971.518,949.246,950.538,-2.35,3644877600.0,23451151000.0
1411,银行,2024-02-27,948.211,957.36,946.041,952.596,0.22,2672875700.0,17300555000.0
1412,银行,2024-02-28,951.518,960.084,946.484,949.76,-0.3,3717011400.0,23173215000.0
1413,银行,2024-02-29,946.82,956.38,946.82,956.38,0.7,2859962500.0,17763790000.0
1414,银行,2024-03-01,954.244,954.881,949.134,953.417,-0.31,2741244900.0,16937063000.0
1415,银行,2024-03-04,950.963,951.13,942.214,944.432,-0.94,2827602900.0,17959681000.0
1416,银行,2024-03-05,942.201,959.059,941.903,957.76,1.41,3477795500.0,22996515000.0
1417,银行,2024-03-06,956.91,961.381,951.54,951.655,-0.64,2703254900.0,17052497000.0
1418,银行,2024-03-07,950.929,962.534,950.929,954.93,0.34,2506919700.0,15996331000.0
1419,银行,2024-03-08,954.217,958.587,951.397,955.985,0.11,2109383600.0,13066828200.0
1420,银行,2024-03-11,955.56,958.692,948.599,955.52,-0.05,2358983900.0,15322187000.0
1421,银行,2024-03-12,954.393,954.393,944.548,945.821,-1.02,3344541100.0,21264122000.0
1422,银行,2024-03-13,945.007,945.007,936.301,938.445,-0.78,2512851800.0,15769174000.0
1423,银行,2024-03-14,937.031,944.286,935.525,937.531,-0.1,2135966100.0,13588640000.0
1424,银行,2024-03-15,940.596,945.927,940.451,945.869,0.89,2841235200.0,18502565000.0
1425,银行,2024-03-18,945.088,947.146,941.314,946.155,0.03,2320801400.0,14253037000.0
1426,银行,2024-03-19,945.033,945.033,937.726,938.06,-0.86,2239792600.0,13824751000.0
1427,银行,2024-03-20,937.645,946.356,934.468,944.661,0.7,2185448400.0,13116685400.0
1428,银行,2024-03-21,944.49,952.488,942.751,950.621,0.63,2302047800.0,14587044000.0
1429,银行,2024-03-22,949.918,950.195,938.032,943.747,-0.72,2511403000.0,15518984000.0
1430,银行,2024-03-25,942.258,953.618,941.713,947.457,0.39,2489790300.0,15199578000.0
1431,银行,2024-03-26,949.298,958.898,949.298,958.898,1.21,2849567700.0,19904031000.0
1432,银行,2024-03-27,958.135,968.311,957.272,961.031,0.22,3074320200.0,19962236000.0
1433,银行,2024-03-28,958.545,958.587,946.312,949.105,-1.24,3957712200.0,22803064000.0
1434,银行,2024-03-29,945.354,953.602,944.724,951.193,0.22,2826124900.0,16873655000.0
1435,银行,2024-04-01,951.588,962.168,951.588,961.998,1.14,2842537800.0,18038156000.0
1436,银行,2024-04-02,961.706,970.048,961.066,964.807,0.29,2892338900.0,18219423000.0
1437,银行,2024-04-03,963.922,966.706,956.996,962.091,-0.28,2173206700.0,14204652000.0
1438,银行,2024-04-08,960.728,970.091,956.435,965.791,0.38,2751457400.0,16663841000.0
1439,银行,2024-04-09,965.891,972.008,962.197,964.415,-0.14,2553272700.0,15238676000.0
1440,银行,2024-04-10,963.511,969.569,958.442,961.584,-0.29,2500309200.0,16431968000.0
1441,银行,2024-04-11,958.651,964.564,953.36,960.993,-0.06,2122729700.0,13467578000.0
1442,银行,2024-04-12,959.501,964.165,953.171,954.202,-0.71,2475955700.0,15646341000.0
1443,银行,2024-04-15,955.322,971.672,951.428,970.249,1.68,3526310200.0,22011716000.0
1444,银行,2024-04-16,968.779,973.319,960.3,964.492,-0.59,3711143900.0,23224231000.0
1445,银行,2024-04-17,963.35,985.343,958.725,985.343,2.16,4020129500.0,26288534000.0
1446,银行,2024-04-18,983.547,1008.835,983.547,996.134,1.1,4716639300.0,31773848000.0
1447,银行,2024-04-19,991.594,1001.16,991.138,993.423,-0.27,2858274300.0,18797685000.0
1448,银行,2024-04-22,996.248,1003.919,982.202,986.163,-0.73,3260102000.0,21674754000.0
1449,银行,2024-04-23,986.585,993.868,981.447,983.91,-0.23,2879583700.0,18830971000.0
1450,银行,2024-04-24,983.293,985.249,975.753,979.486,-0.45,2332242700.0,15087341000.0
1451,银行,2024-04-25,978.347,993.369,977.361,993.168,1.4,2570432000.0,18567490000.0
1452,银行,2024-04-26,988.961,989.924,968.543,976.606,-1.67,4989711800.0,33517749000.0
1453,银行,2024-04-29,974.502,994.489,971.459,991.958,1.57,4463243800.0,30702201000.0
1454,银行,2024-04-30,991.904,1006.169,991.867,998.879,0.7,3407922000.0,23353081000.0
1455,银行,2024-05-06,1006.319,1009.326,996.387,998.596,-0.03,4117434700.0,27653453000.0
1456,银行,2024-05-07,999.115,999.115,989.117,996.67,-0.19,3150751500.0,19771218000.0
1457,银行,2024-05-08,995.496,1002.416,994.798,995.625,-0.1,2713807300.0,17529774000.0
1458,银行,2024-05-09,995.614,1004.569,995.614,1001.245,0.56,2624222000.0,17135815000.0
1459,银行,2024-05-10,1002.311,1013.056,1001.593,1011.175,0.99,3030906200.0,22005098000.0
1460,银行,2024-05-13,1009.752,1022.421,1004.372,1020.869,0.96,2986297900.0,20564645000.0
1461,银行,2024-05-14,1020.966,1025.9,1015.683,1017.446,-0.34,2590876000.0,17723746000.0
1462,银行,2024-05-15,1017.177,1024.818,1013.236,1019.79,0.23,2040699900.0,14783384000.0
1463,银行,2024-05-16,1020.366,1039.478,1018.918,1035.894,1.58,3756022400.0,28176666000.0
1464,银行,2024-05-17,1036.521,1047.953,1031.606,1047.953,1.16,3548363400.0,25055102000.0
1465,银行,2024-05-20,1047.584,1055.045,1036.221,1040.782,-0.68,3709705100.0,25841081000.0
1466,银行,2024-05-21,1039.107,1055.348,1037.804,1052.378,1.11,2966443100.0,19855151000.0
1467,银行,2024-05-22,1052.201,1067.539,1051.724,1060.98,0.82,3404700900.0,23289507000.0
1468,银行,2024-05-23,1058.902,1065.0,1052.012,1054.915,-0.57,2931008400.0,20667992000.0
1469,银行,2024-05-24,1052.915,1064.982,1049.195,1050.302,-0.44,2722634200.0,19670336000.0
1470,银行,2024-05-27,1051.29,1063.046,1051.29,1062.691,1.18,2858890300.0,19908630000.0
1471,银行,2024-05-28,1062.233,1067.405,1052.594,1055.052,-0.72,2424411300.0,16528318000.0
1472,银行,2024-05-29,1053.439,1060.471,1043.542,1046.877,-0.77,2833299000.0,18783675000.0
1473,银行,2024-05-30,1045.222,1052.15,1034.867,1037.917,-0.86,2706783400.0,18447439000.0
1474,银行,2024-05-31,1038.768,1046.039,1037.033,1041.465,0.34,2305186100.0,15877326000.0
1475,银行,2024-06-03,1040.518,1040.518,1018.135,1024.325,-1.65,3651723400.0,24397146000.0
1476,银行,2024-06-04,1023.712,1031.832,1020.841,1030.193,0.57,2439805800.0,16791295000.0
1477,银行,2024-06-05,1030.026,1031.482,1013.864,1015.026,-1.47,2472068900.0,17256350000.0
1478,银行,2024-06-06,1015.374,1017.671,1008.205,1010.522,-0.44,2721484200.0,17895454000.0
1479,银行,2024-06-07,1012.758,1020.819,1011.539,1020.353,0.97,2967630300.0,19293089000.0
1480,银行,2024-06-11,1018.996,1021.826,1001.604,1003.105,-1.69,3307410400.0,21228618000.0
1481,银行,2024-06-12,1002.546,1002.546,990.366,1001.062,-0.2,2998940700.0,18947515000.0
1482,银行,2024-06-13,1002.215,1004.058,988.242,990.299,-1.08,2629784100.0,17085249000.0
1483,银行,2024-06-14,990.831,1001.885,987.041,998.226,0.8,4133723900.0,27875830000.0
1484,银行,2024-06-17,995.618,1000.902,986.957,989.037,-0.92,2956454500.0,18307103000.0
1485,银行,2024-06-18,989.372,996.571,982.818,993.724,0.47,2257093000.0,14065898000.0
1486,银行,2024-06-19,994.012,1005.481,993.9,1000.868,0.72,2421900600.0,16033793000.0
1487,银行,2024-06-20,1000.783,1003.533,990.522,992.245,-0.86,2130850100.0,13267212800.0
1488,银行,2024-06-21,992.222,998.209,990.222,992.106,-0.01,2426621000.0,15313647000.0
1489,银行,2024-06-24,991.156,991.156,978.511,984.183,-0.8,2802237600.0,17819777000.0
1490,银行,2024-06-25,984.397,994.945,984.337,990.655,0.66,2672373200.0,17322966000.0
1491,银行,2024-06-26,989.73,996.808,989.343,995.609,0.5,2349834100.0,14722836000.0
1492,银行,2024-06-27,994.919,1010.353,993.162,1004.505,0.89,3086180500.0,19769711000.0
1493,银行,2024-06-28,1005.03,1020.568,1001.131,1014.2,0.97,2862186400.0,18358162000.0
1494,银行,2024-07-01,1013.587,1030.421,1013.587,1029.335,1.49,2762860000.0,18335706000.0
1495,银行,2024-07-02,1028.604,1046.279,1028.553,1045.521,1.57,3349785500.0,22330218000.0
1496,银行,2024-07-03,1044.987,1049.251,1034.143,1038.405,-0.68,2707543700.0,17772017000.0
1497,银行,2024-07-04,1037.858,1042.298,1030.868,1032.291,-0.59,2522218600.0,17030676000.0
1498,银行,2024-07-05,1034.035,1036.03,1008.052,1013.145,-1.85,3322653300.0,23270892000.0
1499,银行,2024-07-08,1012.285,1020.871,1007.583,1012.516,-0.06,2690496100.0,17920850000.0
1500,银行,2024-07-09,1012.694,1028.47,1009.267,1027.319,1.46,2766394800.0,18555216000.0
1501,银行,2024-07-10,1026.907,1032.0,1022.929,1024.958,-0.23,2424267100.0,16793327000.0
1502,银行,2024-07-11,1030.586,1031.415,1014.34,1018.668,-0.61,2849814400.0,18709504000.0
1503,银行,2024-07-12,1018.814,1036.747,1018.433,1035.933,1.69,3097008200.0,21459905000.0
1504,银行,2024-07-15,1036.108,1044.895,1032.652,1043.615,0.74,2792608100.0,18167353000.0
1505,银行,2024-07-16,1044.574,1050.336,1032.93,1038.11,-0.53,2970600200.0,18707262000.0
1506,银行,2024-07-17,1037.536,1045.603,1035.202,1043.142,0.48,2680106800.0,18460492000.0
1507,银行,2024-07-18,1042.534,1044.903,1032.907,1044.319,0.11,2482939900.0,16882321000.0
1508,银行,2024-07-19,1042.798,1042.948,1030.683,1039.769,-0.44,3023028300.0,20399751000.0
1509,银行,2024-07-22,1036.949,1036.949,1020.283,1025.287,-1.39,2920827300.0,19617942000.0
1510,银行,2024-07-23,1024.397,1043.223,1024.358,1032.254,0.68,3477051100.0,21975566000.0
1511,银行,2024-07-24,1031.725,1039.39,1028.522,1032.667,0.04,2923954100.0,18005773000.0
1512,银行,2024-07-25,1032.822,1034.69,1013.869,1022.745,-0.96,3402197500.0,21189642000.0
1513,银行,2024-07-26,1022.09,1023.468,1005.541,1011.521,-1.1,3147849100.0,19689056000.0
1514,银行,2024-07-29,1011.126,1027.581,1006.981,1026.587,1.49,2678281100.0,16500994000.0
1515,银行,2024-07-30,1025.301,1030.801,1016.363,1022.815,-0.37,2226428800.0,14014018000.0
1516,银行,2024-07-31,1023.236,1029.149,1021.572,1027.707,0.48,3364978600.0,20439979000.0
1517,银行,2024-08-01,1026.749,1036.971,1018.69,1026.496,-0.12,2935720900.0,18062175000.0
1518,银行,2024-08-02,1023.035,1031.107,1020.888,1024.095,-0.23,2219994400.0,13682806000.0
1519,银行,2024-08-05,1022.737,1027.394,1011.851,1013.093,-1.07,2845351100.0,17925426000.0
1520,银行,2024-08-06,1015.918,1019.491,999.453,1004.913,-0.81,2664245600.0,16760534000.0
1521,银行,2024-08-07,1003.997,1011.185,1003.369,1004.263,-0.06,2098025600.0,13100985700.0
1522,银行,2024-08-08,1003.423,1005.241,997.726,1003.373,-0.09,1736407800.0,10862187800.0
1523,银行,2024-08-09,1004.168,1013.693,1002.574,1005.287,0.19,1805153600.0,11685627100.0
1524,银行,2024-08-12,1004.505,1005.001,999.134,1000.286,-0.5,1776971900.0,10788253000.0
1525,银行,2024-08-13,1000.417,1010.504,999.988,1007.161,0.69,2113353200.0,12824773400.0
1526,银行,2024-08-14,1006.994,1013.337,1003.64,1004.88,-0.23,1681502400.0,10315170900.0
1527,银行,2024-08-15,1004.949,1016.735,1002.875,1015.623,1.07,2359572800.0,15517920000.0
1528,银行,2024-08-16,1016.502,1027.05,1015.44,1026.393,1.06,2673991200.0,17291949000.0
1529,银行,2024-08-19,1027.053,1048.9,1026.477,1048.771,2.18,3516197900.0,22104943000.0
1530,银行,2024-08-20,1049.342,1052.859,1042.475,1047.74,-0.1,3201381400.0,21187854000.0
1531,银行,2024-08-21,1044.674,1044.674,1032.183,1037.005,-1.02,2671968700.0,17628958000.0
1532,银行,2024-08-22,1037.017,1049.962,1036.793,1046.4,0.91,2887285900.0,19173076000.0
1533,银行,2024-08-23,1046.885,1049.146,1038.636,1046.256,-0.01,2493798500.0,17361057000.0
1534,银行,2024-08-26,1046.269,1050.091,1037.486,1049.766,0.34,2222691300.0,14908642000.0
1535,银行,2024-08-27,1048.726,1057.503,1045.198,1051.358,0.15,2570947400.0,16838953000.0
1536,银行,2024-08-28,1050.302,1051.353,1036.619,1040.319,-1.05,2535806300.0,16822743000.0
1537,银行,2024-08-29,1037.708,1038.714,1008.958,1010.471,-2.87,4160578100.0,26138501000.0
1538,银行,2024-08-30,1008.33,1013.753,997.076,997.076,-1.33,5695248200.0,36367817000.0
1539,银行,2024-09-02,995.949,1009.776,992.775,1000.173,0.31,4440512900.0,26515428000.0
1540,银行,2024-09-03,1000.237,1000.938,980.92,985.005,-1.52,4138627500.0,24354715000.0
1541,银行,2024-09-04,981.922,988.602,979.181,981.951,-0.31,2787108300.0,16813841000.0
1542,银行,2024-09-05,982.157,984.369,974.4,980.827,-0.11,2536448500.0,16239047000.0
1543,银行,2024-09-06,981.44,992.501,978.912,979.636,-0.12,2317180400.0,14517648000.0
1544,银行,2024-09-09,977.643,977.643,962.333,963.467,-1.65,2954775300.0,19107960000.0
1545,银行,2024-09-10,964.035,970.701,958.691,969.905,0.67,2734139000.0,16484467000.0
1546,银行,2024-09-11,967.918,967.918,943.948,947.467,-2.31,3057404000.0,18143078000.0
1547,银行,2024-09-12,945.638,957.599,942.036,953.855,0.67,2505667200.0,14626664000.0
1548,银行,2024-09-13,954.214,961.362,948.416,948.456,-0.57,2204684600.0,13191416900.0
1549,银行,2024-09-18,949.671,953.511,941.534,953.388,0.52,1983177400.0,11764856300.0
1550,银行,2024-09-19,954.851,959.289,945.761,957.976,0.48,2409633400.0,14535824000.0
1551,银行,2024-09-20,957.722,965.526,956.939,963.812,0.61,2627562900.0,16242894000.0
1552,银行,2024-09-23,962.949,980.746,961.269,979.183,1.59,2362351100.0,14747946000.0
1553,银行,2024-09-24,983.426,1016.643,983.426,1016.536,3.81,4769925000.0,32165086000.0
1554,银行,2024-09-25,1027.729,1053.221,1027.729,1041.596,2.47,5834627400.0,39322207000.0
1555,银行,2024-09-26,1039.887,1083.852,1037.991,1083.664,4.04,5888883600.0,40495945000.0
1556,银行,2024-09-27,1097.609,1107.051,1063.193,1080.14,-0.33,5575819700.0,36534647000.0
1557,银行,2024-09-30,1094.936,1153.892,1088.676,1144.361,5.95,12509215800.0,85139242000.0
1558,银行,2024-10-08,1244.599,1244.599,1142.631,1176.874,2.84,13726860000.0,98766447000.0
1559,银行,2024-10-09,1154.834,1154.834,1095.147,1095.147,-6.94,9156413400.0,62951450000.0
1560,银行,2024-10-10,1103.291,1155.145,1103.291,1131.732,3.34,8358524700.0,57494301000.0
1561,银行,2024-10-11,1129.695,1146.743,1107.58,1116.086,-1.38,5221237100.0,35851891000.0
1562,银行,2024-10-14,1134.454,1167.892,1134.454,1157.877,3.74,7485109000.0,54455557000.0
1563,银行,2024-10-15,1151.329,1168.891,1130.726,1131.024,-2.32,5294883000.0,37323888000.0
1564,银行,2024-10-16,1123.276,1169.954,1123.254,1163.516,2.87,5274053500.0,38706564000.0
1565,银行,2024-10-17,1161.686,1171.768,1144.165,1144.452,-1.64,4057216800.0,29935098000.0
1566,银行,2024-10-18,1145.774,1165.386,1124.799,1152.807,0.73,5474118100.0,37979714000.0
1567,银行,2024-10-21,1150.935,1150.936,1129.502,1141.056,-1.02,4891117700.0,34020293000.0
1568,银行,2024-10-22,1139.475,1148.381,1132.69,1139.235,-0.16,3458978200.0,23952912000.0
1569,银行,2024-10-23,1139.287,1146.333,1137.718,1142.141,0.26,3163203000.0,22086004000.0
1570,银行,2024-10-24,1138.611,1145.752,1133.666,1137.561,-0.4,2540340100.0,17094031000.0
1571,银行,2024-10-25,1137.015,1138.354,1126.838,1131.476,-0.53,2970916100.0,19582967000.0
1572,银行,2024-10-28,1129.598,1129.598,1117.747,1128.528,-0.26,3452477600.0,22610357000.0
1573,银行,2024-10-29,1129.636,1143.456,1123.508,1124.8,-0.33,3551350600.0,22690163000.0
1574,银行,2024-10-30,1123.821,1131.414,1107.673,1113.174,-1.03,3355381100.0,22774540000.0
1575,银行,2024-10-31,1114.537,1122.717,1104.299,1114.494,0.12,3794969800.0,25845317000.0
1576,银行,2024-11-01,1113.726,1135.98,1113.546,1123.954,0.85,4161013500.0,27543137000.0
1577,银行,2024-11-04,1125.261,1133.645,1110.603,1133.645,0.86,3273209100.0,22429480000.0
1578,银行,2024-11-05,1130.3,1146.946,1127.26,1146.946,1.17,3895915300.0,25441152000.0
1579,银行,2024-11-06,1145.878,1145.878,1132.096,1137.482,-0.83,3524624200.0,24119631000.0
1580,银行,2024-11-07,1133.949,1166.714,1133.546,1166.714,2.57,4624221100.0,30165483000.0
1581,银行,2024-11-08,1170.175,1174.175,1146.011,1149.363,-1.49,4497488000.0,29413999000.0
1582,银行,2024-11-11,1143.948,1148.241,1128.575,1135.073,-1.24,4250564700.0,27800587000.0
1583,银行,2024-11-12,1134.23,1145.263,1121.71,1124.956,-0.89,3917412000.0,26957900000.0
1584,银行,2024-11-13,1122.594,1139.626,1121.541,1136.862,1.06,3403110000.0,22127863000.0
1585,银行,2024-11-14,1133.869,1147.573,1128.936,1135.438,-0.13,3870376400.0,25807815000.0
1586,银行,2024-11-15,1133.257,1147.403,1126.592,1132.967,-0.22,4195002500.0,27145648000.0
1587,银行,2024-11-18,1146.381,1186.066,1146.381,1162.908,2.64,9007746000.0,54460975000.0
1588,银行,2024-11-19,1159.105,1180.933,1145.53,1163.568,0.06,6639204000.0,37707452000.0
1589,银行,2024-11-20,1158.883,1168.551,1151.269,1155.409,-0.7,4096557900.0,23789936000.0
1590,银行,2024-11-21,1153.289,1155.734,1146.144,1153.004,-0.21,2843641600.0,16947366000.0
1591,银行,2024-11-22,1151.853,1156.579,1120.92,1120.92,-2.78,3844645400.0,24594299000.0
1592,银行,2024-11-25,1122.671,1133.472,1120.055,1125.773,0.43,3415998300.0,22112745000.0
1593,银行,2024-11-26,1123.204,1135.91,1119.88,1133.761,0.71,3423580300.0,21856258000.0
1594,银行,2024-11-27,1131.237,1146.524,1120.266,1146.524,1.13,3573813400.0,22870558000.0
1595,银行,2024-11-28,1144.959,1150.719,1139.517,1145.006,-0.13,2896137000.0,18872467000.0
1596,银行,2024-11-29,1146.085,1161.125,1146.085,1149.512,0.39,3748718000.0,24770421000.0
1597,银行,2024-12-02,1150.104,1150.104,1139.605,1144.497,-0.44,3947009800.0,25953732000.0
1598,银行,2024-12-03,1143.873,1162.692,1140.828,1162.692,1.59,4104172600.0,27411564000.0
1599,银行,2024-12-04,1159.547,1167.913,1152.142,1163.426,0.06,3629345700.0,24761640000.0
1600,银行,2024-12-05,1160.918,1169.492,1159.828,1163.364,-0.01,2736357400.0,18702062000.0
1601,银行,2024-12-06,1163.081,1182.338,1163.081,1176.222,1.11,4129633800.0,27864515000.0
1602,银行,2024-12-09,1174.837,1185.671,1171.514,1178.632,0.2,3597724500.0,23049957000.0
1603,银行,2024-12-10,1194.645,1201.073,1180.269,1186.282,0.65,4985739700.0,34778373000.0
1604,银行,2024-12-11,1183.614,1190.908,1175.389,1177.214,-0.76,4043855500.0,26745699000.0
1605,银行,2024-12-12,1177.346,1193.993,1176.624,1192.062,1.26,4107253400.0,27381681000.0
1606,银行,2024-12-13,1188.303,1188.303,1168.307,1168.921,-1.94,5280423100.0,36282088000.0
1607,银行,2024-12-16,1168.246,1184.015,1168.246,1176.862,0.68,4296657000.0,29321959000.0
1608,银行,2024-12-17,1175.962,1183.616,1165.425,1168.245,-0.73,3613964600.0,24069982000.0
1609,银行,2024-12-18,1172.384,1189.799,1172.384,1178.944,0.92,3969749200.0,27931124000.0
1610,银行,2024-12-19,1174.563,1180.743,1162.51,1167.316,-0.99,3556496600.0,23720311000.0
1611,银行,2024-12-20,1166.914,1173.013,1161.166,1162.135,-0.44,3171756100.0,21618419000.0
1612,银行,2024-12-23,1162.693,1185.847,1162.693,1175.4,1.14,4805663200.0,34205500000.0
1613,银行,2024-12-24,1174.914,1191.061,1173.582,1190.408,1.28,3990748500.0,29397870000.0
1614,银行,2024-12-25,1191.388,1207.916,1191.388,1202.81,1.04,4567452900.0,32155562000.0
1615,银行,2024-12-26,1201.198,1201.785,1188.542,1196.444,-0.53,3400524500.0,23745394000.0
1616,银行,2024-12-27,1194.952,1199.742,1176.713,1199.649,0.27,4098929400.0,28718103000.0
1617,银行,2024-12-30,1196.424,1217.361,1196.424,1215.531,1.32,4329658600.0,31199299000.0
1618,银行,2024-12-31,1214.068,1225.707,1197.266,1197.266,-1.5,4899634400.0,32912715000.0
1619,银行,2025-01-02,1199.411,1206.384,1161.554,1166.368,-2.58,5295834300.0,35710146000.0
1620,银行,2025-01-03,1168.712,1175.84,1154.283,1155.715,-0.91,4173990100.0,28713496000.0
1621,银行,2025-01-06,1156.327,1165.321,1138.595,1164.968,0.8,4068664000.0,28355158000.0
1622,银行,2025-01-07,1162.273,1171.05,1156.079,1170.292,0.46,3191965300.0,22253791000.0
1623,银行,2025-01-08,1169.467,1181.33,1163.853,1177.827,0.64,3877965400.0,28163964000.0
1624,银行,2025-01-09,1176.544,1177.092,1161.606,1165.76,-1.02,2930096700.0,20835826000.0
1625,银行,2025-01-10,1166.446,1171.101,1148.674,1155.105,-0.91,2988491900.0,20835376000.0
1626,银行,2025-01-13,1148.658,1149.553,1130.073,1139.262,-1.37,3287381100.0,22514038000.0
1627,银行,2025-01-14,1139.917,1159.494,1138.133,1157.229,1.58,3416175800.0,24119381000.0
1628,银行,2025-01-15,1156.233,1176.839,1156.147,1162.309,0.44,3290770300.0,24250816000.0
1629,银行,2025-01-16,1168.173,1181.045,1162.779,1178.483,1.39,3164947800.0,22263662000.0
1630,银行,2025-01-17,1176.019,1182.045,1168.014,1173.665,-0.41,2733765200.0,19410048000.0
1631,银行,2025-01-20,1178.205,1184.609,1172.751,1173.473,-0.02,2840957700.0,20249593000.0
1632,银行,2025-01-21,1177.626,1180.097,1168.425,1172.137,-0.11,2536870900.0,17617196000.0
1633,银行,2025-01-22,1170.924,1171.19,1148.549,1151.184,-1.79,3325904600.0,23535093000.0
1634,银行,2025-01-23,1159.098,1185.113,1159.098,1179.108,2.43,4833008800.0,32231916000.0
1635,银行,2025-01-24,1176.81,1185.301,1164.958,1181.446,0.2,3377795900.0,23696986000.0
1636,银行,2025-01-27,1183.459,1203.512,1183.459,1199.101,1.49,3644571500.0,25693796000.0
1637,银行,2025-02-05,1201.549,1202.021,1178.836,1180.692,-1.54,3363598000.0,23405279000.0
1638,银行,2025-02-06,1180.612,1189.381,1174.3,1181.984,0.11,2909021800.0,20871594000.0
1639,银行,2025-02-07,1180.882,1184.908,1175.266,1180.746,-0.1,3675629500.0,25629565000.0
1640,银行,2025-02-10,1179.923,1185.556,1175.429,1176.712,-0.34,2988880200.0,21905015000.0
1641,银行,2025-02-11,1178.267,1189.52,1178.267,1188.59,1.01,3545785000.0,24272985000.0
1642,银行,2025-02-12,1188.318,1193.314,1182.206,1192.128,0.3,2988068200.0,21931421000.0
1643,银行,2025-02-13,1190.818,1196.235,1188.419,1191.006,-0.09,2981755200.0,21451427000.0
1644,银行,2025-02-14,1191.167,1191.616,1182.868,1190.065,-0.08,2778496500.0,20504262000.0
1645,银行,2025-02-17,1190.453,1191.332,1180.837,1187.26,-0.24,3279061400.0,24610235000.0
1646,银行,2025-02-18,1186.225,1209.061,1186.225,1200.55,1.12,4539211500.0,31211296000.0
1647,银行,2025-02-19,1198.212,1203.087,1191.271,1192.956,-0.63,3104816900.0,21849644000.0
1648,银行,2025-02-20,1193.287,1195.587,1187.35,1191.317,-0.14,2296335000.0,16579044000.0
1649,银行,2025-02-21,1191.366,1192.193,1174.882,1177.463,-1.16,4040125400.0,29032079000.0
1650,银行,2025-02-24,1175.54,1178.942,1169.121,1170.309,-0.61,3399522200.0,24611713000.0
1651,银行,2025-02-25,1169.381,1170.829,1157.262,1159.363,-0.94,3160278900.0,22717323000.0
1652,银行,2025-02-26,1159.499,1172.92,1159.499,1166.261,0.59,3034438700.0,21502757000.0
1653,银行,2025-02-27,1167.085,1176.226,1161.053,1176.072,0.84,3335822100.0,24552907000.0
1654,银行,2025-02-28,1173.894,1180.346,1169.45,1169.45,-0.56,3611829700.0,26248051000.0
1655,银行,2025-03-03,1170.389,1173.718,1162.284,1167.774,-0.14,3239326800.0,22450607000.0
1656,银行,2025-03-04,1165.528,1174.597,1164.95,1169.868,0.18,2594103500.0,17994452000.0
1657,银行,2025-03-05,1170.707,1187.119,1167.22,1186.771,1.44,3945268300.0,28233074000.0
1658,银行,2025-03-06,1186.113,1186.118,1175.303,1180.29,-0.55,3461546900.0,24362304000.0
1659,银行,2025-03-07,1179.848,1184.894,1175.006,1177.272,-0.26,2686208700.0,21013438000.0
1660,银行,2025-03-10,1175.767,1176.271,1166.04,1168.759,-0.72,2840980000.0,20284076000.0
1661,银行,2025-03-11,1165.034,1176.525,1165.034,1176.525,0.66,2623125700.0,19525703000.0
1662,银行,2025-03-12,1174.991,1177.849,1169.525,1174.565,-0.17,2629361900.0,19389607000.0
1663,银行,2025-03-13,1174.278,1182.719,1173.492,1179.837,0.45,2856210500.0,21829754000.0
1664,银行,2025-03-14,1179.096,1195.553,1179.096,1191.515,0.99,4460015700.0,34195829000.0
1665,银行,2025-03-17,1192.213,1201.136,1190.098,1197.388,0.49,3638981200.0,28332147000.0
1666,银行,2025-03-18,1198.685,1198.813,1192.699,1195.07,-0.19,2316218400.0,17590611000.0
1667,银行,2025-03-19,1195.59,1209.829,1194.22,1209.754,1.23,3234542200.0,25628469000.0
1668,银行,2025-03-20,1209.181,1217.348,1205.521,1207.503,-0.19,2742228900.0,21285626000.0
1669,银行,2025-03-21,1206.116,1212.211,1194.707,1197.548,-0.82,3142600100.0,24274880000.0
1670,银行,2025-03-24,1198.021,1207.963,1198.021,1207.54,0.83,3191552900.0,23108266000.0
1671,银行,2025-03-25,1207.451,1214.312,1207.451,1214.112,0.54,2617773000.0,18611916000.0
1672,银行,2025-03-26,1212.18,1215.264,1203.19,1205.716,-0.69,2670724300.0,23361681000.0
1673,银行,2025-03-27,1204.539,1211.922,1204.059,1206.999,0.11,2478115900.0,18829528000.0
1674,银行,2025-03-28,1206.651,1206.913,1198.149,1200.854,-0.51,2973232800.0,19584171000.0
1675,银行,2025-03-31,1203.753,1217.571,1197.778,1205.531,0.39,4691052000.0,31244101000.0
1676,银行,2025-04-01,1203.962,1211.572,1196.016,1203.215,-0.19,3738122600.0,24918779000.0
1677,银行,2025-04-02,1202.504,1220.885,1202.504,1218.19,1.24,3465619600.0,22901274000.0
1678,银行,2025-04-03,1212.173,1224.605,1211.616,1222.752,0.37,3111916500.0,21726937000.0
1679,银行,2025-04-07,1192.665,1197.188,1128.912,1152.84,-5.72,8158658800.0,59222583000.0
1680,银行,2025-04-08,1152.157,1176.799,1152.157,1175.457,1.96,6102109900.0,46142433000.0
1681,银行,2025-04-09,1169.124,1169.279,1151.317,1167.616,-0.67,4859210200.0,34713187000.0
1682,银行,2025-04-10,1173.634,1179.282,1167.301,1174.239,0.57,3729226700.0,26748300000.0
1683,银行,2025-04-11,1172.517,1174.507,1165.433,1172.66,-0.13,3163739300.0,22224403000.0
1684,银行,2025-04-14,1175.143,1182.707,1173.135,1180.037,0.63,3258026900.0,23050116000.0
1685,银行,2025-04-15,1180.092,1197.471,1179.829,1196.755,1.42,3686399300.0,26032133000.0
1686,银行,2025-04-16,1195.697,1209.985,1194.945,1209.602,1.07,3981023300.0,28327898000.0
1687,银行,2025-04-17,1207.219,1214.178,1198.852,1213.167,0.29,2916703900.0,20536492000.0
1688,银行,2025-04-18,1210.846,1224.187,1210.846,1221.315,0.67,2941553800.0,20993158000.0
1689,银行,2025-04-21,1218.831,1231.902,1206.794,1207.225,-1.15,3555707300.0,24625544000.0
1690,银行,2025-04-22,1207.824,1220.14,1207.824,1218.186,0.91,3080292500.0,21566858000.0
1691,银行,2025-04-23,1219.296,1220.685,1210.587,1210.587,-0.62,2505156700.0,18034438000.0
1692,银行,2025-04-24,1211.754,1227.686,1211.754,1224.612,1.16,2976315200.0,21129043000.0
1693,银行,2025-04-25,1226.297,1230.323,1220.635,1228.399,0.31,2993354300.0,20172551000.0
1694,银行,2025-04-28,1229.591,1244.019,1229.149,1240.491,0.98,3147200800.0,22605943000.0
1695,银行,2025-04-29,1236.144,1246.651,1232.142,1234.017,-0.52,2933574900.0,22515758000.0
1696,银行,2025-04-30,1232.097,1232.557,1211.225,1212.456,-1.75,4899468900.0,36940955000.0
1697,银行,2025-05-06,1215.141,1215.216,1202.622,1207.845,-0.38,3787171000.0,27370334000.0
1698,银行,2025-05-07,1214.462,1224.504,1211.11,1224.26,1.36,3996821700.0,28434010000.0
1699,银行,2025-05-08,1221.912,1240.618,1221.59,1238.881,1.19,3462161600.0,27180204000.0
1700,银行,2025-05-09,1239.621,1256.516,1239.621,1255.23,1.32,3681956200.0,28981320000.0
1701,银行,2025-05-12,1253.75,1265.337,1247.43,1254.638,-0.05,3538675800.0,28429694000.0
1702,银行,2025-05-13,1256.869,1275.644,1250.387,1275.206,1.64,3883243200.0,29703452000.0
1703,银行,2025-05-14,1272.448,1293.462,1268.826,1288.613,1.05,4360332900.0,32768829000.0
1704,银行,2025-05-15,1286.487,1298.056,1283.015,1283.878,-0.37,3387590600.0,25894946000.0
1705,银行,2025-05-16,1283.725,1286.924,1266.268,1273.848,-0.78,3358574400.0,25285468000.0
1706,银行,2025-05-19,1275.162,1283.345,1271.79,1272.407,-0.11,2681596500.0,20787507000.0
1707,银行,2025-05-20,1275.487,1285.283,1269.64,1273.828,0.11,2648616700.0,20499338000.0
1708,银行,2025-05-21,1275.224,1290.071,1274.049,1287.805,1.1,2794583600.0,22422398000.0
1709,银行,2025-05-22,1287.286,1304.458,1284.346,1303.737,1.24,3262476600.0,25286595000.0
1710,银行,2025-05-23,1304.075,1313.027,1289.398,1290.196,-1.04,3622424200.0,26283377000.0
1711,银行,2025-05-26,1287.463,1294.947,1277.951,1280.117,-0.78,3137894000.0,23353850000.0
1712,银行,2025-05-27,1281.951,1296.012,1281.951,1291.491,0.89,3006768900.0,22017463000.0
1713,银行,2025-05-28,1290.733,1298.494,1281.134,1295.116,0.28,2820970300.0,21459950000.0
1714,银行,2025-05-29,1294.028,1297.821,1287.386,1291.324,-0.29,2915949200.0,22524237000.0
1715,银行,2025-05-30,1292.937,1308.91,1292.937,1305.585,1.1,3809496900.0,28687283000.0
1716,银行,2025-06-03,1306.377,1337.979,1306.377,1333.966,2.17,5035196500.0,38658893000.0
1717,银行,2025-06-04,1334.275,1344.411,1326.847,1340.433,0.48,3623747500.0,26602288000.0
1718,银行,2025-06-05,1342.074,1345.727,1319.927,1322.048,-1.37,3668656900.0,26377186000.0
1719,银行,2025-06-06,1325.784,1335.611,1322.54,1328.081,0.46,3003596600.0,21897245000.0
1720,银行,2025-06-09,1329.833,1331.943,1315.17,1331.046,0.22,3622236300.0,26598352000.0
1721,银行,2025-06-10,1330.442,1349.129,1330.302,1338.468,0.56,4562593700.0,32922892000.0
1722,银行,2025-06-11,1338.454,1344.116,1331.433,1338.259,-0.02,3080498200.0,24702005000.0
1723,银行,2025-06-12,1340.841,1353.507,1337.247,1352.074,1.03,3441010200.0,26306742000.0
1724,银行,2025-06-13,1352.892,1356.026,1335.122,1336.778,-1.13,5056724900.0,38925566000.0
1725,银行,2025-06-16,1335.775,1353.997,1330.507,1353.997,1.29,4127082000.0,29349354000.0
1726,银行,2025-06-17,1352.942,1362.173,1348.065,1352.338,-0.12,3105735000.0,23050400000.0
1727,银行,2025-06-18,1352.204,1365.848,1348.315,1365.281,0.96,3791238600.0,27819289000.0
1728,银行,2025-06-19,1365.006,1368.381,1354.605,1361.674,-0.26,3421808600.0,25720336000.0
1729,银行,2025-06-20,1362.069,1378.953,1357.51,1377.555,1.17,4293063100.0,32439539000.0
1730,银行,2025-06-23,1374.913,1394.821,1360.024,1391.145,0.99,4929358100.0,36591642000.0
1731,银行,2025-06-24,1388.171,1393.936,1372.802,1390.209,-0.07,5247842000.0,40163592000.0
1732,银行,2025-06-25,1387.373,1402.197,1376.651,1399.292,0.65,4757662800.0,36882788000.0
1733,银行,2025-06-26,1397.809,1422.247,1388.935,1418.997,1.41,4797757700.0,37120054000.0
1734,银行,2025-06-27,1416.907,1430.83,1376.231,1380.894,-2.69,7234398400.0,54804931000.0
1735,银行,2025-06-30,1374.251,1377.042,1360.585,1370.916,-0.72,4285345700.0,32929784000.0
1736,银行,2025-07-01,1372.784,1399.59,1372.784,1396.106,1.84,3783696600.0,29333216000.0
1737,银行,2025-07-02,1397.065,1413.574,1397.065,1404.948,0.63,3564660000.0,27461522000.0
1738,银行,2025-07-03,1405.732,1414.959,1396.482,1405.922,0.07,3079095700.0,23968355000.0
1739,银行,2025-07-04,1405.825,1436.147,1405.671,1429.07,1.65,4680863500.0,36363840000.0
1740,银行,2025-07-07,1430.147,1438.705,1423.095,1438.194,0.64,3923603400.0,29694760000.0
1741,银行,2025-07-08,1437.183,1444.196,1421.798,1431.603,-0.46,3724252900.0,29717077000.0
1742,银行,2025-07-09,1430.668,1450.596,1429.96,1445.645,0.98,4296117300.0,31909607000.0
1743,银行,2025-07-10,1446.507,1468.48,1446.507,1459.654,0.97,5882043300.0,48050295000.0
1744,银行,2025-07-11,1463.082,1470.848,1431.705,1431.705,-1.91,7547734800.0,60716168000.0
1745,银行,2025-07-14,1430.458,1457.731,1430.458,1442.689,0.77,5234894600.0,40591266000.0
1746,银行,2025-07-15,1445.314,1449.814,1422.415,1425.29,-1.21,4079027500.0,32063606000.0
1747,银行,2025-07-16,1424.248,1425.971,1402.349,1414.805,-0.74,4235657100.0,32762592000.0
1748,银行,2025-07-17,1414.372,1420.695,1405.183,1410.111,-0.33,3053001800.0,23691788000.0
1749,银行,2025-07-18,1412.289,1423.769,1408.396,1420.91,0.77,3559928200.0,27935284000.0
1750,银行,2025-07-21,1419.322,1422.482,1406.44,1409.08,-0.83,3789485500.0,29562965000.0
1751,银行,2025-07-22,1407.941,1408.898,1380.259,1394.954,-1.0,5236044900.0,41289199000.0
1752,银行,2025-07-23,1391.61,1412.586,1391.61,1399.276,0.31,4870243400.0,37886375000.0
1753,银行,2025-07-24,1399.996,1399.996,1378.248,1379.864,-1.39,4951250100.0,39759694000.0
1754,银行,2025-07-25,1379.012,1388.935,1377.059,1378.585,-0.09,3891163900.0,32247855000.0
1755,银行,2025-07-28,1380.634,1396.273,1378.528,1383.641,0.37,3874312300.0,30839718000.0
1756,银行,2025-07-29,1384.239,1391.079,1364.559,1365.493,-1.31,4131040600.0,31976583000.0
1757,银行,2025-07-30,1366.458,1384.323,1363.007,1372.646,0.52,4357919100.0,33964669000.0
1758,银行,2025-07-31,1372.537,1373.755,1348.291,1357.936,-1.07,4792035600.0,37169310000.0
1759,银行,2025-08-01,1359.238,1368.978,1346.891,1360.391,0.18,4184496300.0,32481866000.0
1760,银行,2025-08-04,1355.81,1378.011,1355.81,1369.304,0.66,4213696800.0,32457106000.0
1761,银行,2025-08-05,1370.096,1394.379,1368.46,1393.251,1.75,4580001300.0,34269648000.0
1762,银行,2025-08-06,1394.257,1399.857,1384.63,1390.157,-0.22,3519979300.0,26817629000.0
1763,银行,2025-08-07,1390.655,1397.618,1381.96,1394.653,0.32,3403014800.0,26650824000.0
1764,银行,2025-08-08,1395.768,1401.839,1389.065,1390.546,-0.29,3068298100.0,24073976000.0
1765,银行,2025-08-11,1389.874,1391.001,1375.347,1377.07,-0.97,3759012000.0,29091872000.0
1766,银行,2025-08-12,1376.957,1388.055,1376.957,1381.138,0.3,3301440600.0,26188161000.0
1767,银行,2025-08-13,1382.389,1384.586,1367.732,1368.585,-0.91,4386128300.0,35742842000.0
1768,银行,2025-08-14,1368.81,1374.744,1362.418,1362.418,-0.45,3634354000.0,29500062000.0
1769,银行,2025-08-15,1363.544,1363.544,1335.106,1347.537,-1.09,6253125400.0,48201579000.0
1770,银行,2025-08-18,1347.161,1360.399,1342.327,1354.499,0.52,4829004700.0,38489721000.0
1771,银行,2025-08-19,1354.428,1356.068,1348.533,1351.899,-0.19,3776990000.0,29220134000.0
1772,银行,2025-08-20,1350.987,1368.457,1348.303,1361.745,0.73,4149961600.0,32467588000.0
1773,银行,2025-08-21,1361.099,1374.388,1356.649,1372.259,0.77,4027260800.0,30558340000.0
1774,银行,2025-08-22,1371.936,1371.976,1352.614,1362.702,-0.7,4590770200.0,36406632000.0
1775,银行,2025-08-25,1360.218,1374.837,1356.111,1372.658,0.73,5151897900.0,41851239000.0
1776,银行,2025-08-26,1371.002,1372.964,1360.448,1360.987,-0.85,3798835300.0,30749358000.0
1777,银行,2025-08-27,1359.716,1360.003,1335.616,1335.616,-1.86,5255871300.0,40522430000.0
1778,银行,2025-08-28,1334.733,1346.689,1327.254,1340.858,0.39,4758643900.0,37508660000.0
1779,银行,2025-08-29,1341.282,1365.305,1337.979,1337.979,-0.21,6584399700.0,51268385000.0
1780,银行,2025-09-01,1339.245,1345.632,1327.169,1327.999,-0.75,6559452100.0,49503111000.0
1781,银行,2025-09-02,1327.239,1350.442,1325.49,1350.442,1.69,6223373700.0,49418273000.0
1782,银行,2025-09-03,1350.498,1352.437,1328.418,1332.802,-1.31,4496499900.0,34712727000.0
1783,银行,2025-09-04,1330.086,1339.95,1307.971,1337.995,0.39,6439237200.0,48954494000.0
1784,银行,2025-09-05,1334.937,1334.937,1319.753,1326.277,-0.88,4303003400.0,32483833000.0
1785,银行,2025-09-08,1323.375,1333.205,1321.312,1323.247,-0.23,4533185700.0,35102339000.0
1786,银行,2025-09-09,1323.355,1335.796,1323.164,1335.624,0.94,3384273900.0,26938438000.0
1787,银行,2025-09-10,1333.973,1343.069,1329.925,1339.834,0.32,3556455400.0,26546458000.0
1788,银行,2025-09-11,1337.802,1344.718,1329.359,1344.545,0.35,4364302300.0,33431485000.0
1789,银行,2025-09-12,1342.393,1345.259,1325.059,1325.736,-1.4,4489017100.0,34965461000.0
1790,银行,2025-09-15,1324.129,1324.129,1310.642,1313.732,-0.91,4541295300.0,33046886000.0
1791,银行,2025-09-16,1313.65,1317.189,1303.978,1305.465,-0.63,5577136200.0,38362703000.0
1792,银行,2025-09-17,1304.891,1307.888,1298.123,1301.801,-0.28,4016022800.0,29343624000.0
1793,银行,2025-09-18,1302.349,1303.722,1274.614,1277.06,-1.9,5471324700.0,40716017000.0
1794,银行,2025-09-19,1275.785,1281.641,1265.565,1278.881,0.14,4849410600.0,34533709000.0
1795,银行,2025-09-22,1276.741,1280.124,1264.527,1266.675,-0.95,3356319200.0,25489024000.0
1796,银行,2025-09-23,1264.646,1288.287,1259.212,1282.837,1.28,6076855200.0,45514478000.0
1797,银行,2025-09-24,1280.387,1294.223,1278.014,1282.296,-0.04,4355519700.0,32071228000.0
1798,银行,2025-09-25,1279.977,1279.977,1265.894,1269.831,-0.97,3819749800.0,28402606000.0
1799,银行,2025-09-26,1268.565,1276.076,1258.66,1273.056,0.25,3312557000.0,26169671000.0
1800,银行,2025-09-29,1271.933,1280.535,1261.942,1271.24,-0.14,4691927000.0,35141581000.0
1801,银行,2025-09-30,1270.65,1270.65,1256.924,1259.052,-0.96,3901282900.0,29013634000.0
1802,银行,2025-10-09,1255.985,1258.985,1249.294,1258.65,-0.03,4584111900.0,33985998000.0
1803,银行,2025-10-10,1256.967,1274.609,1256.872,1267.885,0.73,5749580100.0,39764998000.0
1804,银行,2025-10-13,1260.481,1285.54,1252.92,1278.753,0.86,5861609100.0,44305569000.0
1805,银行,2025-10-14,1275.862,1309.925,1270.644,1308.912,2.36,7297788000.0,57384939000.0
1806,银行,2025-10-15,1306.687,1317.604,1303.372,1314.413,0.42,5146623000.0,40071941000.0
1807,银行,2025-10-16,1312.811,1332.171,1312.804,1331.553,1.3,5497042700.0,42194026000.0
1808,银行,2025-10-17,1330.074,1342.747,1326.727,1330.454,-0.08,5224172100.0,39153961000.0
1809,银行,2025-10-20,1326.499,1332.431,1308.633,1330.686,0.02,4919563500.0,35437959000.0
1810,银行,2025-10-21,1329.538,1336.851,1325.048,1333.28,0.19,4529167000.0,33834062000.0
1811,银行,2025-10-22,1332.093,1348.067,1332.093,1346.493,0.99,4966545000.0,34466415000.0
1812,银行,2025-10-23,1346.253,1361.211,1340.403,1352.931,0.48,5948519100.0,42442135000.0
1813,银行,2025-10-24,1349.496,1355.328,1340.298,1341.997,-0.81,5306759600.0,38284380000.0
1814,银行,2025-10-27,1339.826,1351.93,1329.532,1342.953,0.07,5383206200.0,40865602000.0
1815,银行,2025-10-28,1344.252,1349.768,1329.014,1340.013,-0.22,4408888600.0,33009654000.0
1816,银行,2025-10-29,1336.007,1336.007,1313.74,1315.8,-1.81,5002299400.0,39588951000.0
1817,银行,2025-10-30,1314.98,1328.453,1314.98,1317.294,0.11,4358211300.0,35494948000.0
1818,银行,2025-10-31,1319.88,1320.434,1308.716,1316.328,-0.07,5439958300.0,39363652000.0
1819,银行,2025-11-03,1316.697,1334.087,1314.039,1331.265,1.13,4708031700.0,36039400000.0
1820,银行,2025-11-04,1332.044,1357.156,1330.978,1355.309,1.81,5625063700.0,45284191000.0
1821,银行,2025-11-05,1357.162,1360.973,1348.692,1352.781,-0.19,4153108400.0,33595347000.0
1822,银行,2025-11-06,1349.607,1356.594,1342.431,1349.307,-0.26,3559186800.0,29977747000.0
1823,银行,2025-11-07,1349.729,1361.097,1346.074,1347.15,-0.16,3411947800.0,26604951000.0
1824,银行,2025-11-10,1344.816,1359.264,1340.926,1357.702,0.78,3370027700.0,25888110000.0
1825,银行,2025-11-11,1356.484,1364.062,1353.698,1361.371,0.27,2929828300.0,23315512000.0
1826,银行,2025-11-12,1363.905,1376.496,1363.514,1365.249,0.28,4557781700.0,34459840000.0
1827,银行,2025-11-13,1365.746,1368.871,1348.963,1361.901,-0.25,4081706200.0,30479640000.0
1828,银行,2025-11-14,1360.988,1375.882,1360.988,1363.386,0.11,4455728600.0,32716066000.0
1829,银行,2025-11-17,1362.049,1362.914,1344.86,1346.134,-1.27,4267559500.0,31885190000.0
1830,银行,2025-11-18,1345.525,1347.233,1334.789,1338.233,-0.59,3201558600.0,23364780000.0
1831,银行,2025-11-19,1338.119,1351.139,1337.895,1346.695,0.63,3838808400.0,27677957000.0
1832,银行,2025-11-20,1345.72,1374.896,1343.171,1362.164,1.15,6199680800.0,42514975000.0
1833,银行,2025-11-21,1361.256,1367.638,1338.922,1339.717,-1.65,5695777900.0,41365447000.0
1834,银行,2025-11-24,1341.038,1345.752,1329.281,1332.191,-0.56,4758362200.0,35050486000.0
1835,银行,2025-11-25,1332.634,1348.519,1327.611,1347.169,1.12,4138533100.0,30627479000.0
1836,银行,2025-11-26,1347.618,1354.028,1337.709,1340.152,-0.52,3716004800.0,27434600000.0
1837,银行,2025-11-27,1339.308,1349.692,1331.207,1346.684,0.49,3351175600.0,26224306000.0
1838,银行,2025-11-28,1345.653,1345.653,1336.895,1338.311,-0.62,3376004800.0,25246469000.0
1839,银行,2025-12-01,1338.572,1356.71,1337.865,1355.692,1.3,4355260800.0,31799245000.0
1840,银行,2025-12-02,1354.19,1361.339,1348.812,1357.814,0.16,3060901200.0,22994725000.0
1841,银行,2025-12-03,1355.694,1366.653,1350.046,1350.62,-0.53,3653454300.0,26599329000.0
1842,银行,2025-12-04,1350.704,1352.781,1341.325,1343.518,-0.53,2944569300.0,20812309000.0
1843,银行,2025-12-05,1342.656,1346.541,1323.348,1330.324,-0.98,3672294900.0,27030064000.0
1844,银行,2025-12-08,1330.118,1335.903,1325.406,1330.288,0.0,3338779500.0,25278588000.0
1845,银行,2025-12-09,1329.603,1335.362,1323.757,1326.153,-0.31,3152674800.0,23714656000.0
1846,银行,2025-12-10,1325.828,1330.596,1306.949,1312.294,-1.05,3831598600.0,30515517000.0
1847,银行,2025-12-11,1313.349,1315.954,1308.772,1313.497,0.09,3272960800.0,25741797000.0
1848,银行,2025-12-12,1313.588,1313.628,1305.48,1307.869,-0.43,4958589000.0,37934489000.0
1849,银行,2025-12-15,1307.324,1316.985,1305.03,1311.501,0.28,3257151000.0,24623155000.0
1850,银行,2025-12-16,1311.191,1315.687,1302.19,1305.901,-0.43,3025105900.0,22191822000.0
1851,银行,2025-12-17,1304.783,1312.144,1299.231,1306.745,0.06,3081568100.0,23189789000.0
1852,银行,2025-12-18,1306.646,1331.577,1304.49,1330.352,1.81,3367162100.0,26726086000.0
1853,银行,2025-12-19,1327.554,1334.205,1322.761,1328.901,-0.11,3080372200.0,23848904000.0
1854,银行,2025-12-22,1326.913,1327.478,1317.323,1318.132,-0.81,2664151300.0,20391836000.0
1855,银行,2025-12-23,1318.415,1328.285,1317.939,1320.829,0.2,2837705900.0,21288591000.0
1856,银行,2025-12-24,1320.704,1323.202,1312.103,1319.016,-0.14,2503121100.0,19477497000.0
1857,银行,2025-12-25,1318.319,1327.279,1317.266,1319.617,0.05,2213412200.0,17538052000.0
1858,银行,2025-12-26,1318.873,1320.93,1312.399,1313.577,-0.46,2136497700.0,17246762000.0
1859,银行,2025-12-29,1313.425,1323.486,1309.994,1320.58,0.53,3310079900.0,26614668000.0
1860,银行,2025-12-30,1319.847,1320.926,1311.493,1317.458,-0.24,2819748000.0,23051645000.0
1861,银行,2025-12-31,1316.325,1323.925,1314.899,1318.747,0.1,2730222900.0,21526781000.0
1862,银行,2026-01-05,1319.38,1322.524,1309.032,1316.97,-0.13,3704934400.0,30064855000.0
1863,银行,2026-01-06,1316.889,1321.084,1309.984,1321.08,0.31,3956995900.0,32598804000.0
1864,银行,2026-01-07,1319.418,1324.218,1312.999,1314.164,-0.52,3455138700.0,29541905000.0
1865,银行,2026-01-08,1313.87,1314.569,1302.513,1304.912,-0.7,3268742100.0,27838626000.0
1866,银行,2026-01-09,1304.967,1305.264,1296.682,1301.701,-0.25,3094723700.0,26279292000.0
1867,银行,2026-01-12,1298.578,1307.012,1296.149,1305.781,0.31,3551442700.0,29569411000.0
1868,银行,2026-01-13,1305.96,1321.565,1305.96,1314.539,0.67,4418713300.0,36136545000.0
1869,银行,2026-01-14,1313.562,1313.562,1295.362,1295.423,-1.45,5198162100.0,42682854000.0
1870,银行,2026-01-15,1294.338,1296.261,1285.906,1287.169,-0.64,3643008400.0,29519955000.0
1871,银行,2026-01-16,1289.26,1290.482,1271.507,1274.798,-0.96,4480406900.0,38199163000.0
1872,银行,2026-01-19,1272.771,1276.829,1265.302,1268.968,-0.46,3408160600.0,28381408000.0
1873,银行,2026-01-20,1269.114,1285.7,1266.402,1284.103,1.19,3987517700.0,31108017000.0
1874,银行,2026-01-21,1283.76,1288.817,1267.46,1268.89,-1.18,4486131300.0,35566109000.0
1875,银行,2026-01-22,1269.093,1282.232,1267.103,1271.704,0.22,4195955700.0,36454104000.0
1876,银行,2026-01-23,1273.078,1277.696,1263.426,1267.025,-0.37,4196340500.0,36252406000.0
1877,银行,2026-01-26,1265.729,1277.4,1261.255,1269.857,0.22,5071186800.0,44569714000.0
1878,银行,2026-01-27,1269.682,1278.852,1266.189,1267.075,-0.22,4791698700.0,38821573000.0
1879,银行,2026-01-28,1265.81,1278.828,1259.922,1265.919,-0.09,5755831800.0,45733753000.0
1880,银行,2026-01-29,1267.279,1290.517,1264.039,1288.915,1.82,6430767000.0,49597520000.0
1881,银行,2026-01-30,1289.658,1298.112,1283.168,1283.647,-0.41,4935555000.0,38887063000.0
1882,银行,2026-02-02,1284.237,1300.7,1278.717,1280.358,-0.26,5472128500.0,41720772000.0
1883,银行,2026-02-03,1281.697,1282.04,1264.905,1269.978,-0.81,4553210000.0,32697685000.0
1884,银行,2026-02-04,1269.106,1290.271,1269.106,1288.769,1.48,3902813600.0,29136216000.0
1885,银行,2026-02-05,1291.906,1317.996,1291.906,1315.859,2.1,4982472800.0,37825510000.0
1886,银行,2026-02-06,1315.845,1321.105,1304.117,1313.044,-0.21,4121213700.0,29466460000.0
1887,银行,2026-02-09,1311.293,1323.055,1307.987,1320.601,0.58,3351611200.0,23915726000.0
1888,银行,2026-02-10,1319.896,1326.651,1317.806,1323.18,0.2,3206344800.0,22363664000.0
1889,银行,2026-02-11,1323.376,1330.252,1317.934,1327.608,0.33,2684378800.0,19521102000.0
1890,银行,2026-02-12,1327.13,1327.13,1305.939,1307.595,-1.51,3777856700.0,27107585000.0
1891,银行,2026-02-13,1309.142,1312.205,1297.192,1298.396,-0.7,3048136800.0,22156073000.0
1892,银行,2026-02-24,1303.162,1303.58,1293.991,1293.991,-0.34,2750707300.0,21004884000.0
1893,银行,2026-02-25,1296.2,1302.542,1286.394,1288.244,-0.44,3867463100.0,26042292000.0
1894,银行,2026-02-26,1289.263,1295.452,1281.492,1285.142,-0.24,2988484700.0,21345220000.0
1895,银行,2026-02-27,1285.541,1293.963,1284.878,1287.459,0.18,2812178600.0,20922734000.0
1896,银行,2026-03-02,1282.777,1301.503,1279.213,1296.536,0.71,4261199300.0,29826460000.0
1897,银行,2026-03-03,1295.115,1314.251,1289.347,1302.124,0.43,6082402400.0,44636669000.0
1898,银行,2026-03-04,1296.945,1297.233,1278.307,1285.091,-1.31,5352302900.0,37770295000.0
1899,银行,2026-03-05,1285.098,1297.501,1283.765,1295.508,0.81,3553292700.0,25910027000.0
1900,银行,2026-03-06,1292.94,1301.758,1290.857,1300.209,0.36,2864424400.0,20282131000.0
1901,银行,2026-03-09,1295.41,1302.277,1290.517,1293.219,-0.54,3928221800.0,28728576000.0
1902,银行,2026-03-10,1293.6,1295.301,1287.049,1294.548,0.1,3158726900.0,22008609000.0
1903,银行,2026-03-11,1294.262,1306.843,1288.165,1306.191,0.9,3226033300.0,23497599000.0
1904,银行,2026-03-12,1304.552,1320.164,1303.6,1318.907,0.97,3755164600.0,24700573000.0
1905,银行,2026-03-13,1317.719,1334.757,1312.756,1324.017,0.39,3984440100.0,27916890000.0
1906,银行,2026-03-16,1323.901,1336.911,1320.285,1329.954,0.45,3396410400.0,24937881000.0
1907,银行,2026-03-17,1328.976,1344.141,1328.067,1339.039,0.68,4012190800.0,28690497000.0
1908,银行,2026-03-18,1339.188,1339.188,1324.547,1330.628,-0.63,3938279300.0,28261326000.0
1909,银行,2026-03-19,1326.73,1337.972,1321.558,1323.905,-0.51,3857791500.0,28050837000.0
1910,银行,2026-03-20,1324.293,1331.64,1318.209,1318.772,-0.39,3601140300.0,25782457000.0
1911,银行,2026-03-23,1312.022,1312.022,1265.572,1269.672,-3.72,5912594500.0,40028304000.0
1912,银行,2026-03-24,1277.844,1301.091,1276.443,1300.959,2.46,4005531000.0,28445868000.0
1913,银行,2026-03-25,1301.577,1316.971,1289.255,1316.236,1.17,3660710600.0,25089925000.0
1914,银行,2026-03-26,1314.176,1325.832,1313.899,1319.394,0.24,3171011000.0,22597230000.0
1915,银行,2026-03-27,1314.608,1321.195,1303.198,1308.114,-0.85,2887155000.0,20607887000.0
1916,银行,2026-03-30,1301.675,1316.906,1300.528,1313.298,0.4,3014072300.0,22223521000.0
1917,银行,2026-03-31,1314.521,1328.887,1314.224,1319.503,0.47,4772111800.0,33028463000.0
1918,银行,2026-04-01,1323.776,1331.833,1316.864,1319.425,-0.01,3665831900.0,26944637000.0
1919,银行,2026-04-02,1319.698,1330.967,1318.659,1324.315,0.37,3304270000.0,23913481000.0
1920,银行,2026-04-03,1324.23,1324.288,1303.607,1308.01,-1.23,2876546700.0,20141706000.0
1921,银行,2026-04-07,1307.046,1307.408,1293.728,1297.814,-0.78,2790567400.0,20055222000.0
1922,银行,2026-04-08,1302.735,1313.966,1297.743,1313.788,1.23,3553521600.0,26078315000.0
1923,银行,2026-04-09,1310.215,1313.819,1299.318,1299.442,-1.09,2447428800.0,18486162000.0
1924,银行,2026-04-10,1301.718,1305.231,1299.114,1300.627,0.09,2189959400.0,16975029000.0
1925,银行,2026-04-13,1299.17,1300.232,1292.073,1300.104,-0.04,2139541400.0,16605977000.0
1926,银行,2026-04-14,1300.049,1311.273,1300.049,1310.871,0.83,2438074900.0,18355157000.0
1927,银行,2026-04-15,1311.224,1322.869,1310.933,1321.617,0.82,2944140500.0,24197050000.0
1928,银行,2026-04-16,1321.125,1328.651,1314.471,1317.053,-0.35,2703956200.0,21049932000.0
1929,银行,2026-04-17,1316.291,1320.344,1312.589,1314.772,-0.17,2322087600.0,18260769000.0
1930,银行,2026-04-20,1313.813,1327.419,1312.148,1326.439,0.89,2774746500.0,22846547000.0
1931,银行,2026-04-21,1326.537,1340.777,1326.537,1335.303,0.67,2865449800.0,23330114000.0
1932,银行,2026-04-22,1335.711,1339.59,1330.109,1331.726,-0.27,2556449300.0,20396868000.0
1933,银行,2026-04-23,1331.836,1349.835,1331.336,1346.524,1.11,3492416800.0,26595293000.0
1934,银行,2026-04-24,1343.706,1346.109,1333.052,1336.613,-0.74,2799861600.0,22415061000.0
1935,银行,2026-04-27,1337.516,1348.741,1327.79,1329.214,-0.55,3164749300.0,28206120000.0
1936,银行,2026-04-28,1327.29,1333.237,1325.409,1332.756,0.27,3034875700.0,24358503000.0
1937,银行,2026-04-29,1334.535,1344.221,1327.741,1338.639,0.44,3593559700.0,33880078000.0
1938,银行,2026-04-30,1335.297,1341.069,1327.836,1330.173,-0.63,3837786800.0,30960674000.0
1939,银行,2026-05-06,1329.656,1329.656,1315.257,1319.885,-0.77,4041910400.0,33749051000.0
1940,银行,2026-05-07,1319.846,1322.818,1313.599,1314.369,-0.42,2914915500.0,23276416000.0
1941,银行,2026-05-08,1314.646,1321.021,1308.139,1310.489,-0.3,2596243600.0,21566193000.0
1942,银行,2026-05-11,1308.491,1310.056,1302.077,1308.421,-0.16,3533643100.0,27584648000.0
1943,银行,2026-05-12,1308.291,1312.412,1304.028,1305.79,-0.2,2901280700.0,24411442000.0
1944,银行,2026-05-13,1306.4,1308.771,1302.486,1305.863,0.01,2765048400.0,22063806000.0
1945,银行,2026-05-14,1304.77,1312.735,1301.666,1308.547,0.21,3348020800.0,26364758000.0
1946,银行,2026-05-15,1307.276,1311.686,1293.583,1297.399,-0.85,3501354100.0,26342583000.0
1947,银行,2026-05-18,1293.876,1294.107,1282.318,1286.428,-0.85,2963758800.0,22888507000.0
1948,银行,2026-05-19,1286.377,1300.246,1286.377,1294.394,0.62,2873520900.0,22469407000.0
1949,银行,2026-05-20,1294.582,1296.844,1284.474,1286.01,-0.65,2721148900.0,20565885000.0
1950,银行,2026-05-21,1286.299,1295.928,1285.227,1288.132,0.17,3076957400.0,24121953000.0
1951,银行,2026-05-22,1286.862,1288.934,1278.349,1283.424,-0.37,2915626100.0,23403872000.0
1952,银行,2026-05-25,1282.009,1289.309,1279.375,1280.701,-0.21,2362733600.0,19461254000.0
1953,银行,2026-05-26,1280.794,1287.923,1277.268,1282.272,0.12,2697336400.0,22092491000.0
1954,银行,2026-05-27,1281.105,1286.847,1271.981,1274.994,-0.57,3199676300.0,25227723000.0
1955,银行,2026-05-28,1272.859,1278.757,1263.756,1264.837,-0.8,2839391900.0,23122115000.0
1956,银行,2026-05-29,1263.23,1288.973,1260.644,1285.059,1.6,4100068100.0,34746137000.0
1957,银行,2026-06-01,1285.071,1306.513,1279.499,1306.337,1.66,3993128500.0,30985343000.0
1958,银行,2026-06-02,1304.586,1322.48,1303.882,1309.544,0.25,3686961900.0,30042005000.0
1959,银行,2026-06-03,1307.345,1307.437,1288.577,1296.196,-1.02,3280290200.0,25593238000.0
1960,银行,2026-06-04,1295.676,1300.769,1275.95,1279.233,-1.31,2833319500.0,22124168000.0
1961,银行,2026-06-05,1281.664,1299.159,1281.664,1293.694,1.13,3324400900.0,25685447000.0
1962,银行,2026-06-08,1292.572,1304.817,1288.416,1299.091,0.42,4112282600.0,31423263000.0
1963,银行,2026-06-09,1293.941,1313.832,1291.103,1306.786,0.59,4041155600.0,30965544000.0
1964,银行,2026-06-10,1306.314,1332.863,1304.372,1331.695,1.91,4419774800.0,34937969000.0
1965,银行,2026-06-11,1331.493,1332.291,1319.312,1324.887,-0.51,3384682800.0,26776501000.0
1966,银行,2026-06-12,1318.826,1343.344,1313.404,1343.344,1.39,4786059400.0,37939880000.0
1967,银行,2026-06-15,1342.026,1344.74,1323.662,1328.851,-1.08,4571816500.0,36004389000.0
1968,银行,2026-06-16,1325.249,1326.239,1308.464,1310.943,-1.35,3149981100.0,24837963000.0
1969,银行,2026-06-17,1313.692,1317.192,1295.311,1300.361,-0.81,3097601100.0,23425578000.0
1970,银行,2026-06-18,1298.33,1298.33,1264.799,1264.998,-2.72,4302702400.0,32369201000.0
1971,银行,2026-06-22,1261.492,1276.912,1247.929,1270.774,0.46,4264001300.0,32186426000.0
1972,银行,2026-06-23,1269.715,1297.139,1269.715,1290.644,1.56,4785741500.0,34885989000.0
1973,银行,2026-06-24,1291.458,1291.458,1256.16,1256.16,-2.67,4496067400.0,33670656000.0
1974,银行,2026-06-25,1250.192,1262.224,1247.12,1247.886,-0.66,3718421800.0,29081363000.0
1975,银行,2026-06-26,1248.721,1253.382,1233.291,1234.013,-1.11,3713548400.0,27532220000.0
1976,银行,2026-06-29,1231.267,1240.245,1206.685,1235.205,0.1,4061327100.0,29911020000.0
1977,白酒,2022-06-01,4555.494,4584.369,4515.311,4559.933,,253750760.0,20878242000.0
1978,白酒,2022-06-02,4537.819,4561.781,4498.731,4510.567,-1.08,185445230.0,15190891000.0
1979,白酒,2022-06-06,4508.93,4570.404,4430.854,4570.404,1.33,229721950.0,23562186000.0
1980,白酒,2022-06-07,4568.59,4693.636,4553.878,4656.101,1.88,288810590.0,26445159000.0
1981,白酒,2022-06-08,4643.782,4780.754,4631.631,4720.525,1.38,282136430.0,29882638000.0
1982,白酒,2022-06-09,4710.477,4753.5,4645.706,4647.058,-1.56,242067800.0,21292563000.0
1983,白酒,2022-06-10,4612.338,4710.79,4611.041,4702.139,1.19,200085660.0,23606846000.0
1984,白酒,2022-06-13,4656.967,4688.358,4604.988,4656.529,-0.97,206166450.0,22656389000.0
1985,白酒,2022-06-14,4600.749,4716.314,4597.226,4716.314,1.28,223014500.0,19560466000.0
1986,白酒,2022-06-15,4706.858,4821.692,4675.132,4749.928,0.71,278108210.0,27068565000.0
1987,白酒,2022-06-16,4761.349,4823.97,4710.256,4726.431,-0.49,219926060.0,19409677000.0
1988,白酒,2022-06-17,4685.285,4838.264,4685.285,4831.894,2.23,288523750.0,28782110000.0
1989,白酒,2022-06-20,4858.257,5018.66,4825.296,4971.335,2.89,339581820.0,30558478000.0
1990,白酒,2022-06-21,4955.448,5036.287,4893.453,4932.301,-0.79,279669860.0,24611967000.0
1991,白酒,2022-06-22,4933.801,4956.41,4853.194,4855.166,-1.56,224922470.0,18888528000.0
1992,白酒,2022-06-23,4861.426,4916.804,4802.112,4884.96,0.61,203783340.0,19171716000.0
1993,白酒,2022-06-24,4886.419,4976.302,4869.072,4942.276,1.17,246821150.0,25590973000.0
1994,白酒,2022-06-27,4972.569,5080.674,4972.448,5020.47,1.58,286744860.0,31362474000.0
1995,白酒,2022-06-28,5005.969,5019.282,4960.607,4990.578,-0.6,243811760.0,25867865000.0
1996,白酒,2022-06-29,4978.434,5025.014,4897.703,4903.836,-1.74,213877050.0,23379234000.0
1997,白酒,2022-06-30,4914.375,5175.289,4914.375,5134.073,4.7,340245420.0,37280534000.0
1998,白酒,2022-07-01,5140.07,5150.813,5021.411,5093.748,-0.79,218285680.0,23219560000.0
1999,白酒,2022-07-04,5034.329,5063.517,4981.739,5063.517,-0.59,207437600.0,21826682000.0
2000,白酒,2022-07-05,5072.073,5097.419,4949.866,5004.589,-1.16,218264680.0,24449177000.0
2001,白酒,2022-07-06,4982.868,4982.868,4824.62,4864.383,-2.8,207352030.0,24785323000.0
2002,白酒,2022-07-07,4854.592,4897.752,4784.001,4872.543,0.17,177032800.0,20030582000.0
2003,白酒,2022-07-08,4901.844,4970.032,4866.788,4907.935,0.73,168145010.0,18135682000.0
2004,白酒,2022-07-11,4860.86,4860.86,4762.194,4815.126,-1.89,180262030.0,19197576000.0
2005,白酒,2022-07-12,4806.394,4846.666,4727.971,4748.711,-1.38,152278450.0,16020637000.0
2006,白酒,2022-07-13,4756.29,4797.91,4735.461,4758.952,0.22,129139142.0,14984180000.0
2007,白酒,2022-07-14,4745.492,4783.844,4717.845,4741.088,-0.38,143701660.0,14488759000.0
2008,白酒,2022-07-15,4706.729,4838.037,4678.042,4725.078,-0.34,203794300.0,23193722000.0
2009,白酒,2022-07-18,4731.468,4733.496,4603.84,4721.889,-0.07,165684970.0,18510286000.0
2010,白酒,2022-07-19,4703.407,4753.365,4690.438,4742.325,0.43,127216789.0,14091547000.0
2011,白酒,2022-07-20,4756.465,4796.378,4749.799,4766.423,0.51,136659640.0,13665366000.0
2012,白酒,2022-07-21,4747.389,4770.795,4696.559,4697.726,-1.44,123690886.0,12075577700.0
2013,白酒,2022-07-22,4712.484,4744.05,4625.343,4654.198,-0.93,117173647.0,14046458000.0
2014,白酒,2022-07-25,4647.763,4728.058,4614.038,4713.471,1.27,128361078.0,12820646100.0
2015,白酒,2022-07-26,4721.616,4814.543,4721.616,4753.844,0.86,150910440.0,15320983000.0
2016,白酒,2022-07-27,4728.436,4728.436,4663.939,4672.637,-1.71,115787449.0,13474106000.0
2017,白酒,2022-07-28,4688.011,4723.249,4658.216,4660.701,-0.26,119474940.0,15174284000.0
2018,白酒,2022-07-29,4645.943,4645.943,4509.158,4522.309,-2.97,204891580.0,26678091000.0
2019,白酒,2022-08-01,4528.052,4621.597,4525.028,4584.41,1.37,164449790.0,18057242000.0
2020,白酒,2022-08-02,4524.67,4559.794,4451.862,4475.417,-2.38,177611030.0,20801028000.0
2021,白酒,2022-08-03,4489.547,4544.995,4457.057,4459.876,-0.35,126854646.0,15197606000.0
2022,白酒,2022-08-04,4485.161,4575.754,4467.941,4574.718,2.58,148167520.0,17194534000.0
2023,白酒,2022-08-05,4572.78,4613.807,4557.392,4607.421,0.71,124967154.0,13233632800.0
2024,白酒,2022-08-08,4579.25,4631.812,4570.67,4590.93,-0.36,108106625.0,12461899200.0
2025,白酒,2022-08-09,4580.109,4622.454,4560.45,4599.872,0.19,103068567.0,10044758700.0
2026,白酒,2022-08-10,4592.535,4633.795,4527.96,4554.616,-0.98,130106111.0,15879549000.0
2027,白酒,2022-08-11,4569.041,4622.356,4561.826,4622.356,1.49,131078925.0,15606391000.0
2028,白酒,2022-08-12,4622.529,4694.293,4600.808,4680.454,1.26,141178640.0,14911677000.0
2029,白酒,2022-08-15,4658.72,4681.136,4619.646,4645.874,-0.74,134450490.0,14743651000.0
2030,白酒,2022-08-16,4647.466,4666.656,4610.129,4625.2,-0.44,109213901.0,12430453100.0
2031,白酒,2022-08-17,4623.802,4672.477,4575.166,4662.001,0.8,128433910.0,14321678000.0
2032,白酒,2022-08-18,4609.554,4617.361,4542.104,4559.185,-2.21,160157800.0,19276704000.0
2033,白酒,2022-08-19,4542.591,4602.052,4535.933,4555.962,-0.07,112214107.0,11955537200.0
2034,白酒,2022-08-22,4532.474,4590.163,4503.832,4578.717,0.5,128258156.0,12646753500.0
2035,白酒,2022-08-23,4574.149,4585.535,4524.079,4546.39,-0.71,138279990.0,16143926000.0
2036,白酒,2022-08-24,4540.857,4574.9,4498.909,4501.813,-0.98,151444280.0,14159258000.0
2037,白酒,2022-08-25,4513.752,4608.629,4504.02,4608.629,2.37,188068410.0,19636150000.0
2038,白酒,2022-08-26,4615.643,4716.038,4607.865,4614.182,0.12,231612970.0,25613816000.0
2039,白酒,2022-08-29,4574.234,4621.904,4534.129,4544.995,-1.5,180285820.0,20337295000.0
2040,白酒,2022-08-30,4536.06,4539.159,4460.223,4506.493,-0.85,159117110.0,16611147000.0
2041,白酒,2022-08-31,4491.439,4600.705,4488.181,4571.824,1.45,200869960.0,27670181000.0
2042,白酒,2022-09-01,4548.19,4549.047,4480.551,4483.7,-1.93,156005880.0,18059779000.0
2043,白酒,2022-09-02,4486.926,4491.76,4389.604,4414.709,-1.54,135820420.0,15575637000.0
2044,白酒,2022-09-05,4385.166,4390.364,4290.33,4326.705,-1.99,169316930.0,20989119000.0
2045,白酒,2022-09-06,4329.715,4352.759,4290.237,4352.759,0.6,122697214.0,14132245000.0
2046,白酒,2022-09-07,4331.723,4331.723,4282.898,4294.094,-1.35,126590841.0,15381009000.0
2047,白酒,2022-09-08,4302.817,4352.324,4285.313,4289.041,-0.12,117294451.0,13392360000.0
2048,白酒,2022-09-09,4295.349,4331.85,4259.912,4326.19,0.87,116321903.0,16260552000.0
2049,白酒,2022-09-13,4356.724,4389.984,4332.433,4365.804,0.92,153135800.0,19455665000.0
2050,白酒,2022-09-14,4304.309,4328.251,4273.05,4291.376,-1.7,112207840.0,12687039800.0
2051,白酒,2022-09-15,4303.479,4349.948,4252.463,4291.675,0.01,136594020.0,16593960000.0
2052,白酒,2022-09-16,4273.129,4296.397,4161.167,4161.167,-3.04,132537290.0,14983044000.0
2053,白酒,2022-09-19,4146.194,4257.874,4095.289,4206.079,1.08,138096680.0,14870325000.0
2054,白酒,2022-09-20,4220.916,4291.831,4181.485,4291.072,2.02,141949780.0,14132926000.0
2055,白酒,2022-09-21,4278.169,4297.083,4226.875,4243.861,-1.1,95736777.0,11705156300.0
2056,白酒,2022-09-22,4216.026,4242.075,4176.016,4183.974,-1.41,96901875.0,12465399800.0
2057,白酒,2022-09-23,4177.937,4236.461,4157.875,4190.489,0.16,100979661.0,13064784200.0
2058,白酒,2022-09-26,4145.723,4279.949,4145.025,4213.811,0.56,130526834.0,19761481000.0
2059,白酒,2022-09-27,4223.323,4368.193,4193.197,4364.276,3.57,186095090.0,23597793000.0
2060,白酒,2022-09-28,4349.549,4412.329,4324.802,4325.623,-0.89,161148280.0,18619154000.0
2061,白酒,2022-09-29,4375.506,4409.835,4290.528,4309.54,-0.37,134260670.0,15342176000.0
2062,白酒,2022-09-30,4316.37,4365.567,4265.666,4266.053,-1.01,112020071.0,13583750000.0
2063,白酒,2022-10-10,4263.893,4265.873,4031.961,4037.297,-5.36,164076170.0,24615269000.0
2064,白酒,2022-10-11,4032.743,4047.539,3925.206,4035.82,-0.04,122749714.0,16011243000.0
2065,白酒,2022-10-12,4030.699,4031.489,3897.799,4027.87,-0.2,142770540.0,20834097000.0
2066,白酒,2022-10-13,4018.93,4065.108,3985.609,4019.683,-0.2,132454534.0,22341021000.0
2067,白酒,2022-10-14,4043.684,4139.674,4037.96,4120.204,2.5,140712700.0,20614475000.0
2068,白酒,2022-10-17,4092.949,4104.778,4046.443,4098.053,-0.54,117204617.0,17219997000.0
2069,白酒,2022-10-18,4112.939,4141.464,4065.124,4072.045,-0.63,105869522.0,14193269000.0
2070,白酒,2022-10-19,4052.373,4052.373,3958.289,3964.612,-2.64,141315980.0,23699958000.0
2071,白酒,2022-10-20,3928.802,4056.205,3908.307,4015.291,1.28,124741087.0,18282355000.0
2072,白酒,2022-10-21,4008.373,4008.373,3929.429,3948.273,-1.67,106682613.0,15550246000.0
2073,白酒,2022-10-24,3916.072,3926.071,3740.655,3754.057,-4.92,193287860.0,38195157000.0
2074,白酒,2022-10-25,3714.62,3804.053,3702.459,3769.185,0.4,142774770.0,24671062000.0
2075,白酒,2022-10-26,3771.059,3855.382,3770.714,3789.308,0.53,155180840.0,24369761000.0
2076,白酒,2022-10-27,3806.378,3827.93,3661.271,3667.024,-3.23,199591310.0,34583238000.0
2077,白酒,2022-10-28,3651.918,3701.816,3593.876,3605.383,-1.68,173218900.0,27646239000.0
2078,白酒,2022-10-31,3563.004,3615.316,3517.396,3570.469,-0.97,155276920.0,21306107000.0
2079,白酒,2022-11-01,3594.316,3801.904,3594.156,3797.665,6.36,262092030.0,38128191000.0
2080,白酒,2022-11-02,3784.164,3942.412,3771.381,3871.478,1.94,285515480.0,33868969000.0
2081,白酒,2022-11-03,3824.197,3850.504,3802.318,3837.688,-0.87,147207190.0,17412255000.0
2082,白酒,2022-11-04,3834.694,4053.236,3834.694,4008.315,4.45,303773480.0,35133290000.0
2083,白酒,2022-11-07,3972.924,4044.97,3955.983,4027.343,0.47,184183370.0,19963695000.0
2084,白酒,2022-11-08,4020.899,4055.081,3939.934,3965.674,-1.53,152983610.0,17929446000.0
2085,白酒,2022-11-09,3966.918,3993.573,3922.178,3934.652,-0.78,116119277.0,14433258000.0
2086,白酒,2022-11-10,3919.804,4001.475,3909.197,3978.934,1.13,141866200.0,16263680000.0
2087,白酒,2022-11-11,4105.068,4124.651,4014.805,4081.473,2.58,263966310.0,32806199000.0
2088,白酒,2022-11-14,4083.959,4150.483,4024.468,4033.475,-1.18,210169580.0,24914430000.0
2089,白酒,2022-11-15,4026.939,4196.148,4013.656,4164.417,3.25,227879120.0,25648039000.0
2090,白酒,2022-11-16,4142.933,4246.829,4138.516,4186.133,0.52,169234460.0,16010239000.0
2091,白酒,2022-11-17,4165.572,4218.912,4117.572,4156.746,-0.7,140740920.0,15357160000.0
2092,白酒,2022-11-18,4161.316,4206.722,4141.547,4158.223,0.04,125507099.0,13135386600.0
2093,白酒,2022-11-21,4105.737,4105.737,4020.336,4066.762,-2.2,142999600.0,17732424000.0
2094,白酒,2022-11-22,4068.224,4149.096,4064.852,4083.765,0.42,137855180.0,14069502000.0
2095,白酒,2022-11-23,4058.426,4093.334,4036.723,4049.507,-0.84,131016973.0,11475808700.0
2096,白酒,2022-11-24,4063.513,4094.174,4006.645,4015.365,-0.84,114395371.0,13111872800.0
2097,白酒,2022-11-25,4017.559,4046.567,3979.538,4021.588,0.15,106655819.0,9965384500.0
2098,白酒,2022-11-28,3948.136,4049.309,3890.435,4047.319,0.64,184578130.0,20486054000.0
2099,白酒,2022-11-29,4091.961,4185.672,4079.421,4177.24,3.21,232403360.0,32412731000.0
2100,白酒,2022-11-30,4149.305,4206.159,4128.628,4143.295,-0.81,142493570.0,17248668000.0
2101,白酒,2022-12-01,4277.392,4382.36,4277.392,4298.053,3.74,290729070.0,34068943000.0
2102,白酒,2022-12-02,4292.204,4374.934,4280.852,4312.438,0.33,192981350.0,18487776000.0
2103,白酒,2022-12-05,4377.203,4425.153,4358.462,4374.205,1.43,228118590.0,23489825000.0
2104,白酒,2022-12-06,4347.725,4612.707,4346.17,4505.523,3.0,317046770.0,35297801000.0
2105,白酒,2022-12-07,4482.256,4579.092,4445.913,4518.741,0.29,209341410.0,25042305000.0
2106,白酒,2022-12-08,4507.394,4569.855,4479.806,4535.505,0.37,165852870.0,16780408000.0
2107,白酒,2022-12-09,4530.494,4696.981,4497.813,4686.269,3.32,327003530.0,34771025000.0
2108,白酒,2022-12-12,4659.668,4721.802,4606.128,4607.908,-1.67,226788290.0,25477621000.0
2109,白酒,2022-12-13,4597.092,4704.428,4554.377,4690.44,1.79,195558570.0,19020607000.0
2110,白酒,2022-12-14,4669.241,4873.079,4651.917,4841.189,3.21,295496050.0,29183550000.0
2111,白酒,2022-12-15,4841.205,4879.826,4745.965,4762.475,-1.63,225545970.0,23032364000.0
2112,白酒,2022-12-16,4714.878,4820.015,4714.0,4772.312,0.21,175914360.0,19266173000.0
2113,白酒,2022-12-19,4768.423,4804.68,4667.818,4684.101,-1.85,161685240.0,17126807000.0
2114,白酒,2022-12-20,4662.453,4667.959,4473.667,4515.222,-3.61,226651370.0,28278971000.0
2115,白酒,2022-12-21,4542.425,4606.003,4542.425,4569.818,1.21,136306650.0,15489149000.0
2116,白酒,2022-12-22,4594.627,4790.39,4588.171,4699.51,2.84,246078020.0,22558736000.0
2117,白酒,2022-12-23,4665.384,4825.198,4653.748,4759.338,1.27,236145220.0,20359918000.0
2118,白酒,2022-12-26,4745.105,4771.245,4686.177,4706.552,-1.11,171136770.0,16877261000.0
2119,白酒,2022-12-27,4743.992,4823.439,4702.047,4786.157,1.69,180043600.0,16710487000.0
2120,白酒,2022-12-28,4757.361,4763.551,4687.874,4723.422,-1.31,154786860.0,16110760000.0
2121,白酒,2022-12-29,4688.967,4696.045,4628.517,4673.634,-1.05,135667990.0,15580963000.0
2122,白酒,2022-12-30,4691.485,4723.549,4647.195,4698.056,0.52,135225450.0,15866590000.0
2123,白酒,2023-01-03,4687.961,4723.772,4584.406,4613.719,-1.8,182619480.0,19786403000.0
2124,白酒,2023-01-04,4597.588,4674.419,4581.341,4627.455,0.3,133135950.0,13954824000.0
2125,白酒,2023-01-05,4643.249,4847.621,4643.249,4832.719,4.44,278107500.0,33984451000.0
2126,白酒,2023-01-06,4829.207,4843.816,4749.749,4816.881,-0.33,198326050.0,22234882000.0
2127,白酒,2023-01-09,4837.481,5024.581,4800.001,5012.035,4.05,307552010.0,29034938000.0
2128,白酒,2023-01-10,5003.747,5094.413,4968.599,5024.991,0.26,240434750.0,23493438000.0
2129,白酒,2023-01-11,5021.82,5021.82,4931.395,4950.38,-1.48,160080490.0,17870928000.0
2130,白酒,2023-01-12,4953.338,4985.515,4897.622,4905.162,-0.91,137510170.0,14958789000.0
2131,白酒,2023-01-13,4914.166,5078.926,4911.653,5040.714,2.76,209330130.0,25339353000.0
2132,白酒,2023-01-16,5069.745,5195.497,5069.745,5132.477,1.82,321695830.0,34105772000.0
2133,白酒,2023-01-17,5132.008,5132.008,5017.079,5041.392,-1.77,212996800.0,21327999000.0
2134,白酒,2023-01-18,5053.849,5119.791,4990.788,5002.105,-0.78,177041340.0,20197566000.0
2135,白酒,2023-01-19,4981.872,4988.539,4918.937,4963.724,-0.77,167597450.0,18569452000.0
2136,白酒,2023-01-20,4985.489,5025.223,4918.612,4928.001,-0.72,158152400.0,20378332000.0
2137,白酒,2023-01-30,5007.188,5067.467,4930.257,5019.025,1.85,261374060.0,31620081000.0
2138,白酒,2023-01-31,5003.26,5031.827,4884.614,4901.175,-2.35,206964390.0,25245963000.0
2139,白酒,2023-02-01,4902.011,4941.694,4847.997,4941.017,0.81,185847790.0,23557760000.0
2140,白酒,2023-02-02,4951.697,5081.447,4926.851,5030.678,1.81,272152680.0,25166779000.0
2141,白酒,2023-02-03,4995.552,5022.947,4910.826,5010.973,-0.39,191786230.0,23474907000.0
2142,白酒,2023-02-06,4936.212,5006.671,4870.606,4960.625,-1.0,209172360.0,27598164000.0
2143,白酒,2023-02-07,4979.549,4999.627,4916.302,4930.433,-0.61,134407760.0,16221698000.0
2144,白酒,2023-02-08,4938.182,4958.179,4886.591,4898.234,-0.65,109451237.0,12935965900.0
2145,白酒,2023-02-09,4888.433,5064.207,4883.54,5044.619,2.99,232132920.0,24537065000.0
2146,白酒,2023-02-10,5034.666,5143.44,5024.49,5109.268,1.28,214600500.0,19358790000.0
2147,白酒,2023-02-13,5094.718,5334.256,5094.061,5282.6,3.39,313197540.0,34624948000.0
2148,白酒,2023-02-14,5283.822,5351.252,5223.155,5279.372,-0.06,223993680.0,22254968000.0
2149,白酒,2023-02-15,5300.25,5379.656,5277.324,5310.125,0.58,208765400.0,19105354000.0
2150,白酒,2023-02-16,5303.124,5458.967,5280.751,5352.188,0.79,262049350.0,27861394000.0
2151,白酒,2023-02-17,5336.802,5453.785,5281.685,5286.052,-1.24,213219270.0,23786145000.0
2152,白酒,2023-02-20,5284.173,5425.326,5261.461,5421.767,2.57,227042030.0,23403331000.0
2153,白酒,2023-02-21,5423.177,5425.782,5315.92,5357.567,-1.18,191979850.0,18786170000.0
2154,白酒,2023-02-22,5328.262,5475.203,5310.78,5390.657,0.62,185472580.0,18325087000.0
2155,白酒,2023-02-23,5394.717,5436.243,5293.15,5336.131,-1.01,161900660.0,17016525000.0
2156,白酒,2023-02-24,5323.2,5323.2,5220.766,5270.524,-1.23,142247220.0,18382095000.0
2157,白酒,2023-02-27,5235.309,5334.038,5206.63,5298.53,0.53,147614430.0,18287875000.0
2158,白酒,2023-02-28,5298.222,5333.249,5240.033,5293.69,-0.09,112281250.0,14056488000.0
2159,白酒,2023-03-01,5292.389,5348.601,5235.921,5318.471,0.47,135362510.0,17169219000.0
2160,白酒,2023-03-02,5308.092,5334.244,5285.522,5312.088,-0.12,102711303.0,11448261800.0
2161,白酒,2023-03-03,5323.579,5384.12,5246.548,5275.424,-0.69,118558608.0,13112541800.0
2162,白酒,2023-03-06,5258.06,5351.486,5210.711,5280.715,0.1,129790065.0,15563101000.0
2163,白酒,2023-03-07,5273.926,5292.707,5183.039,5187.382,-1.77,136691140.0,16635177000.0
2164,白酒,2023-03-08,5155.844,5226.125,5128.256,5164.991,-0.43,98369361.0,13197941300.0
2165,白酒,2023-03-09,5177.782,5197.714,5051.095,5111.934,-1.03,144704130.0,18387338000.0
2166,白酒,2023-03-10,5081.903,5139.178,5030.183,5030.183,-1.6,110359560.0,13490370000.0
2167,白酒,2023-03-13,5028.559,5144.341,5028.559,5114.77,1.68,118022599.0,15490514000.0
2168,白酒,2023-03-14,5112.839,5114.822,4980.265,5030.726,-1.64,127315761.0,15237209000.0
2169,白酒,2023-03-15,5064.856,5077.42,4960.786,4964.376,-1.32,112035580.0,13688965000.0
2170,白酒,2023-03-16,4939.068,5032.153,4917.352,4951.708,-0.26,107101044.0,13330727400.0
2171,白酒,2023-03-17,4998.206,5008.263,4855.444,4872.733,-1.59,148336900.0,18808883000.0
2172,白酒,2023-03-20,4862.562,4863.179,4772.35,4818.973,-1.1,156608790.0,16539462000.0
2173,白酒,2023-03-21,4836.319,4985.585,4813.143,4959.647,2.92,169741690.0,20831369000.0
2174,白酒,2023-03-22,4973.282,5044.617,4940.386,4948.363,-0.23,124016253.0,14031936000.0
2175,白酒,2023-03-23,4929.107,5082.564,4927.321,5019.714,1.44,132332656.0,15146256000.0
2176,白酒,2023-03-24,5006.536,5082.405,5000.271,5016.551,-0.06,109974424.0,12016005600.0
2177,白酒,2023-03-27,5023.277,5023.277,4947.742,4967.122,-0.99,102252314.0,11869811000.0
2178,白酒,2023-03-28,4972.012,5108.626,4972.012,5078.169,2.24,132511422.0,14287101000.0
2179,白酒,2023-03-29,5093.405,5113.835,5045.033,5103.251,0.49,124727014.0,14383870000.0
2180,白酒,2023-03-30,5096.375,5159.856,5048.087,5141.07,0.74,119790872.0,14904347000.0
2181,白酒,2023-03-31,5154.177,5223.974,5123.85,5132.634,-0.16,133923674.0,17622071000.0
2182,白酒,2023-04-03,5118.778,5193.508,5087.958,5150.224,0.34,139922280.0,16359971000.0
2183,白酒,2023-04-04,5148.613,5205.242,5100.632,5188.829,0.75,143603830.0,16970614000.0
2184,白酒,2023-04-06,5163.675,5182.472,5054.528,5063.156,-2.42,131238376.0,15182563000.0
2185,白酒,2023-04-07,5048.947,5124.094,5020.261,5038.592,-0.49,108720319.0,13617359000.0
2186,白酒,2023-04-10,5014.934,5014.934,4843.52,4950.703,-1.74,209513140.0,26263547000.0
2187,白酒,2023-04-11,4948.251,4948.251,4835.547,4852.596,-1.98,161842280.0,20190350000.0
2188,白酒,2023-04-12,4857.273,4858.206,4728.218,4741.222,-2.3,168673940.0,24901399000.0
2189,白酒,2023-04-13,4733.475,4798.859,4703.28,4783.602,0.89,136980400.0,18001112000.0
2190,白酒,2023-04-14,4782.276,4806.721,4710.263,4713.614,-1.46,125035521.0,14169965000.0
2191,白酒,2023-04-17,4739.477,4871.385,4739.477,4796.163,1.75,155271010.0,18949959000.0
2192,白酒,2023-04-18,4800.697,4835.131,4769.757,4785.91,-0.21,118793779.0,14062396000.0
2193,白酒,2023-04-19,4788.088,4788.088,4713.147,4752.261,-0.7,104405844.0,11219556600.0
2194,白酒,2023-04-20,4751.466,4765.92,4684.624,4702.957,-1.04,103087477.0,12341651300.0
2195,白酒,2023-04-21,4706.903,4755.942,4664.165,4665.686,-0.79,105545308.0,11799024200.0
2196,白酒,2023-04-24,4668.254,4676.44,4609.129,4627.46,-0.82,130450593.0,14851885000.0
2197,白酒,2023-04-25,4636.755,4673.565,4562.651,4645.159,0.38,120074383.0,14027397000.0
2198,白酒,2023-04-26,4642.738,4682.675,4594.367,4663.157,0.39,128211536.0,15389600000.0
2199,白酒,2023-04-27,4624.235,4709.822,4602.016,4669.845,0.14,178749190.0,16934778000.0
2200,白酒,2023-04-28,4705.709,4775.034,4689.743,4737.301,1.44,171508060.0,18731169000.0
2201,白酒,2023-05-04,4759.44,4822.03,4709.102,4728.044,-0.2,206760790.0,22913115000.0
2202,白酒,2023-05-05,4733.433,4778.76,4694.266,4755.072,0.57,144157800.0,16525368000.0
2203,白酒,2023-05-08,4759.107,4788.479,4694.125,4699.519,-1.17,129255180.0,16580328000.0
2204,白酒,2023-05-09,4686.419,4776.217,4656.172,4689.628,-0.21,146510330.0,17898193000.0
2205,白酒,2023-05-10,4674.418,4680.244,4625.474,4650.639,-0.83,90888464.0,11322648600.0
2206,白酒,2023-05-11,4661.494,4696.273,4628.364,4630.493,-0.43,78335857.0,9530829300.0
2207,白酒,2023-05-12,4635.284,4655.914,4561.596,4562.257,-1.47,92139032.0,11338741600.0
2208,白酒,2023-05-15,4552.923,4609.678,4531.054,4609.64,1.04,87998929.0,12053440900.0
2209,白酒,2023-05-16,4605.855,4605.855,4533.321,4545.471,-1.39,73620529.0,9975128000.0
2210,白酒,2023-05-17,4541.553,4545.606,4484.401,4515.091,-0.67,80267254.0,9294434200.0
2211,白酒,2023-05-18,4518.608,4557.689,4482.456,4500.345,-0.33,84219266.0,10360118400.0
2212,白酒,2023-05-19,4490.417,4601.031,4451.03,4585.07,1.88,117284376.0,13744088000.0
2213,白酒,2023-05-22,4549.138,4722.588,4507.598,4704.098,2.6,196402270.0,26710305000.0
2214,白酒,2023-05-23,4691.406,4720.252,4640.444,4640.444,-1.35,122874071.0,14274554000.0
2215,白酒,2023-05-24,4624.238,4631.309,4568.648,4569.115,-1.54,97602409.0,11525910700.0
2216,白酒,2023-05-25,4553.983,4553.983,4481.32,4511.857,-1.25,123686008.0,13053241900.0
2217,白酒,2023-05-26,4515.11,4548.867,4467.393,4513.758,0.04,96094593.0,10789582200.0
2218,白酒,2023-05-29,4512.052,4526.987,4439.685,4473.737,-0.89,103389599.0,11353289900.0
2219,白酒,2023-05-30,4472.452,4496.735,4397.966,4436.779,-0.83,98680130.0,13705665000.0
2220,白酒,2023-05-31,4412.632,4422.237,4327.711,4352.979,-1.89,148692350.0,18590335000.0
2221,白酒,2023-06-01,4341.082,4452.38,4340.439,4375.676,0.52,124173549.0,15465981000.0
2222,白酒,2023-06-02,4378.858,4455.947,4344.828,4449.761,1.69,128103847.0,14624679000.0
2223,白酒,2023-06-05,4435.752,4440.89,4326.353,4330.169,-2.69,128884225.0,13546951000.0
2224,白酒,2023-06-06,4321.709,4357.906,4278.785,4289.981,-0.93,130025802.0,14789680000.0
2225,白酒,2023-06-07,4294.113,4325.652,4223.604,4230.647,-1.38,103272727.0,11809933900.0
2226,白酒,2023-06-08,4233.296,4298.414,4219.221,4269.165,0.91,92618456.0,10204514000.0
2227,白酒,2023-06-09,4277.82,4297.35,4235.497,4248.752,-0.48,97524552.0,11657353500.0
2228,白酒,2023-06-12,4241.066,4424.454,4223.463,4385.021,3.21,166944890.0,19472186000.0
2229,白酒,2023-06-13,4373.439,4440.498,4359.949,4415.124,0.69,125555121.0,14080143000.0
2230,白酒,2023-06-14,4420.264,4585.018,4420.264,4549.293,3.04,231937440.0,23596633000.0
2231,白酒,2023-06-15,4558.084,4639.406,4535.37,4630.757,1.79,184166050.0,19501963000.0
2232,白酒,2023-06-16,4639.356,4680.82,4609.413,4651.233,0.44,151411530.0,19635823000.0
2233,白酒,2023-06-19,4636.598,4661.738,4530.012,4547.646,-2.23,154872780.0,19593592000.0
2234,白酒,2023-06-20,4543.36,4578.631,4482.735,4491.246,-1.24,112687746.0,14151483000.0
2235,白酒,2023-06-21,4479.439,4508.887,4427.842,4429.117,-1.38,99311006.0,11938373100.0
2236,白酒,2023-06-26,4391.717,4391.717,4279.586,4301.745,-2.88,145353300.0,16403445000.0
2237,白酒,2023-06-27,4342.698,4372.822,4292.991,4370.036,1.59,143314000.0,14381974000.0
2238,白酒,2023-06-28,4361.666,4405.023,4330.189,4373.117,0.07,115276586.0,12051226700.0
2239,白酒,2023-06-29,4366.467,4373.458,4287.18,4310.804,-1.42,120929849.0,12108200900.0
2240,白酒,2023-06-30,4310.982,4338.639,4280.735,4289.625,-0.49,115422284.0,12419089700.0
2241,白酒,2023-07-03,4289.825,4405.701,4260.142,4405.701,2.71,155009130.0,16556769000.0
2242,白酒,2023-07-04,4397.064,4425.093,4354.012,4410.297,0.1,109328936.0,11686658900.0
2243,白酒,2023-07-05,4403.713,4403.954,4310.203,4324.033,-1.96,107286896.0,10956886300.0
2244,白酒,2023-07-06,4305.343,4356.778,4268.092,4279.018,-1.04,90579819.0,9646876700.0
2245,白酒,2023-07-07,4267.363,4296.135,4245.211,4265.709,-0.31,74201403.0,8398302600.0
2246,白酒,2023-07-10,4286.091,4363.776,4286.091,4309.641,1.03,129327625.0,10711685100.0
2247,白酒,2023-07-11,4312.363,4312.447,4264.087,4296.706,-0.3,94689960.0,8326130100.0
2248,白酒,2023-07-12,4294.451,4318.198,4277.75,4299.093,0.06,95492859.0,9510030900.0
2249,白酒,2023-07-13,4314.242,4456.155,4314.242,4449.613,3.5,217654880.0,23403267000.0
2250,白酒,2023-07-14,4458.784,4485.194,4400.585,4417.381,-0.72,131500038.0,13160930900.0
2251,白酒,2023-07-17,4380.034,4380.123,4323.904,4356.606,-1.38,105077834.0,9578731400.0
2252,白酒,2023-07-18,4361.127,4363.721,4323.477,4331.414,-0.58,85196147.0,8565621900.0
2253,白酒,2023-07-19,4319.18,4346.919,4298.436,4321.279,-0.23,76886684.0,7941713200.0
2254,白酒,2023-07-20,4339.183,4390.487,4306.046,4311.647,-0.22,119757535.0,11932948500.0
2255,白酒,2023-07-21,4308.803,4452.399,4294.337,4420.733,2.53,202914140.0,21498455000.0
2256,白酒,2023-07-24,4399.826,4405.182,4372.872,4389.614,-0.7,119094645.0,12869292700.0
2257,白酒,2023-07-25,4504.183,4625.124,4504.183,4590.418,4.57,307062230.0,35028344000.0
2258,白酒,2023-07-26,4598.257,4643.28,4558.334,4591.806,0.03,172542430.0,18114978000.0
2259,白酒,2023-07-27,4598.898,4716.26,4578.56,4659.132,1.47,203264470.0,21140636000.0
2260,白酒,2023-07-28,4643.06,4758.93,4628.124,4749.026,1.93,212453930.0,27088769000.0
2261,白酒,2023-07-31,4785.47,4965.344,4784.553,4812.274,1.33,298986670.0,34513119000.0
2262,白酒,2023-08-01,4783.515,4854.833,4737.641,4757.5,-1.14,178199660.0,19604898000.0
2263,白酒,2023-08-02,4735.333,4797.043,4721.217,4748.648,-0.19,115830321.0,13131046000.0
2264,白酒,2023-08-03,4739.41,4809.146,4706.181,4801.198,1.11,140380140.0,15752775000.0
2265,白酒,2023-08-04,4847.971,4878.494,4783.143,4789.334,-0.25,142393600.0,16609033000.0
2266,白酒,2023-08-07,4761.135,4763.014,4690.421,4709.621,-1.66,150870360.0,16744137000.0
2267,白酒,2023-08-08,4701.659,4744.715,4681.54,4721.458,0.25,94949532.0,11202379200.0
2268,白酒,2023-08-09,4707.299,4732.445,4700.014,4714.35,-0.15,72035886.0,9967037100.0
2269,白酒,2023-08-10,4710.362,4722.721,4656.122,4721.635,0.15,94342593.0,11154932300.0
2270,白酒,2023-08-11,4733.507,4733.507,4605.839,4606.409,-2.44,143550160.0,15282549000.0
2271,白酒,2023-08-14,4552.717,4561.482,4488.121,4557.804,-1.06,124227225.0,15022393000.0
2272,白酒,2023-08-15,4572.12,4592.813,4521.728,4559.277,0.03,94802827.0,10599290200.0
2273,白酒,2023-08-16,4535.304,4579.007,4532.928,4547.081,-0.27,76254755.0,8927870900.0
2274,白酒,2023-08-17,4519.917,4652.64,4494.443,4650.779,2.28,124519558.0,13518951000.0
2275,白酒,2023-08-18,4670.885,4674.562,4565.565,4565.565,-1.83,117618433.0,13839795000.0
2276,白酒,2023-08-21,4567.408,4664.861,4546.326,4601.891,0.8,144716370.0,13785086000.0
2277,白酒,2023-08-22,4613.405,4626.381,4518.972,4576.971,-0.54,136381230.0,14207089000.0
2278,白酒,2023-08-23,4573.083,4580.617,4492.42,4494.843,-1.79,110204666.0,11067930900.0
2279,白酒,2023-08-24,4500.037,4630.331,4480.936,4595.184,2.23,139271860.0,15478625000.0
2280,白酒,2023-08-25,4560.362,4567.465,4507.886,4521.21,-1.61,120939817.0,11764345500.0
2281,白酒,2023-08-28,4749.04,4749.04,4475.476,4489.917,-0.69,223912310.0,27635634000.0
2282,白酒,2023-08-29,4462.804,4588.439,4448.471,4577.056,1.94,157581530.0,18106298000.0
2283,白酒,2023-08-30,4570.685,4600.637,4541.401,4558.544,-0.4,170873070.0,15313210000.0
2284,白酒,2023-08-31,4546.381,4547.099,4494.026,4531.577,-0.59,141370250.0,13216509800.0
2285,白酒,2023-09-01,4555.811,4669.428,4555.597,4637.451,2.34,188082470.0,16468515000.0
2286,白酒,2023-09-04,4669.696,4871.156,4669.696,4839.031,4.35,329147660.0,29845906000.0
2287,白酒,2023-09-05,4818.3,4829.02,4763.035,4775.333,-1.32,178874930.0,15630014000.0
2288,白酒,2023-09-06,4757.129,4787.202,4740.942,4773.765,-0.03,139187600.0,11668534500.0
2289,白酒,2023-09-07,4751.64,4783.351,4698.509,4706.994,-1.4,123804069.0,11882722800.0
2290,白酒,2023-09-08,4683.212,4710.35,4635.623,4658.865,-1.02,98270983.0,9024319800.0
2291,白酒,2023-09-11,4655.63,4744.849,4635.729,4700.927,0.9,130330445.0,12733279100.0
2292,白酒,2023-09-12,4691.027,4698.945,4650.103,4658.567,-0.9,97702625.0,9187272600.0
2293,白酒,2023-09-13,4656.809,4738.254,4642.179,4671.619,0.28,127644673.0,12397254900.0
2294,白酒,2023-09-14,4662.665,4691.251,4610.334,4636.781,-0.75,102555540.0,10975819900.0
2295,白酒,2023-09-15,4643.936,4672.337,4589.739,4598.177,-0.83,119540023.0,15520875000.0
2296,白酒,2023-09-18,4579.8,4636.08,4549.749,4625.807,0.6,111814977.0,14857656000.0
2297,白酒,2023-09-19,4616.947,4616.947,4547.611,4578.899,-1.01,98369455.0,10295849700.0
2298,白酒,2023-09-20,4568.863,4576.428,4541.707,4541.707,-0.81,79271184.0,8206609000.0
2299,白酒,2023-09-21,4534.481,4534.481,4450.016,4450.016,-2.02,107853914.0,12194080300.0
2300,白酒,2023-09-22,4438.631,4521.567,4428.717,4521.025,1.6,116130486.0,15840175000.0
2301,白酒,2023-09-25,4515.889,4515.889,4455.304,4469.06,-1.15,94596980.0,9520426500.0
2302,白酒,2023-09-26,4461.778,4477.751,4412.755,4415.099,-1.21,88914989.0,9699010900.0
2303,白酒,2023-09-27,4421.671,4465.23,4399.843,4414.292,-0.02,98252463.0,11393514500.0
2304,白酒,2023-09-28,4427.333,4438.261,4365.225,4375.091,-0.89,106843741.0,11927018300.0
2305,白酒,2023-10-09,4371.079,4371.079,4302.455,4359.619,-0.35,126527322.0,14495762000.0
2306,白酒,2023-10-10,4373.685,4418.598,4327.022,4334.621,-0.57,105500919.0,11802562800.0
2307,白酒,2023-10-11,4347.49,4355.711,4304.818,4316.128,-0.43,88903280.0,10545239300.0
2308,白酒,2023-10-12,4348.933,4367.317,4309.353,4331.665,0.36,91222977.0,10389557500.0
2309,白酒,2023-10-13,4306.672,4306.672,4226.134,4242.982,-2.05,118053410.0,14029864000.0
2310,白酒,2023-10-16,4234.75,4234.75,4167.946,4180.609,-1.47,109864969.0,12394248200.0
2311,白酒,2023-10-17,4186.421,4196.72,4142.237,4170.318,-0.25,88721440.0,9496993000.0
2312,白酒,2023-10-18,4156.57,4189.295,4120.709,4120.928,-1.18,88999820.0,10364811500.0
2313,白酒,2023-10-19,4094.857,4096.604,4016.259,4018.601,-2.48,129732555.0,22791807000.0
2314,白酒,2023-10-20,3992.855,4061.073,3976.907,3989.284,-0.73,112052377.0,15460518000.0
2315,白酒,2023-10-23,3974.539,4053.204,3939.564,3966.568,-0.57,101838756.0,11325064500.0
2316,白酒,2023-10-24,3984.551,4024.712,3941.411,3988.0,0.54,108145757.0,13226260600.0
2317,白酒,2023-10-25,4067.075,4131.112,4067.075,4099.515,2.8,161708090.0,19096402000.0
2318,白酒,2023-10-26,4059.342,4129.635,4059.177,4126.826,0.67,100127085.0,11468320900.0
2319,白酒,2023-10-27,4123.208,4212.089,4114.4,4203.132,1.85,138342970.0,16029064000.0
2320,白酒,2023-10-30,4192.611,4283.439,4192.611,4277.316,1.76,175974740.0,16540262000.0
2321,白酒,2023-10-31,4304.653,4325.309,4277.104,4313.159,0.84,133584323.0,12425263600.0
2322,白酒,2023-11-01,4529.388,4529.388,4350.956,4352.72,0.92,265091630.0,37668295000.0
2323,白酒,2023-11-02,4337.861,4357.581,4260.25,4260.25,-2.12,147189490.0,14746311000.0
2324,白酒,2023-11-03,4255.365,4350.309,4253.093,4308.538,1.13,123761781.0,13507472000.0
2325,白酒,2023-11-06,4331.101,4333.105,4273.614,4308.724,0.0,128488986.0,13798409000.0
2326,白酒,2023-11-07,4294.254,4305.181,4254.674,4287.059,-0.5,105875738.0,10505679900.0
2327,白酒,2023-11-08,4268.099,4300.672,4254.049,4281.835,-0.12,101762415.0,10254917800.0
2328,白酒,2023-11-09,4271.527,4293.87,4246.893,4268.097,-0.32,75555114.0,7805271200.0
2329,白酒,2023-11-10,4245.938,4250.293,4207.006,4219.584,-1.14,77589234.0,9145295800.0
2330,白酒,2023-11-13,4220.74,4229.919,4173.857,4202.268,-0.41,85533812.0,10067100900.0
2331,白酒,2023-11-14,4205.102,4237.554,4188.976,4211.09,0.21,86419301.0,8490695800.0
2332,白酒,2023-11-15,4247.084,4267.731,4228.817,4250.577,0.94,102226160.0,10340706500.0
2333,白酒,2023-11-16,4235.44,4252.529,4199.161,4199.161,-1.21,77089780.0,7587717900.0
2334,白酒,2023-11-17,4182.061,4208.417,4168.644,4191.731,-0.18,96247489.0,9934174100.0
2335,白酒,2023-11-20,4194.732,4227.882,4163.116,4222.335,0.73,101567167.0,9990137900.0
2336,白酒,2023-11-21,4238.282,4297.133,4216.12,4275.166,1.25,142321960.0,15980377000.0
2337,白酒,2023-11-22,4252.855,4271.918,4234.669,4244.586,-0.72,87584435.0,8005638300.0
2338,白酒,2023-11-23,4231.988,4260.37,4204.064,4256.592,0.28,88772335.0,7776178700.0
2339,白酒,2023-11-24,4249.406,4265.727,4224.393,4240.304,-0.38,83402964.0,7587043300.0
2340,白酒,2023-11-27,4223.946,4223.946,4138.359,4170.3,-1.65,126006122.0,11280269000.0
2341,白酒,2023-11-28,4164.429,4200.672,4135.385,4161.492,-0.21,95465989.0,9489889100.0
2342,白酒,2023-11-29,4150.158,4163.313,4101.905,4148.777,-0.31,87450157.0,9214897300.0
2343,白酒,2023-11-30,4142.477,4182.271,4125.748,4170.948,0.53,82354384.0,9596220200.0
2344,白酒,2023-12-01,4163.407,4163.407,4091.836,4127.458,-1.04,101460125.0,13489538000.0
2345,白酒,2023-12-04,4123.322,4123.4,4062.248,4063.965,-1.54,89966830.0,10247397400.0
2346,白酒,2023-12-05,4046.568,4046.568,3960.524,3960.524,-2.55,110919955.0,13726353000.0
2347,白酒,2023-12-06,3944.666,4018.2,3943.814,3992.505,0.81,98535082.0,11710155600.0
2348,白酒,2023-12-07,3990.336,3997.182,3947.962,3984.825,-0.19,91727111.0,11723585700.0
2349,白酒,2023-12-08,3982.848,4017.084,3965.3,3978.81,-0.15,103333235.0,12264351200.0
2350,白酒,2023-12-11,3936.298,3954.455,3858.227,3947.037,-0.8,174349960.0,20712881000.0
2351,白酒,2023-12-12,3934.667,3981.417,3932.832,3981.192,0.87,94903663.0,11288405600.0
2352,白酒,2023-12-13,3973.362,3973.362,3852.211,3852.211,-3.24,144226420.0,19037729000.0
2353,白酒,2023-12-14,3862.072,3882.685,3765.292,3765.292,-2.26,151323080.0,18094416000.0
2354,白酒,2023-12-15,3765.558,3833.187,3753.003,3762.855,-0.06,138248260.0,16192937000.0
2355,白酒,2023-12-18,3736.539,3748.03,3700.756,3706.562,-1.5,106154879.0,10126156700.0
2356,白酒,2023-12-19,3718.698,3752.363,3690.179,3729.329,0.61,102888221.0,9913528600.0
2357,白酒,2023-12-20,3727.15,3734.076,3667.128,3667.128,-1.67,102216780.0,9923848900.0
2358,白酒,2023-12-21,3645.567,3785.875,3645.567,3779.614,3.07,178133410.0,15119895000.0
2359,白酒,2023-12-22,3766.698,3791.759,3731.002,3747.808,-0.84,137609960.0,12009725000.0
2360,白酒,2023-12-25,3741.198,3779.566,3741.069,3777.497,0.79,90996628.0,7944076700.0
2361,白酒,2023-12-26,3773.575,3773.575,3725.667,3742.257,-0.93,75812532.0,7171662900.0
2362,白酒,2023-12-27,3741.333,3766.316,3713.128,3745.91,0.1,94124863.0,8373209100.0
2363,白酒,2023-12-28,3740.009,3935.844,3729.704,3907.809,4.32,233623600.0,22574624000.0
2364,白酒,2023-12-29,3907.214,3934.622,3872.937,3903.849,-0.1,153756750.0,15480264000.0
2365,白酒,2024-01-02,3894.044,3894.044,3802.85,3802.85,-2.59,141633770.0,15972116000.0
2366,白酒,2024-01-03,3795.407,3827.244,3754.762,3788.012,-0.39,112541669.0,11676874400.0
2367,白酒,2024-01-04,3778.814,3778.814,3685.669,3699.553,-2.34,125413744.0,13004991100.0
2368,白酒,2024-01-05,3685.261,3715.406,3639.393,3652.674,-1.27,109476968.0,10936538600.0
2369,白酒,2024-01-08,3643.636,3648.821,3582.633,3582.633,-1.92,112779195.0,12118084400.0
2370,白酒,2024-01-09,3588.172,3630.739,3560.266,3589.403,0.19,104521028.0,11417176100.0
2371,白酒,2024-01-10,3578.652,3670.01,3537.972,3637.458,1.34,124828952.0,11287016900.0
2372,白酒,2024-01-11,3618.694,3667.458,3600.423,3655.396,0.49,102468190.0,9875944300.0
2373,白酒,2024-01-12,3640.535,3667.553,3616.404,3623.526,-0.87,96956783.0,8706205600.0
2374,白酒,2024-01-15,3613.441,3640.345,3590.011,3598.157,-0.7,95271991.0,10066153300.0
2375,白酒,2024-01-16,3589.341,3645.574,3557.869,3605.357,0.2,114977971.0,11876342600.0
2376,白酒,2024-01-17,3588.244,3588.727,3479.976,3479.976,-3.48,127389752.0,17248501000.0
2377,白酒,2024-01-18,3464.761,3534.215,3424.609,3534.031,1.55,171173550.0,20992397000.0
2378,白酒,2024-01-19,3513.884,3566.789,3502.46,3538.108,0.12,131848752.0,16672259000.0
2379,白酒,2024-01-22,3515.884,3517.743,3386.139,3412.643,-3.55,136076200.0,16643905000.0
2380,白酒,2024-01-23,3398.694,3423.299,3352.739,3396.371,-0.48,121453051.0,13254715300.0
2381,白酒,2024-01-24,3413.974,3428.71,3293.823,3391.194,-0.15,147643520.0,14283303000.0
2382,白酒,2024-01-25,3378.791,3508.982,3373.53,3485.293,2.77,181902540.0,16880025000.0
2383,白酒,2024-01-26,3467.392,3544.109,3460.291,3486.566,0.04,156931730.0,14318346000.0
2384,白酒,2024-01-29,3482.722,3561.112,3479.326,3484.917,-0.05,159137980.0,15904924000.0
2385,白酒,2024-01-30,3450.303,3450.303,3333.627,3333.627,-4.34,142759530.0,13757312000.0
2386,白酒,2024-01-31,3310.192,3349.814,3231.014,3231.014,-3.08,148575610.0,12713052600.0
2387,白酒,2024-02-01,3216.347,3263.928,3186.414,3210.22,-0.64,134448680.0,11953081900.0
2388,白酒,2024-02-02,3212.726,3282.241,3043.753,3138.458,-2.24,195000810.0,17688748000.0
2389,白酒,2024-02-05,3098.856,3107.642,2965.151,3030.524,-3.44,213137540.0,21241341000.0
2390,白酒,2024-02-06,2986.942,3198.814,2973.779,3179.506,4.92,234594250.0,22518181000.0
2391,白酒,2024-02-07,3184.746,3270.348,3167.498,3241.777,1.96,231410040.0,22594897000.0
2392,白酒,2024-02-08,3250.507,3333.271,3250.507,3306.055,1.98,212273480.0,19772072000.0
2393,白酒,2024-02-19,3363.81,3396.854,3303.2,3336.042,0.91,204557100.0,18837004000.0
2394,白酒,2024-02-20,3325.746,3329.645,3267.36,3305.77,-0.91,137411530.0,14585202000.0
2395,白酒,2024-02-21,3281.071,3539.529,3271.968,3476.699,5.17,286871780.0,27095202000.0
2396,白酒,2024-02-22,3447.429,3483.375,3427.105,3483.375,0.19,166452450.0,13908860000.0
2397,白酒,2024-02-23,3473.347,3563.371,3454.965,3521.195,1.09,182042700.0,15237532000.0
2398,白酒,2024-02-26,3507.282,3541.136,3468.195,3489.073,-0.91,143942220.0,13144486700.0
2399,白酒,2024-02-27,3472.937,3521.195,3465.793,3521.195,0.92,143876180.0,12017549100.0
2400,白酒,2024-02-28,3517.673,3580.778,3424.956,3424.956,-2.73,191876960.0,15885371000.0
2401,白酒,2024-02-29,3403.215,3512.3,3403.215,3512.163,2.55,153476430.0,13839948000.0
2402,白酒,2024-03-01,3501.512,3536.071,3478.196,3523.244,0.32,123647251.0,12705791400.0
2403,白酒,2024-03-04,3514.361,3526.237,3467.504,3486.747,-1.04,117507707.0,12587414100.0
2404,白酒,2024-03-05,3472.594,3507.29,3464.83,3496.391,0.28,120968540.0,14502851000.0
2405,白酒,2024-03-06,3481.649,3491.827,3433.592,3455.254,-1.18,114370951.0,11271509400.0
2406,白酒,2024-03-07,3460.927,3493.339,3434.552,3441.725,-0.39,99409001.0,9796403200.0
2407,白酒,2024-03-08,3436.016,3455.162,3369.672,3406.258,-1.03,112669294.0,10328619900.0
2408,白酒,2024-03-11,3408.29,3519.625,3408.29,3519.625,3.33,181612470.0,15588973000.0
2409,白酒,2024-03-12,3522.95,3708.066,3521.505,3700.766,5.15,321487530.0,30197491000.0
2410,白酒,2024-03-13,3676.454,3696.611,3642.172,3682.2,-0.5,206487270.0,15523712000.0
2411,白酒,2024-03-14,3671.364,3732.421,3642.605,3663.846,-0.5,160785280.0,14297374000.0
2412,白酒,2024-03-15,3649.856,3721.543,3648.364,3698.123,0.94,167668970.0,13721804000.0
2413,白酒,2024-03-18,3684.173,3705.585,3651.08,3705.585,0.2,166776830.0,14347710000.0
2414,白酒,2024-03-19,3694.34,3776.728,3679.371,3742.622,1.0,188145100.0,18143867000.0
2415,白酒,2024-03-20,3728.37,3740.926,3696.415,3716.178,-0.71,128558223.0,11216599400.0
2416,白酒,2024-03-21,3717.101,3778.734,3702.101,3735.195,0.51,131887448.0,11567375500.0
2417,白酒,2024-03-22,3725.203,3727.68,3619.087,3636.299,-2.65,160233910.0,14875526000.0
2418,白酒,2024-03-25,3611.549,3622.0,3555.931,3561.164,-2.07,123183729.0,12210010000.0
2419,白酒,2024-03-26,3564.104,3635.771,3564.104,3632.264,2.0,125502103.0,12968198500.0
2420,白酒,2024-03-27,3640.408,3640.408,3549.267,3549.267,-2.28,120098313.0,9765124800.0
2421,白酒,2024-03-28,3543.135,3592.733,3529.42,3548.562,-0.02,121152858.0,11421752300.0
2422,白酒,2024-03-29,3548.826,3567.839,3510.314,3544.891,-0.1,88690804.0,7181049200.0
2423,白酒,2024-04-01,3566.085,3708.037,3566.085,3673.65,3.63,207415860.0,16279113000.0
2424,白酒,2024-04-02,3667.393,3667.393,3625.677,3638.568,-0.95,127167102.0,11659325300.0
2425,白酒,2024-04-03,3648.744,3683.412,3596.338,3616.871,-0.6,105008418.0,11030487000.0
2426,白酒,2024-04-08,3593.432,3593.432,3463.351,3463.351,-4.24,177931230.0,22517986000.0
2427,白酒,2024-04-09,3451.767,3492.593,3440.816,3486.121,0.66,96604975.0,10583463900.0
2428,白酒,2024-04-10,3482.305,3484.781,3386.43,3409.09,-2.21,112996543.0,12061324000.0
2429,白酒,2024-04-11,3387.758,3410.17,3369.876,3388.746,-0.6,100741634.0,10438194000.0
2430,白酒,2024-04-12,3390.863,3418.196,3328.614,3333.036,-1.64,102700970.0,11181407700.0
2431,白酒,2024-04-15,3318.845,3407.408,3316.053,3379.614,1.4,154116320.0,16764805000.0
2432,白酒,2024-04-16,3368.797,3370.863,3265.353,3268.329,-3.29,141407980.0,11813141400.0
2433,白酒,2024-04-17,3268.08,3324.596,3267.804,3322.271,1.65,115552150.0,10691017400.0
2434,白酒,2024-04-18,3315.419,3362.104,3274.629,3326.968,0.14,120011373.0,11411058900.0
2435,白酒,2024-04-19,3308.637,3308.637,3251.962,3271.014,-1.68,94550028.0,9726521400.0
2436,白酒,2024-04-22,3279.395,3381.916,3279.395,3367.238,2.94,142674170.0,12711827200.0
2437,白酒,2024-04-23,3365.046,3429.824,3357.834,3421.505,1.61,157081030.0,13120428400.0
2438,白酒,2024-04-24,3424.274,3429.242,3385.738,3425.824,0.13,117242519.0,9751844500.0
2439,白酒,2024-04-25,3411.505,3442.838,3399.591,3431.261,0.16,92615506.0,8004054500.0
2440,白酒,2024-04-26,3428.425,3510.07,3428.425,3497.25,1.92,153951610.0,15795633000.0
2441,白酒,2024-04-29,3488.659,3614.495,3488.659,3570.835,2.1,292786280.0,25218356000.0
2442,白酒,2024-04-30,3559.635,3596.283,3551.371,3551.371,-0.55,186271930.0,16290455000.0
2443,白酒,2024-05-06,3590.636,3740.832,3590.636,3693.539,4.0,288348110.0,30097362000.0
2444,白酒,2024-05-07,3688.461,3717.506,3657.035,3707.586,0.38,175940030.0,15063993000.0
2445,白酒,2024-05-08,3701.641,3716.138,3642.637,3650.022,-1.55,141727910.0,10769955900.0
2446,白酒,2024-05-09,3653.121,3677.959,3649.038,3666.915,0.46,120099993.0,11545857900.0
2447,白酒,2024-05-10,3670.582,3693.801,3613.381,3631.403,-0.97,115973855.0,11915769600.0
2448,白酒,2024-05-13,3604.306,3604.306,3542.936,3557.274,-2.04,147759710.0,17679578000.0
2449,白酒,2024-05-14,3557.519,3629.249,3550.988,3600.295,1.21,135443970.0,12031417400.0
2450,白酒,2024-05-15,3597.27,3605.474,3573.687,3577.556,-0.63,86730563.0,7981096900.0
2451,白酒,2024-05-16,3585.539,3659.614,3547.96,3631.299,1.5,169670500.0,15251953000.0
2452,白酒,2024-05-17,3624.612,3690.852,3608.004,3690.502,1.63,178647660.0,15605516000.0
2453,白酒,2024-05-20,3690.736,3779.004,3689.757,3720.933,0.82,215071100.0,19016383000.0
2454,白酒,2024-05-21,3705.699,3730.664,3680.28,3712.161,-0.24,141254690.0,10553147000.0
2455,白酒,2024-05-22,3705.544,3711.428,3652.998,3671.848,-1.09,140190320.0,11506333100.0
2456,白酒,2024-05-23,3661.722,3673.601,3587.265,3593.053,-2.15,124343448.0,9978996800.0
2457,白酒,2024-05-24,3584.332,3594.39,3541.664,3542.436,-1.41,107750607.0,10500581300.0
2458,白酒,2024-05-27,3554.35,3560.408,3511.171,3543.52,0.03,106801959.0,10987069500.0
2459,白酒,2024-05-28,3537.9,3545.364,3492.486,3493.425,-1.41,93369523.0,9843643300.0
2460,白酒,2024-05-29,3489.241,3522.085,3468.11,3488.102,-0.15,92993828.0,8924570200.0
2461,白酒,2024-05-30,3473.738,3479.747,3432.274,3440.732,-1.36,108079383.0,13024972300.0
2462,白酒,2024-05-31,3452.182,3474.963,3449.964,3451.887,0.32,89818373.0,9804280200.0
2463,白酒,2024-06-03,3447.787,3451.978,3376.016,3395.268,-1.64,129875878.0,12686881000.0
2464,白酒,2024-06-04,3375.22,3428.429,3367.648,3424.206,0.85,130707716.0,10155820900.0
2465,白酒,2024-06-05,3414.757,3429.036,3359.042,3359.22,-1.9,122081253.0,10015480900.0
2466,白酒,2024-06-06,3360.782,3364.608,3266.623,3276.747,-2.46,149902280.0,12314770300.0
2467,白酒,2024-06-07,3293.835,3311.413,3246.478,3265.683,-0.34,112246129.0,12769364900.0
2468,白酒,2024-06-11,3251.314,3251.314,3194.316,3227.757,-1.16,145164700.0,21424696000.0
2469,白酒,2024-06-12,3221.975,3262.49,3216.389,3231.482,0.12,111299580.0,12415547500.0
2470,白酒,2024-06-13,3235.679,3236.529,3169.721,3176.956,-1.69,136156210.0,14814357000.0
2471,白酒,2024-06-14,3171.897,3195.095,3117.718,3192.018,0.47,166955000.0,21084110000.0
2472,白酒,2024-06-17,3164.793,3188.991,3122.96,3187.607,-0.14,135766350.0,16784660000.0
2473,白酒,2024-06-18,3185.854,3208.061,3144.043,3156.291,-0.98,128095509.0,14553334000.0
2474,白酒,2024-06-19,3155.552,3191.271,3132.147,3152.927,-0.11,126949757.0,13294663600.0
2475,白酒,2024-06-20,3142.211,3164.065,3097.015,3097.015,-1.77,113214779.0,10514006200.0
2476,白酒,2024-06-21,3092.623,3099.114,3042.003,3048.414,-1.57,124552769.0,15373692000.0
2477,白酒,2024-06-24,2995.203,3071.347,2965.054,3012.52,-1.18,155475750.0,19512318000.0
2478,白酒,2024-06-25,3014.735,3049.356,2987.262,3005.52,-0.23,130487152.0,14198997000.0
2479,白酒,2024-06-26,2990.381,3044.811,2982.215,3041.504,1.2,102387522.0,10438363600.0
2480,白酒,2024-06-27,3032.107,3032.107,2977.644,2978.332,-2.08,99111822.0,10916573600.0
2481,白酒,2024-06-28,2966.86,2991.837,2914.461,2919.356,-1.98,136495920.0,14054356000.0
2482,白酒,2024-07-01,2911.262,2937.145,2867.269,2921.343,0.07,124396195.0,12363422700.0
2483,白酒,2024-07-02,2910.448,3013.221,2899.822,2975.414,1.85,186679940.0,17826178000.0
2484,白酒,2024-07-03,2970.55,2996.219,2943.963,2949.682,-0.86,125059561.0,11043208900.0
2485,白酒,2024-07-04,2946.473,2955.285,2866.867,2866.867,-2.81,134173717.0,10077277300.0
2486,白酒,2024-07-05,2862.455,2882.347,2828.965,2852.779,-0.49,107676968.0,11791670000.0
2487,白酒,2024-07-08,2841.976,2841.976,2753.42,2760.171,-3.25,129772899.0,13097251700.0
2488,白酒,2024-07-09,2752.488,2804.271,2723.622,2788.343,1.02,137291130.0,13256188200.0
2489,白酒,2024-07-10,2770.516,2847.568,2759.361,2795.345,0.25,127038299.0,10515942100.0
2490,白酒,2024-07-11,2836.535,2922.344,2831.413,2895.823,3.59,186543850.0,14932835000.0
2491,白酒,2024-07-12,2904.891,2926.057,2883.024,2916.305,0.71,127054969.0,11466192600.0
2492,白酒,2024-07-15,2906.7,2927.61,2878.093,2886.366,-1.03,107747316.0,8550881800.0
2493,白酒,2024-07-16,2876.649,2894.644,2850.699,2872.127,-0.49,96759149.0,8955438400.0
2494,白酒,2024-07-17,2866.537,2946.933,2858.207,2938.828,2.32,159462600.0,14708642000.0
2495,白酒,2024-07-18,2928.298,2972.99,2910.087,2928.753,-0.34,143840860.0,13001313100.0
2496,白酒,2024-07-19,2909.259,2970.913,2895.159,2969.221,1.38,132816639.0,14319963000.0
2497,白酒,2024-07-22,2968.662,2970.54,2900.519,2915.472,-1.81,126918408.0,12233590600.0
2498,白酒,2024-07-23,2908.802,2921.597,2807.993,2807.993,-3.69,145353300.0,13759058000.0
2499,白酒,2024-07-24,2798.84,2820.536,2752.444,2765.539,-1.51,110250425.0,10212930500.0
2500,白酒,2024-07-25,2752.209,2796.394,2748.901,2768.839,0.12,97857516.0,10213357600.0
2501,白酒,2024-07-26,2775.247,2822.408,2766.2,2781.755,0.47,99870283.0,10435152600.0
2502,白酒,2024-07-29,2779.339,2800.178,2747.998,2750.032,-1.14,111212926.0,11012566500.0
2503,白酒,2024-07-30,2728.976,2759.754,2701.318,2759.754,0.35,124551718.0,14738136000.0
2504,白酒,2024-07-31,2760.662,2884.854,2758.48,2870.774,4.02,185247350.0,16693064000.0
2505,白酒,2024-08-01,2868.36,2868.36,2796.729,2805.797,-2.26,151232740.0,12663560100.0
2506,白酒,2024-08-02,2782.805,2833.318,2782.805,2792.081,-0.49,115011662.0,8214692000.0
2507,白酒,2024-08-05,2785.303,2905.496,2785.303,2835.29,1.55,182109870.0,15835727000.0
2508,白酒,2024-08-06,2852.573,2902.934,2835.112,2885.013,1.75,173889800.0,11235453000.0
2509,白酒,2024-08-07,2866.991,2899.409,2843.032,2881.76,-0.11,152500690.0,10030609300.0
2510,白酒,2024-08-08,2865.855,2990.744,2862.318,2955.955,2.57,209305210.0,13963778000.0
2511,白酒,2024-08-09,2978.115,3013.082,2944.262,2944.262,-0.4,188988490.0,11981132800.0
2512,白酒,2024-08-12,2915.681,2968.418,2909.332,2941.483,-0.09,136801380.0,6840473500.0
2513,白酒,2024-08-13,2924.466,2926.801,2876.651,2895.887,-1.55,119598621.0,7622059000.0
2514,白酒,2024-08-14,2892.036,2892.879,2846.605,2877.925,-0.62,120927235.0,6683240800.0
2515,白酒,2024-08-15,2866.776,2925.238,2866.776,2895.564,0.61,137520750.0,8858250600.0
2516,白酒,2024-08-16,2884.988,2894.751,2847.63,2860.749,-1.2,115704965.0,7131491500.0
2517,白酒,2024-08-19,2853.546,2877.412,2820.025,2822.984,-1.32,137576030.0,9333455500.0
2518,白酒,2024-08-20,2817.139,2817.878,2777.468,2783.036,-1.42,116474181.0,7583991500.0
2519,白酒,2024-08-21,2771.158,2787.301,2748.737,2750.586,-1.17,94120155.0,6252602000.0
2520,白酒,2024-08-22,2739.412,2742.504,2662.548,2673.433,-2.8,153486590.0,10503054600.0
2521,白酒,2024-08-23,2668.453,2700.697,2653.914,2666.66,-0.25,93603897.0,6797585200.0
2522,白酒,2024-08-26,2666.843,2684.924,2637.249,2649.837,-0.63,105016910.0,7951935500.0
2523,白酒,2024-08-27,2638.605,2646.664,2605.859,2625.435,-0.92,113961348.0,7117773000.0
2524,白酒,2024-08-28,2605.004,2605.004,2539.231,2562.032,-2.41,160087220.0,14534183000.0
2525,白酒,2024-08-29,2557.217,2644.951,2557.217,2636.093,2.89,200137420.0,13869279000.0
2526,白酒,2024-08-30,2625.319,2758.315,2603.745,2715.651,3.02,245372170.0,18944496000.0
2527,白酒,2024-09-02,2696.192,2696.192,2605.661,2605.661,-4.05,171029760.0,13326122000.0
2528,白酒,2024-09-03,2609.124,2666.438,2606.479,2646.24,1.56,123414790.0,8240936200.0
2529,白酒,2024-09-04,2636.178,2663.248,2625.747,2628.727,-0.66,88016644.0,5967884600.0
2530,白酒,2024-09-05,2626.631,2652.196,2626.631,2651.687,0.87,89493857.0,5909381900.0
2531,白酒,2024-09-06,2648.941,2650.191,2599.961,2600.473,-1.93,83304594.0,5192131400.0
2532,白酒,2024-09-09,2577.915,2587.662,2554.605,2564.853,-1.37,91399955.0,8933009400.0
2533,白酒,2024-09-10,2568.889,2617.479,2567.777,2602.668,1.47,119971267.0,7905711100.0
2534,白酒,2024-09-11,2579.226,2606.56,2567.62,2579.596,-0.89,95239609.0,7030316400.0
2535,白酒,2024-09-12,2563.027,2580.706,2524.975,2524.975,-2.12,113251675.0,13219111400.0
2536,白酒,2024-09-13,2505.72,2508.385,2455.932,2455.932,-2.73,134489440.0,15778050000.0
2537,白酒,2024-09-18,2436.458,2449.821,2403.007,2436.95,-0.77,118713957.0,11965477300.0
2538,白酒,2024-09-19,2433.508,2590.447,2433.508,2551.703,4.71,254468390.0,19387522000.0
2539,白酒,2024-09-20,2538.865,2578.723,2534.478,2573.503,0.85,166220620.0,12141721100.0
2540,白酒,2024-09-23,2568.89,2644.571,2568.89,2603.752,1.18,168712440.0,13252004300.0
2541,白酒,2024-09-24,2637.42,2732.006,2593.185,2732.006,4.93,320547310.0,29417396000.0
2542,白酒,2024-09-25,2757.992,2803.978,2712.136,2713.186,-0.69,316346170.0,26756028000.0
2543,白酒,2024-09-26,2707.481,2981.204,2703.956,2981.204,9.88,489923830.0,39651897000.0
2544,白酒,2024-09-27,3136.548,3251.847,3123.612,3251.847,9.08,495858720.0,45017873000.0
2545,白酒,2024-09-30,3475.857,3569.745,3392.027,3565.925,9.66,564366190.0,64023833000.0
2546,白酒,2024-10-08,3918.663,3919.035,3558.705,3704.151,3.88,800910340.0,93065930000.0
2547,白酒,2024-10-09,3606.204,3606.204,3379.809,3413.145,-7.86,584637480.0,59974137000.0
2548,白酒,2024-10-10,3358.563,3489.68,3279.151,3394.126,-0.56,443157610.0,42054401000.0
2549,白酒,2024-10-11,3338.481,3347.978,3203.985,3236.661,-4.64,278003830.0,23452732000.0
2550,白酒,2024-10-14,3221.51,3298.009,3157.319,3286.537,1.54,278278410.0,24739609000.0
2551,白酒,2024-10-15,3277.815,3309.203,3210.027,3214.218,-2.2,247033630.0,22363438000.0
2552,白酒,2024-10-16,3170.015,3267.281,3160.461,3206.191,-0.25,235943480.0,20682241000.0
2553,白酒,2024-10-17,3206.622,3221.223,3121.044,3123.139,-2.59,208494070.0,17880434000.0
2554,白酒,2024-10-18,3107.891,3296.853,3098.17,3228.458,3.37,349018770.0,31151332000.0
2555,白酒,2024-10-21,3219.91,3270.924,3178.308,3270.883,1.31,300016760.0,22653329000.0
2556,白酒,2024-10-22,3266.132,3363.492,3258.678,3355.375,2.58,328855700.0,22915745000.0
2557,白酒,2024-10-23,3370.405,3448.908,3337.525,3400.549,1.35,324159460.0,24763504000.0
2558,白酒,2024-10-24,3373.824,3385.543,3321.128,3326.382,-2.18,233109280.0,14564699000.0
2559,白酒,2024-10-25,3311.235,3406.906,3311.233,3380.286,1.62,223037510.0,15331521000.0
2560,白酒,2024-10-28,3407.585,3512.02,3389.263,3507.16,3.75,362967240.0,27590708000.0
2561,白酒,2024-10-29,3496.225,3531.424,3408.259,3415.323,-2.62,338251230.0,24446123000.0
2562,白酒,2024-10-30,3370.261,3396.481,3302.343,3350.838,-1.89,250440070.0,17548675000.0
2563,白酒,2024-10-31,3327.861,3384.114,3316.533,3338.718,-0.36,262861530.0,19378908000.0
2564,白酒,2024-11-01,3315.087,3445.357,3296.559,3378.615,1.19,344790370.0,22186989000.0
2565,白酒,2024-11-04,3373.061,3459.422,3339.606,3439.476,1.8,374586430.0,20632671000.0
2566,白酒,2024-11-05,3410.224,3513.058,3387.977,3512.482,2.12,403872500.0,27574315000.0
2567,白酒,2024-11-06,3500.888,3577.709,3470.271,3534.071,0.61,380321950.0,24646913000.0
2568,白酒,2024-11-07,3505.374,3859.186,3505.374,3859.035,9.2,665740000.0,49756302000.0
2569,白酒,2024-11-08,3939.607,3941.145,3762.753,3770.615,-2.29,670407210.0,46986803000.0
2570,白酒,2024-11-11,3678.981,3767.683,3649.194,3767.507,-0.08,413429300.0,30879118000.0
2571,白酒,2024-11-12,3765.888,3853.77,3727.888,3763.93,-0.09,393329810.0,30563838000.0
2572,白酒,2024-11-13,3718.684,3799.614,3713.207,3753.336,-0.28,248934830.0,18887813000.0
2573,白酒,2024-11-14,3724.337,3752.176,3645.252,3650.273,-2.75,256114790.0,19810713000.0
2574,白酒,2024-11-15,3639.746,3693.051,3588.308,3589.376,-1.67,226733850.0,19878799000.0
2575,白酒,2024-11-18,3582.136,3608.402,3481.018,3499.848,-2.49,226543060.0,17592395000.0
2576,白酒,2024-11-19,3506.362,3530.838,3423.923,3530.838,0.89,211101040.0,18254723000.0
2577,白酒,2024-11-20,3517.535,3577.767,3495.939,3568.771,1.07,187492540.0,13039205100.0
2578,白酒,2024-11-21,3554.515,3573.214,3527.086,3557.425,-0.32,155029000.0,11038010800.0
2579,白酒,2024-11-22,3549.781,3575.521,3403.582,3406.022,-4.26,203058910.0,16370851000.0
2580,白酒,2024-11-25,3396.012,3483.015,3393.821,3439.288,0.98,189066650.0,15358618000.0
2581,白酒,2024-11-26,3424.184,3535.505,3423.95,3483.126,1.27,209676600.0,13790269000.0
2582,白酒,2024-11-27,3464.311,3588.73,3414.266,3550.347,1.93,245160170.0,16336269000.0
2583,白酒,2024-11-28,3536.263,3565.942,3511.7,3519.299,-0.87,181129440.0,13309983100.0
2584,白酒,2024-11-29,3533.875,3640.707,3533.875,3589.045,1.98,264393120.0,20169623000.0
2585,白酒,2024-12-02,3571.455,3621.462,3555.418,3616.523,0.77,254451340.0,16926460000.0
2586,白酒,2024-12-03,3606.329,3606.329,3557.882,3589.177,-0.76,194224710.0,13165470200.0
2587,白酒,2024-12-04,3581.086,3581.086,3512.676,3526.028,-1.76,171375830.0,12561224700.0
2588,白酒,2024-12-05,3510.781,3522.504,3484.214,3522.463,-0.1,132848778.0,9326605100.0
2589,白酒,2024-12-06,3519.381,3572.173,3509.679,3549.11,0.76,182655600.0,14756557000.0
2590,白酒,2024-12-09,3542.362,3585.228,3513.724,3537.237,-0.33,173938270.0,12271893900.0
2591,白酒,2024-12-10,3710.989,3715.276,3582.498,3592.079,1.55,409011590.0,35665828000.0
2592,白酒,2024-12-11,3565.759,3711.205,3565.759,3664.083,2.0,355040730.0,20509188000.0
2593,白酒,2024-12-12,3650.486,3789.854,3638.426,3788.412,3.39,488713100.0,27541372000.0
2594,白酒,2024-12-13,3752.477,3752.567,3649.144,3654.581,-3.53,412894200.0,27512315000.0
2595,白酒,2024-12-16,3642.44,3648.539,3569.278,3586.341,-1.87,278374030.0,19810816000.0
2596,白酒,2024-12-17,3577.901,3646.738,3546.061,3588.878,0.07,272659460.0,19326116000.0
2597,白酒,2024-12-18,3587.414,3614.076,3554.424,3565.322,-0.66,219423840.0,15416819000.0
2598,白酒,2024-12-19,3523.41,3523.983,3439.905,3465.995,-2.79,238345960.0,15039138000.0
2599,白酒,2024-12-20,3466.608,3507.872,3462.251,3479.089,0.38,175842260.0,13215818100.0
2600,白酒,2024-12-23,3471.05,3483.082,3397.778,3401.653,-2.23,196070640.0,12458683400.0
2601,白酒,2024-12-24,3395.005,3417.91,3378.941,3417.524,0.47,160887690.0,11479594000.0
2602,白酒,2024-12-25,3413.399,3413.862,3357.822,3366.362,-1.5,141714190.0,9106926000.0
2603,白酒,2024-12-26,3364.921,3387.216,3355.225,3365.753,-0.02,125790407.0,8848009400.0
2604,白酒,2024-12-27,3361.809,3415.695,3345.914,3390.175,0.73,149606660.0,10634153300.0
2605,白酒,2024-12-30,3383.419,3390.024,3339.4,3349.506,-1.2,141801200.0,12448156400.0
2606,白酒,2024-12-31,3353.263,3451.163,3353.263,3374.424,0.74,254250240.0,18606190000.0
2607,白酒,2025-01-02,3348.133,3355.617,3260.646,3284.216,-2.67,263497110.0,20690368000.0
2608,白酒,2025-01-03,3280.196,3287.327,3183.136,3194.086,-2.74,220395100.0,14935152000.0
2609,白酒,2025-01-06,3087.639,3140.613,3052.129,3070.002,-3.88,223610850.0,18150868000.0
2610,白酒,2025-01-07,3079.841,3119.588,3058.898,3119.317,1.61,151137680.0,10937752100.0
2611,白酒,2025-01-08,3112.435,3139.889,3050.515,3112.426,-0.22,184508210.0,13911832000.0
2612,白酒,2025-01-09,3102.33,3163.669,3087.633,3123.979,0.37,140338350.0,11714150700.0
2613,白酒,2025-01-10,3118.16,3125.6,3041.161,3041.161,-2.65,129222047.0,9528972900.0
2614,白酒,2025-01-13,3014.981,3078.564,3012.047,3078.478,1.23,128762563.0,9877396500.0
2615,白酒,2025-01-14,3079.633,3179.736,3079.633,3179.583,3.28,188805640.0,14981633000.0
2616,白酒,2025-01-15,3171.576,3190.117,3155.125,3173.522,-0.19,128371084.0,8830370400.0
2617,白酒,2025-01-16,3179.983,3223.952,3131.326,3163.444,-0.32,141884740.0,10940391400.0
2618,白酒,2025-01-17,3148.207,3220.262,3146.593,3185.159,0.69,152007690.0,10066811000.0
2619,白酒,2025-01-20,3204.145,3244.751,3197.735,3211.78,0.84,149024670.0,13345624600.0
2620,白酒,2025-01-21,3228.427,3228.427,3159.886,3175.885,-1.12,111446771.0,8567156100.0
2621,白酒,2025-01-22,3163.822,3163.822,3111.597,3115.295,-1.91,111296827.0,10607143000.0
2622,白酒,2025-01-23,3144.081,3177.369,3115.215,3115.215,0.0,124281770.0,10880683100.0
2623,白酒,2025-01-24,3090.641,3105.616,3073.218,3091.495,-0.76,145724990.0,12131727500.0
2624,白酒,2025-01-27,3079.043,3100.222,3047.778,3047.778,-1.41,111110206.0,10072659600.0
2625,白酒,2025-02-05,3039.658,3039.658,2969.468,2978.169,-2.28,141882910.0,13242781200.0
2626,白酒,2025-02-06,2968.7,3020.438,2968.7,3007.982,1.0,152333790.0,10698871400.0
2627,白酒,2025-02-07,3009.405,3075.206,2991.881,3050.035,1.4,202027230.0,15136719000.0
2628,白酒,2025-02-10,3052.816,3078.236,3031.366,3078.236,0.92,168591440.0,10308022500.0
2629,白酒,2025-02-11,3084.448,3094.464,3025.718,3029.728,-1.58,155390940.0,10594695200.0
2630,白酒,2025-02-12,3025.624,3075.338,3017.581,3075.338,1.51,156036830.0,11304705500.0
2631,白酒,2025-02-13,3074.404,3208.198,3071.864,3187.199,3.64,381851390.0,27510374000.0
2632,白酒,2025-02-14,3157.032,3188.39,3142.08,3161.637,-0.8,215105620.0,14086654000.0
2633,白酒,2025-02-17,3156.202,3193.827,3139.362,3174.774,0.42,188974070.0,14422859000.0
2634,白酒,2025-02-18,3161.746,3179.042,3112.679,3122.186,-1.66,198668170.0,13116961000.0
2635,白酒,2025-02-19,3110.098,3142.093,3088.913,3140.959,0.6,166268480.0,12290226300.0
2636,白酒,2025-02-20,3132.424,3166.573,3117.008,3118.86,-0.7,137344240.0,10035419800.0
2637,白酒,2025-02-21,3125.943,3180.068,3107.372,3145.551,0.86,204196380.0,15454655000.0
2638,白酒,2025-02-24,3136.172,3243.031,3136.172,3194.159,1.55,263908120.0,19210359000.0
2639,白酒,2025-02-25,3162.974,3162.974,3122.763,3128.286,-2.06,169360620.0,12773931200.0
2640,白酒,2025-02-26,3131.105,3155.357,3109.189,3155.357,0.87,153947750.0,12100793500.0
2641,白酒,2025-02-27,3151.389,3229.132,3147.345,3213.525,1.84,266246660.0,24283320000.0
2642,白酒,2025-02-28,3204.461,3312.504,3201.376,3223.377,0.31,321892140.0,25180164000.0
2643,白酒,2025-03-03,3219.026,3277.402,3171.222,3187.994,-1.1,243323740.0,16487640000.0
2644,白酒,2025-03-04,3167.443,3167.443,3107.918,3137.884,-1.57,170632640.0,11553738400.0
2645,白酒,2025-03-05,3140.314,3143.561,3103.99,3129.229,-0.28,132301335.0,10737885100.0
2646,白酒,2025-03-06,3135.117,3179.716,3118.947,3174.93,1.46,169939350.0,15759580000.0
2647,白酒,2025-03-07,3160.218,3242.505,3152.383,3218.052,1.36,216757750.0,19155951000.0
2648,白酒,2025-03-10,3203.243,3226.63,3181.07,3222.896,0.15,149923050.0,13610479000.0
2649,白酒,2025-03-11,3195.026,3293.807,3190.63,3293.807,2.2,234045650.0,21271602000.0
2650,白酒,2025-03-12,3290.339,3316.047,3251.388,3255.833,-1.15,186006810.0,16229544000.0
2651,白酒,2025-03-13,3252.5,3307.107,3246.36,3256.999,0.04,163255720.0,12650366800.0
2652,白酒,2025-03-14,3261.96,3454.972,3261.96,3424.286,5.14,522642840.0,44325289000.0
2653,白酒,2025-03-17,3437.817,3466.112,3382.426,3409.958,-0.42,356484430.0,29726792000.0
2654,白酒,2025-03-18,3413.557,3418.559,3362.637,3376.479,-0.98,197476870.0,16322131000.0
2655,白酒,2025-03-19,3365.232,3395.805,3336.518,3347.635,-0.85,168615120.0,14968779000.0
2656,白酒,2025-03-20,3342.181,3345.224,3296.679,3303.924,-1.31,166117960.0,16400784000.0
2657,白酒,2025-03-21,3295.942,3345.732,3265.297,3274.131,-0.9,177224930.0,15487315000.0
2658,白酒,2025-03-24,3253.44,3258.55,3215.669,3249.345,-0.76,166754410.0,14229314000.0
2659,白酒,2025-03-25,3230.437,3237.419,3192.427,3237.18,-0.37,129394018.0,10624425400.0
2660,白酒,2025-03-26,3214.598,3257.406,3206.248,3241.318,0.13,137278640.0,8783046800.0
2661,白酒,2025-03-27,3217.615,3254.024,3208.554,3237.577,-0.12,123606629.0,9515011700.0
2662,白酒,2025-03-28,3224.598,3253.528,3184.061,3186.988,-1.56,139715950.0,9533633900.0
2663,白酒,2025-03-31,3169.672,3184.42,3117.305,3124.243,-1.97,132439530.0,10508799200.0
2664,白酒,2025-04-01,3129.975,3174.904,3127.735,3152.712,0.91,109398008.0,8273802800.0
2665,白酒,2025-04-02,3150.378,3167.197,3134.849,3144.702,-0.25,91132009.0,7899308000.0
2666,白酒,2025-04-03,3121.216,3216.926,3119.217,3190.835,1.47,148855650.0,14099934000.0
2667,白酒,2025-04-07,3087.521,3113.066,2917.421,2975.714,-6.74,289506290.0,32220310000.0
2668,白酒,2025-04-08,2978.79,3079.301,2978.79,3078.817,3.46,245377430.0,24915040000.0
2669,白酒,2025-04-09,3042.697,3149.377,3005.529,3137.321,1.9,243178320.0,21548843000.0
2670,白酒,2025-04-10,3134.481,3174.819,3111.193,3173.034,1.14,231141250.0,17906665000.0
2671,白酒,2025-04-11,3151.305,3154.718,3100.398,3121.918,-1.61,174078280.0,14651751000.0
2672,白酒,2025-04-14,3106.852,3146.039,3104.872,3116.556,-0.17,153434550.0,11427147600.0
2673,白酒,2025-04-15,3111.461,3124.762,3093.673,3106.453,-0.32,118886265.0,9664695200.0
2674,白酒,2025-04-16,3092.492,3101.249,3040.812,3095.115,-0.36,127235491.0,11814583800.0
2675,白酒,2025-04-17,3077.596,3123.941,3069.306,3112.121,0.55,126356108.0,11179374400.0
2676,白酒,2025-04-18,3102.959,3108.275,3059.781,3075.675,-1.17,96077040.0,8161218800.0
2677,白酒,2025-04-21,3065.53,3066.303,3048.431,3057.882,-0.58,105439041.0,9344681800.0
2678,白酒,2025-04-22,3052.164,3071.381,3043.294,3057.77,0.0,97452775.0,9102271100.0
2679,白酒,2025-04-23,3054.279,3059.189,3025.03,3037.014,-0.68,103595206.0,8582147000.0
2680,白酒,2025-04-24,3029.612,3033.057,3001.576,3002.594,-1.13,108915393.0,8665403200.0
2681,白酒,2025-04-25,2996.558,3022.405,2996.558,3004.678,0.07,98575797.0,7960245800.0
2682,白酒,2025-04-28,2999.601,3004.178,2976.53,2978.594,-0.87,115817101.0,9522829100.0
2683,白酒,2025-04-29,2941.16,2957.552,2919.711,2934.462,-1.48,141571120.0,11438446700.0
2684,白酒,2025-04-30,2929.448,2958.008,2925.035,2926.201,-0.28,109576514.0,10457729000.0
2685,白酒,2025-05-06,2929.085,2965.527,2915.064,2965.527,1.34,157496640.0,9983126900.0
2686,白酒,2025-05-07,2987.83,2995.18,2961.978,2972.041,0.22,131079094.0,11044859800.0
2687,白酒,2025-05-08,2953.429,3010.414,2945.75,2991.045,0.64,152835400.0,12621677600.0
2688,白酒,2025-05-09,2986.171,2999.066,2974.346,2985.263,-0.19,112551376.0,8562229600.0
2689,白酒,2025-05-12,2995.115,3000.399,2974.926,2996.98,0.39,115426052.0,9847863400.0
2690,白酒,2025-05-13,3007.013,3014.145,2986.545,2995.092,-0.06,107275746.0,8278897200.0
2691,白酒,2025-05-14,2986.383,3054.239,2967.013,3026.91,1.06,191367950.0,17910522000.0
2692,白酒,2025-05-15,3013.93,3025.72,2987.526,2987.526,-1.3,115955514.0,10207652700.0
2693,白酒,2025-05-16,2988.344,2988.344,2953.219,2953.848,-1.13,100549607.0,9678521400.0
2694,白酒,2025-05-19,2925.624,2941.979,2910.397,2941.513,-0.42,141691310.0,14849306000.0
2695,白酒,2025-05-20,2937.218,2964.332,2935.305,2951.707,0.35,105936848.0,9269876600.0
2696,白酒,2025-05-21,2956.879,2969.913,2954.517,2955.213,0.12,89332684.0,8523823100.0
2697,白酒,2025-05-22,2959.631,2962.211,2938.263,2944.815,-0.35,110818342.0,7441261600.0
2698,白酒,2025-05-23,2944.025,2962.02,2915.837,2915.837,-0.98,135336330.0,9601056100.0
2699,白酒,2025-05-26,2914.495,2936.55,2895.231,2910.991,-0.17,149545130.0,12373552200.0
2700,白酒,2025-05-27,2909.779,2950.594,2909.779,2936.492,0.88,137008880.0,8740822700.0
2701,白酒,2025-05-28,2943.441,2943.992,2914.103,2932.222,-0.15,132872157.0,8765997200.0
2702,白酒,2025-05-29,2926.488,2937.175,2905.911,2928.457,-0.13,121167103.0,9648395400.0
2703,白酒,2025-05-30,2922.161,2927.713,2893.108,2893.108,-1.21,120313654.0,11368002300.0
2704,白酒,2025-06-03,2876.934,2880.046,2859.858,2875.666,-0.6,157902210.0,12854105300.0
2705,白酒,2025-06-04,2871.489,2897.411,2871.489,2890.789,0.53,119974189.0,10532266800.0
2706,白酒,2025-06-05,2892.331,2909.061,2885.95,2895.182,0.15,123058638.0,10836833900.0
2707,白酒,2025-06-06,2893.126,2915.257,2886.633,2895.155,0.0,107288502.0,9400851000.0
2708,白酒,2025-06-09,2891.875,2903.768,2880.757,2895.488,0.01,129864665.0,14494177000.0
2709,白酒,2025-06-10,2896.612,2896.612,2850.064,2870.446,-0.86,149219250.0,12680945600.0
2710,白酒,2025-06-11,2867.856,2897.657,2867.856,2877.706,0.25,114460050.0,11069186300.0
2711,白酒,2025-06-12,2873.185,2873.185,2842.531,2844.891,-1.14,166185710.0,18329958000.0
2712,白酒,2025-06-13,2833.654,2833.654,2760.137,2760.137,-2.98,219400030.0,21047863000.0
2713,白酒,2025-06-16,2735.254,2768.819,2719.971,2768.819,0.31,172394800.0,16644689000.0
2714,白酒,2025-06-17,2762.261,2782.096,2756.536,2762.807,-0.22,125392983.0,11479719100.0
2715,白酒,2025-06-18,2799.831,2849.133,2791.096,2791.096,1.02,240307410.0,14996637000.0
2716,白酒,2025-06-19,2765.699,2789.345,2748.498,2753.044,-1.36,170988930.0,11166639000.0
2717,白酒,2025-06-20,2756.345,2842.808,2756.345,2822.594,2.53,280700480.0,18986742000.0
2718,白酒,2025-06-23,2791.826,2801.718,2756.697,2793.303,-1.04,190859940.0,12587906200.0
2719,白酒,2025-06-24,2796.53,2818.665,2796.53,2817.404,0.86,167224420.0,12794152600.0
2720,白酒,2025-06-25,2820.527,2822.843,2782.6,2822.522,0.18,187398430.0,14651746000.0
2721,白酒,2025-06-26,2820.266,2844.959,2811.864,2825.336,0.1,167385350.0,12770142900.0
2722,白酒,2025-06-27,2824.065,2825.124,2804.058,2804.205,-0.75,137475810.0,12067651600.0
2723,白酒,2025-06-30,2804.453,2873.004,2797.62,2846.703,1.52,217362670.0,14161801000.0
2724,白酒,2025-07-01,2833.645,2836.776,2814.572,2823.323,-0.82,129714468.0,8885425000.0
2725,白酒,2025-07-02,2822.406,2864.402,2816.752,2844.688,0.76,182788240.0,12182580100.0
2726,白酒,2025-07-03,2835.437,2868.668,2834.33,2850.91,0.22,157338100.0,10628436500.0
2727,白酒,2025-07-04,2844.768,2855.667,2832.246,2834.106,-0.59,133498103.0,11018391800.0
2728,白酒,2025-07-07,2837.19,2838.412,2822.749,2824.964,-0.32,90897183.0,8044021400.0
2729,白酒,2025-07-08,2825.596,2852.531,2821.214,2852.531,0.98,133810779.0,9326221400.0
2730,白酒,2025-07-09,2850.0,2901.952,2848.934,2867.86,0.54,200006430.0,14152941000.0
2731,白酒,2025-07-10,2858.957,2896.267,2854.249,2891.596,0.83,177043860.0,14243537000.0
2732,白酒,2025-07-11,2889.854,2939.352,2879.549,2915.417,0.82,287844830.0,21586893000.0
2733,白酒,2025-07-14,2904.39,2914.866,2888.704,2907.465,-0.27,166801790.0,12297161100.0
2734,白酒,2025-07-15,2882.003,2887.894,2837.918,2848.94,-2.01,192497370.0,14090450000.0
2735,白酒,2025-07-16,2841.354,2895.804,2841.354,2887.741,1.36,176072920.0,11694594200.0
2736,白酒,2025-07-17,2883.123,2905.79,2873.84,2888.122,0.01,146853420.0,10651937100.0
2737,白酒,2025-07-18,2891.038,2931.146,2888.211,2920.209,1.11,206878940.0,18778295000.0
2738,白酒,2025-07-21,2922.131,2923.857,2903.491,2922.672,0.08,180620660.0,12498668100.0
2739,白酒,2025-07-22,2919.969,3001.865,2909.14,3001.723,2.7,334701110.0,23059410000.0
2740,白酒,2025-07-23,3002.218,3025.174,2970.146,2971.33,-1.01,262196800.0,18953470000.0
2741,白酒,2025-07-24,2967.912,3003.873,2967.285,3003.873,1.1,193061210.0,14339816000.0
2742,白酒,2025-07-25,3001.675,3001.675,2946.398,2950.149,-1.79,193790220.0,16021330000.0
2743,白酒,2025-07-28,2947.108,2953.035,2920.059,2951.859,0.06,170701780.0,14371630000.0
2744,白酒,2025-07-29,2944.327,2949.261,2913.457,2942.34,-0.32,142851440.0,11323197800.0
2745,白酒,2025-07-30,2942.969,2983.81,2932.429,2947.672,0.18,196909870.0,15168340000.0
2746,白酒,2025-07-31,2934.311,2936.226,2872.551,2878.487,-2.35,192600980.0,18557191000.0
2747,白酒,2025-08-01,2876.231,2898.225,2876.231,2888.315,0.34,105400291.0,9719196500.0
2748,白酒,2025-08-04,2887.134,2895.079,2873.326,2895.079,0.23,97231099.0,7412684800.0
2749,白酒,2025-08-05,2899.366,2930.022,2899.366,2927.007,1.1,113313281.0,10121998900.0
2750,白酒,2025-08-06,2932.288,2942.011,2912.239,2936.336,0.32,117804594.0,8776911900.0
2751,白酒,2025-08-07,2931.654,2948.758,2929.685,2933.392,-0.1,128629117.0,10292038000.0
2752,白酒,2025-08-08,2932.36,2940.522,2923.494,2929.647,-0.13,103335934.0,7715227000.0
2753,白酒,2025-08-11,2934.272,3007.895,2934.272,2995.652,2.25,224595880.0,18354875000.0
2754,白酒,2025-08-12,2987.035,3023.521,2976.79,2980.079,-0.52,197239710.0,17496502000.0
2755,白酒,2025-08-13,2982.848,2986.465,2955.779,2976.092,-0.13,155286430.0,17070311000.0
2756,白酒,2025-08-14,2975.13,3021.546,2963.849,2968.966,-0.24,196596930.0,16733724000.0
2757,白酒,2025-08-15,2961.275,2979.045,2949.148,2973.296,0.15,165388720.0,15361221000.0
2758,白酒,2025-08-18,2974.527,3011.848,2974.527,2994.093,0.7,214069920.0,17963211000.0
2759,白酒,2025-08-19,2995.178,3114.25,2994.461,3087.431,3.12,416813020.0,27231471000.0
2760,白酒,2025-08-20,3069.235,3228.645,3062.714,3202.579,3.73,536443700.0,31739740000.0
2761,白酒,2025-08-21,3207.123,3208.883,3144.169,3152.019,-1.58,351531430.0,21071426000.0
2762,白酒,2025-08-22,3154.394,3170.024,3136.589,3169.866,0.57,242198240.0,19072111000.0
2763,白酒,2025-08-25,3183.435,3324.077,3182.79,3312.504,4.5,492794100.0,34651910000.0
2764,白酒,2025-08-26,3289.274,3350.828,3273.298,3300.241,-0.37,388721730.0,26809607000.0
2765,白酒,2025-08-27,3279.36,3280.744,3191.671,3191.671,-3.29,331149480.0,27103174000.0
2766,白酒,2025-08-28,3179.524,3218.716,3099.618,3168.982,-0.71,285476810.0,21296354000.0
2767,白酒,2025-08-29,3186.591,3294.513,3186.591,3259.751,2.86,360012670.0,29130264000.0
2768,白酒,2025-09-01,3242.356,3293.915,3228.388,3266.932,0.22,295193200.0,23163199000.0
2769,白酒,2025-09-02,3263.569,3334.455,3237.956,3247.124,-0.61,307106290.0,25139630000.0
2770,白酒,2025-09-03,3259.35,3304.065,3177.992,3187.613,-1.83,244848220.0,19809910000.0
2771,白酒,2025-09-04,3182.228,3200.523,3152.412,3195.566,0.25,218150240.0,18782987000.0
2772,白酒,2025-09-05,3198.559,3215.785,3155.144,3214.963,0.61,180644870.0,15118535000.0
2773,白酒,2025-09-08,3210.927,3281.322,3209.315,3267.177,1.62,246627730.0,22259430000.0
2774,白酒,2025-09-09,3254.975,3260.442,3216.539,3260.442,-0.21,181602360.0,15490162000.0
2775,白酒,2025-09-10,3255.782,3297.078,3227.517,3260.589,0.0,198292330.0,19789908000.0
2776,白酒,2025-09-11,3247.544,3291.211,3241.772,3284.723,0.74,223457840.0,18245150000.0
2777,白酒,2025-09-12,3279.839,3330.678,3231.755,3232.726,-1.58,235068170.0,18898291000.0
2778,白酒,2025-09-15,3220.189,3226.929,3201.812,3214.23,-0.57,152778070.0,12609799700.0
2779,白酒,2025-09-16,3219.916,3236.928,3200.174,3232.974,0.58,150064580.0,14080056000.0
2780,白酒,2025-09-17,3229.526,3231.12,3187.525,3191.342,-1.29,172361980.0,14285632000.0
2781,白酒,2025-09-18,3190.167,3190.167,3107.886,3129.184,-1.95,213108830.0,19613849000.0
2782,白酒,2025-09-19,3117.947,3153.714,3089.142,3150.921,0.69,169330210.0,14503616000.0
2783,白酒,2025-09-22,3134.581,3134.589,3091.522,3097.541,-1.69,129181765.0,13307750400.0
2784,白酒,2025-09-23,3091.292,3095.727,3039.602,3060.889,-1.18,138989590.0,13365721900.0
2785,白酒,2025-09-24,3051.976,3082.51,3051.976,3072.321,0.37,101085243.0,10411343100.0
2786,白酒,2025-09-25,3069.689,3076.276,3044.386,3044.386,-0.91,120731599.0,12421381000.0
2787,白酒,2025-09-26,3041.504,3066.183,3023.57,3038.043,-0.21,143216390.0,15879859000.0
2788,白酒,2025-09-29,3043.402,3088.454,3011.409,3079.748,1.37,177225520.0,18694272000.0
2789,白酒,2025-09-30,3071.421,3071.421,3044.567,3044.648,-1.14,129584670.0,13421994000.0
2790,白酒,2025-10-09,3036.156,3036.156,2977.393,3009.02,-1.17,164086600.0,17326845000.0
2791,白酒,2025-10-10,3009.148,3030.921,3006.504,3008.207,-0.03,122604384.0,12296634600.0
2792,白酒,2025-10-13,2949.838,2970.678,2944.568,2965.96,-1.4,123634572.0,13587867000.0
2793,白酒,2025-10-14,2980.308,3058.58,2980.308,3046.628,2.72,229911490.0,23274485000.0
2794,白酒,2025-10-15,3032.293,3072.324,3019.653,3055.359,0.29,164859610.0,15810432000.0
2795,白酒,2025-10-16,3043.842,3077.806,3041.71,3076.492,0.69,144597860.0,16029353000.0
2796,白酒,2025-10-17,3067.336,3071.352,3019.723,3021.017,-1.8,121353263.0,12862637900.0
2797,白酒,2025-10-20,3024.819,3035.785,3010.916,3026.528,0.18,94604393.0,9855751400.0
2798,白酒,2025-10-21,3023.631,3048.072,3016.548,3040.032,0.45,97858558.0,9824089900.0
2799,白酒,2025-10-22,3031.939,3058.841,3025.88,3026.434,-0.45,92361705.0,8016302100.0
2800,白酒,2025-10-23,3015.019,3044.44,3005.714,3043.067,0.55,103550159.0,10459392000.0
2801,白酒,2025-10-24,3038.453,3048.922,2990.625,2991.329,-1.7,138440490.0,14596652000.0
2802,白酒,2025-10-27,2986.306,3004.657,2977.557,2990.607,-0.02,111618469.0,11995281300.0
2803,白酒,2025-10-28,2980.856,3015.084,2978.59,2987.952,-0.09,112148687.0,10691830100.0
2804,白酒,2025-10-29,2976.753,2978.812,2953.759,2966.793,-0.71,130883905.0,12359567800.0
2805,白酒,2025-10-30,2958.164,3007.854,2958.164,2976.163,0.32,153899840.0,15777380000.0
2806,白酒,2025-10-31,2965.469,3045.497,2964.984,3029.144,1.78,229352870.0,21709789000.0
2807,白酒,2025-11-03,3020.288,3057.851,3006.362,3044.124,0.49,148971450.0,14236980000.0
2808,白酒,2025-11-04,3039.667,3039.667,2997.872,3011.438,-1.07,114628906.0,10739318800.0
2809,白酒,2025-11-05,2997.828,3027.326,2985.562,2998.785,-0.42,102905231.0,11043740100.0
2810,白酒,2025-11-06,3002.238,3019.263,2983.001,2985.014,-0.46,104829762.0,11394103400.0
2811,白酒,2025-11-07,2979.617,3000.099,2974.191,2974.191,-0.36,94328097.0,8025122400.0
2812,白酒,2025-11-10,2973.996,3122.57,2970.794,3115.212,4.74,345068340.0,28090851000.0
2813,白酒,2025-11-11,3105.575,3119.461,3076.805,3113.699,-0.05,224705010.0,17490476000.0
2814,白酒,2025-11-12,3109.754,3140.184,3096.912,3099.423,-0.46,160276320.0,14520387000.0
2815,白酒,2025-11-13,3092.902,3126.861,3081.356,3120.158,0.67,169146440.0,14168069000.0
2816,白酒,2025-11-14,3113.678,3158.443,3079.714,3081.419,-1.24,146864730.0,12425912200.0
2817,白酒,2025-11-17,3072.93,3087.717,3043.458,3078.022,-0.11,126457786.0,12431304700.0
2818,白酒,2025-11-18,3077.654,3100.163,3046.675,3060.036,-0.58,129504786.0,12288522100.0
2819,白酒,2025-11-19,3056.201,3063.988,3015.579,3027.541,-1.06,100179950.0,8611577100.0
2820,白酒,2025-11-20,3027.841,3049.54,3003.337,3020.146,-0.24,112468964.0,9859444500.0
2821,白酒,2025-11-21,3007.124,3055.985,2956.721,2962.736,-1.9,173653800.0,16078289000.0
2822,白酒,2025-11-24,2959.748,2982.311,2943.488,2957.67,-0.17,125339454.0,12513680700.0
2823,白酒,2025-11-25,2955.246,2972.831,2942.739,2963.978,0.21,104961452.0,10486842600.0
2824,白酒,2025-11-26,2962.524,2975.844,2949.645,2956.558,-0.25,88019417.0,7792739600.0
2825,白酒,2025-11-27,2963.665,2966.302,2936.683,2948.806,-0.26,90574407.0,8491513900.0
2826,白酒,2025-11-28,2939.612,2956.613,2927.284,2954.148,0.18,75226698.0,7584454600.0
2827,白酒,2025-12-01,2952.577,2974.064,2946.503,2951.024,-0.11,90466899.0,9316417000.0
2828,白酒,2025-12-02,2946.475,2947.674,2904.712,2905.402,-1.55,97749306.0,9097067800.0
2829,白酒,2025-12-03,2905.693,2909.127,2850.571,2857.875,-1.64,121457245.0,10031018600.0
2830,白酒,2025-12-04,2853.706,2855.631,2795.31,2805.051,-1.85,135607990.0,12814423000.0
2831,白酒,2025-12-05,2809.636,2832.359,2796.668,2829.821,0.88,93458261.0,8595255200.0
2832,白酒,2025-12-08,2833.147,2839.117,2816.913,2819.537,-0.36,113176089.0,12403628400.0
2833,白酒,2025-12-09,2817.183,2819.234,2790.014,2794.122,-0.9,141196910.0,14547723000.0
2834,白酒,2025-12-10,2786.857,2837.372,2771.353,2818.785,0.88,147844630.0,11474664200.0
2835,白酒,2025-12-11,2804.52,2807.99,2768.225,2772.852,-1.63,116726668.0,8615182700.0
2836,白酒,2025-12-12,2778.944,2815.809,2766.226,2777.251,0.16,165457110.0,15080489000.0
2837,白酒,2025-12-15,2810.399,2841.754,2803.579,2813.721,1.31,187384070.0,13841728000.0
2838,白酒,2025-12-16,2783.413,2809.694,2776.286,2795.002,-0.67,130402320.0,9118291600.0
2839,白酒,2025-12-17,2784.016,2784.016,2753.434,2773.44,-0.77,117437107.0,10473325800.0
2840,白酒,2025-12-18,2761.185,2781.898,2754.921,2761.339,-0.44,104136677.0,7160184000.0
2841,白酒,2025-12-19,2752.919,2786.647,2746.532,2780.628,0.7,123463108.0,9421360300.0
2842,白酒,2025-12-22,2772.008,2793.984,2766.738,2781.525,0.03,107036832.0,7842494200.0
2843,白酒,2025-12-23,2779.668,2782.164,2757.328,2762.932,-0.67,98826260.0,8002063700.0
2844,白酒,2025-12-24,2751.786,2756.036,2735.535,2751.048,-0.43,93914475.0,7998436400.0
2845,白酒,2025-12-25,2749.735,2827.882,2749.735,2805.687,1.99,158220800.0,10288964800.0
2846,白酒,2025-12-26,2785.511,2790.56,2765.104,2776.977,-1.02,123151986.0,8247946900.0
2847,白酒,2025-12-29,2771.185,2776.739,2739.787,2744.165,-1.18,117560639.0,10707341200.0
2848,白酒,2025-12-30,2737.124,2747.57,2718.061,2728.001,-0.59,99013878.0,10019195500.0
2849,白酒,2025-12-31,2718.539,2732.456,2692.738,2694.382,-1.23,110553774.0,10833522200.0
2850,白酒,2026-01-05,2686.902,2725.994,2686.805,2723.89,1.1,127805966.0,17413446000.0
2851,白酒,2026-01-06,2715.024,2745.546,2712.137,2745.546,0.8,138065640.0,12845068700.0
2852,白酒,2026-01-07,2744.654,2754.746,2723.434,2735.763,-0.36,134288350.0,10952442900.0
2853,白酒,2026-01-08,2726.812,2744.749,2714.049,2735.963,0.01,113252260.0,9735545200.0
2854,白酒,2026-01-09,2747.793,2769.22,2739.242,2752.295,0.6,133445049.0,11053594500.0
2855,白酒,2026-01-12,2753.349,2791.674,2752.137,2791.674,1.43,189038660.0,14799154000.0
2856,白酒,2026-01-13,2785.475,2791.085,2748.99,2754.44,-1.33,163902360.0,14170920000.0
2857,白酒,2026-01-14,2746.237,2780.475,2721.414,2738.462,-0.58,184071660.0,17068864000.0
2858,白酒,2026-01-15,2721.019,2735.201,2699.879,2707.142,-1.14,120027301.0,12372471100.0
2859,白酒,2026-01-16,2704.474,2713.066,2680.794,2687.162,-0.74,140303540.0,14827582000.0
2860,白酒,2026-01-19,2674.439,2688.595,2672.371,2680.484,-0.25,109674280.0,12413238000.0
2861,白酒,2026-01-20,2670.669,2703.42,2668.977,2690.132,0.36,141880640.0,13328471700.0
2862,白酒,2026-01-21,2676.644,2676.644,2631.361,2632.956,-2.13,170269890.0,18034064000.0
2863,白酒,2026-01-22,2626.143,2651.472,2616.121,2635.523,0.1,138859360.0,14519691000.0
2864,白酒,2026-01-23,2628.833,2644.445,2628.137,2636.09,0.02,150766850.0,15809682000.0
2865,白酒,2026-01-26,2614.965,2616.407,2565.664,2597.117,-1.48,231040440.0,23374279000.0
2866,白酒,2026-01-27,2585.478,2585.478,2538.175,2547.964,-1.89,168196200.0,15460456000.0
2867,白酒,2026-01-28,2538.467,2582.197,2532.899,2561.99,0.55,195565110.0,19794495000.0
2868,白酒,2026-01-29,2550.628,2810.114,2547.668,2810.106,9.68,743948960.0,61424286000.0
2869,白酒,2026-01-30,2818.378,2818.378,2733.305,2733.305,-2.73,665487100.0,41558860000.0
2870,白酒,2026-02-02,2698.918,2881.863,2698.918,2804.37,2.6,573976890.0,36344818000.0
2871,白酒,2026-02-03,2757.695,2854.359,2757.695,2811.392,0.25,400833660.0,28157101000.0
2872,白酒,2026-02-04,2796.905,2873.596,2768.351,2841.476,1.07,449893700.0,36146331000.0
2873,白酒,2026-02-05,2814.282,2888.988,2814.282,2836.361,-0.18,393088460.0,31408868000.0
2874,白酒,2026-02-06,2805.572,2820.18,2752.088,2759.399,-2.71,282220240.0,24454047000.0
2875,白酒,2026-02-09,2755.447,2780.438,2746.377,2769.042,0.35,261754970.0,18581650000.0
2876,白酒,2026-02-10,2752.842,2755.631,2713.529,2719.456,-1.79,228999140.0,15506627000.0
2877,白酒,2026-02-11,2719.027,2732.357,2707.507,2716.528,-0.11,170608130.0,11379763900.0
2878,白酒,2026-02-12,2705.14,2705.259,2668.241,2669.038,-1.75,187163780.0,14467075000.0
2879,白酒,2026-02-13,2678.789,2687.75,2644.85,2644.85,-0.91,164778070.0,13974840000.0
2880,白酒,2026-02-24,2669.579,2674.304,2613.844,2619.943,-0.94,161228110.0,14030151000.0
2881,白酒,2026-02-25,2621.691,2656.321,2621.068,2646.535,1.01,158548350.0,12024541800.0
2882,白酒,2026-02-26,2642.982,2647.485,2608.515,2614.132,-1.22,170407070.0,12429658500.0
2883,白酒,2026-02-27,2615.265,2628.161,2605.538,2611.373,-0.11,122312542.0,9569327500.0
2884,白酒,2026-03-02,2575.229,2586.923,2530.614,2534.672,-2.94,192657290.0,13199302100.0
2885,白酒,2026-03-03,2530.037,2577.826,2489.071,2521.106,-0.54,235825680.0,16244092000.0
2886,白酒,2026-03-04,2489.786,2490.707,2445.28,2446.834,-2.95,176087350.0,14531985000.0
2887,白酒,2026-03-05,2464.641,2474.375,2450.722,2454.885,0.33,105061469.0,8399824700.0
2888,白酒,2026-03-06,2448.286,2492.41,2447.083,2489.533,1.41,114189187.0,9221323400.0
2889,白酒,2026-03-09,2462.15,2474.487,2449.293,2460.155,-1.18,127642105.0,10832403500.0
2890,白酒,2026-03-10,2468.438,2478.879,2460.278,2470.76,0.43,93484582.0,7636177400.0
2891,白酒,2026-03-11,2470.054,2477.192,2453.736,2474.836,0.16,101227609.0,7824056400.0
2892,白酒,2026-03-12,2468.834,2489.281,2449.68,2468.904,-0.24,135976620.0,8924675300.0
2893,白酒,2026-03-13,2457.455,2500.817,2454.628,2480.228,0.46,158260440.0,11384291900.0
2894,白酒,2026-03-16,2473.662,2547.837,2473.662,2524.731,1.79,232653750.0,17521614000.0
2895,白酒,2026-03-17,2511.988,2540.704,2503.171,2507.026,-0.7,172057380.0,14091559000.0
2896,白酒,2026-03-18,2503.837,2505.803,2456.115,2463.358,-1.74,134244960.0,10074226600.0
2897,白酒,2026-03-19,2441.137,2454.558,2406.277,2407.481,-2.27,120074465.0,9017725400.0
2898,白酒,2026-03-20,2410.443,2422.157,2374.543,2375.339,-1.34,122457835.0,8401827700.0
2899,白酒,2026-03-23,2348.367,2348.367,2276.163,2282.867,-3.89,173603750.0,13324278900.0
2900,白酒,2026-03-24,2304.805,2321.119,2279.87,2320.13,1.63,116656911.0,8256501500.0
2901,白酒,2026-03-25,2317.113,2332.099,2312.556,2329.616,0.41,104083572.0,7583680900.0
2902,白酒,2026-03-26,2322.694,2341.939,2283.088,2286.637,-1.84,115879901.0,8015426600.0
2903,白酒,2026-03-27,2272.024,2333.706,2272.024,2315.39,1.26,105939396.0,8596790000.0
2904,白酒,2026-03-30,2289.171,2328.501,2283.252,2316.422,0.04,104365720.0,8689972000.0
2905,白酒,2026-03-31,2376.268,2403.906,2314.394,2314.394,-0.09,204251050.0,16534509000.0
2906,白酒,2026-04-01,2327.505,2356.753,2306.162,2339.293,1.08,160322450.0,10332356900.0
2907,白酒,2026-04-02,2329.844,2363.855,2327.897,2345.172,0.25,144686300.0,8863925900.0
2908,白酒,2026-04-03,2340.565,2341.02,2274.802,2276.603,-2.92,121127133.0,7181331400.0
2909,白酒,2026-04-07,2268.973,2278.45,2258.517,2273.922,-0.12,97357441.0,6944457300.0
2910,白酒,2026-04-08,2289.341,2314.121,2285.817,2314.121,1.77,118058719.0,9308495500.0
2911,白酒,2026-04-09,2296.266,2300.826,2261.975,2266.106,-2.07,104883431.0,7831081900.0
2912,白酒,2026-04-10,2267.986,2285.912,2266.631,2275.352,0.41,106225055.0,9029440500.0
2913,白酒,2026-04-13,2260.171,2266.32,2248.733,2266.32,-0.4,88160783.0,7856667600.0
2914,白酒,2026-04-14,2264.475,2283.947,2255.628,2283.947,0.78,122865790.0,8928142500.0
2915,白酒,2026-04-15,2275.646,2296.644,2263.443,2282.879,-0.05,111496238.0,9766365600.0
2916,白酒,2026-04-16,2271.502,2293.446,2268.34,2283.064,0.01,101837785.0,8081898500.0
2917,白酒,2026-04-17,2251.815,2255.562,2232.417,2254.701,-1.24,141043920.0,19091385000.0
2918,白酒,2026-04-20,2254.597,2271.849,2238.734,2265.894,0.5,104914023.0,9442420600.0
2919,白酒,2026-04-21,2268.546,2291.573,2258.491,2261.327,-0.2,90269462.0,6817737200.0
2920,白酒,2026-04-22,2255.508,2265.935,2252.424,2260.525,-0.04,95873613.0,8420022800.0
2921,白酒,2026-04-23,2284.063,2358.949,2284.063,2324.74,2.84,263595590.0,15758869000.0
2922,白酒,2026-04-24,2315.362,2348.191,2301.204,2322.022,-0.12,199802970.0,15677552000.0
2923,白酒,2026-04-27,2307.877,2307.877,2266.721,2282.117,-1.72,161899820.0,16331213000.0
2924,白酒,2026-04-28,2273.599,2291.438,2260.597,2274.855,-0.32,122250399.0,9537397100.0
2925,白酒,2026-04-29,2268.641,2311.781,2268.641,2300.419,1.12,183517030.0,14320852000.0
2926,白酒,2026-04-30,2296.287,2316.631,2279.837,2279.837,-0.89,135562070.0,14340739000.0
2927,白酒,2026-05-06,2244.917,2262.52,2243.351,2262.52,-0.76,215821270.0,20096232000.0
2928,白酒,2026-05-07,2264.843,2297.696,2264.843,2271.37,0.39,170425610.0,15470395000.0
2929,白酒,2026-05-08,2269.286,2284.871,2262.507,2277.238,0.26,138577050.0,11004043000.0
2930,白酒,2026-05-11,2271.882,2298.734,2257.91,2292.31,0.66,164760120.0,15435184000.0
2931,白酒,2026-05-12,2289.743,2289.809,2247.724,2249.057,-1.89,170174770.0,15683873000.0
2932,白酒,2026-05-13,2248.697,2253.62,2213.786,2220.848,-1.25,163626180.0,16764614000.0
2933,白酒,2026-05-14,2216.952,2321.991,2204.958,2258.034,1.67,320327100.0,20351121000.0
2934,白酒,2026-05-15,2235.871,2235.979,2193.034,2197.79,-2.67,225146570.0,16743183000.0
2935,白酒,2026-05-18,2197.695,2200.418,2161.988,2173.54,-1.1,161058580.0,13905071000.0
2936,白酒,2026-05-19,2176.135,2217.698,2174.376,2183.25,0.45,149307780.0,12490358400.0
2937,白酒,2026-05-20,2174.143,2220.669,2167.571,2198.077,0.68,201386970.0,14132108000.0
2938,白酒,2026-05-21,2186.293,2232.584,2183.397,2200.34,0.1,219863300.0,13442814000.0
2939,白酒,2026-05-22,2195.802,2195.802,2129.494,2131.337,-3.14,202283770.0,13512908000.0
2940,白酒,2026-05-25,2117.71,2209.247,2109.248,2190.088,2.76,250476890.0,14931031000.0
2941,白酒,2026-05-26,2176.564,2220.104,2160.999,2172.688,-0.79,232787200.0,13988080000.0
2942,白酒,2026-05-27,2160.312,2292.856,2136.949,2245.865,3.37,453725370.0,27743091000.0
2943,白酒,2026-05-28,2211.546,2230.087,2167.9,2173.113,-3.24,286659910.0,16118475000.0
2944,白酒,2026-05-29,2160.477,2283.55,2160.477,2249.696,3.52,416935860.0,27250551000.0
2945,白酒,2026-06-01,2162.261,2198.455,2120.845,2174.917,-3.32,294972940.0,16245570000.0
2946,白酒,2026-06-02,2171.406,2203.576,2133.999,2139.498,-1.63,251234320.0,14300570000.0
2947,白酒,2026-06-03,2135.639,2139.863,2083.024,2120.56,-0.89,250531490.0,15578487000.0
2948,白酒,2026-06-04,2107.002,2128.299,2053.064,2055.863,-3.05,210510800.0,11404305700.0
2949,白酒,2026-06-05,2077.396,2118.741,2053.476,2053.476,-0.12,195348030.0,11273260800.0
2950,白酒,2026-06-08,2051.689,2084.022,2004.025,2012.645,-1.99,196761070.0,11588417000.0
2951,白酒,2026-06-09,2002.229,2002.229,1953.393,1963.412,-2.45,171018660.0,9748203500.0
2952,白酒,2026-06-10,1959.672,1983.541,1959.672,1967.543,0.21,174768570.0,12120746500.0
2953,白酒,2026-06-11,1952.381,1958.448,1927.348,1946.319,-1.08,184255770.0,10561510000.0
2954,白酒,2026-06-12,1943.912,1991.312,1937.918,1967.89,1.11,204240620.0,14705332000.0
2955,白酒,2026-06-15,1969.019,1997.861,1962.362,1994.254,1.34,171645490.0,11977013000.0
2956,白酒,2026-06-16,1986.115,1986.115,1958.02,1971.35,-1.15,157877720.0,10574030500.0
2957,白酒,2026-06-17,1967.666,1972.873,1921.71,1948.901,-1.14,169835640.0,11591623900.0
2958,白酒,2026-06-18,1942.5,1949.889,1906.451,1927.186,-1.11,199871430.0,14978221000.0
2959,白酒,2026-06-22,1911.45,1970.871,1896.88,1952.676,1.32,239712770.0,16696158000.0
2960,白酒,2026-06-23,1943.058,1988.617,1924.903,1932.047,-1.06,225741290.0,16923815000.0
2961,白酒,2026-06-24,1929.18,1949.115,1873.313,1873.332,-3.04,192006260.0,13084428200.0
2962,白酒,2026-06-25,1862.079,1944.307,1846.378,1904.004,1.64,288426120.0,17810245000.0
2963,白酒,2026-06-26,1896.212,1914.426,1841.198,1841.198,-3.3,216613930.0,14471075000.0
2964,白酒,2026-06-29,1830.998,1900.056,1793.403,1868.106,1.46,264113720.0,18527836000.0
2965,医药,2022-06-01,16427.286,16615.757,16349.95,16445.497,,335291970.0,10965459900.0
2966,医药,2022-06-02,16427.03,16427.03,16209.158,16386.202,-0.36,410528810.0,13046045500.0
2967,医药,2022-06-06,16401.307,16949.395,16397.383,16946.514,3.42,403870800.0,16326396000.0
2968,医药,2022-06-07,16965.266,17254.368,16932.726,17174.46,1.35,394356670.0,16098885000.0
2969,医药,2022-06-08,17203.431,17525.78,17086.502,17312.018,0.8,460714900.0,19929072000.0
2970,医药,2022-06-09,17267.772,17301.831,16807.357,16869.573,-2.56,332658400.0,11691798900.0
2971,医药,2022-06-10,16793.165,17075.985,16758.971,17075.985,1.22,327130140.0,11193556300.0
2972,医药,2022-06-13,16837.625,17007.882,16788.051,17007.882,-0.4,408174100.0,16634220000.0
2973,医药,2022-06-14,16823.388,17036.592,16511.183,16864.023,-0.85,333659370.0,11492790000.0
2974,医药,2022-06-15,16874.25,17121.326,16861.48,16871.093,0.04,362506740.0,12102836100.0
2975,医药,2022-06-16,16906.873,17336.079,16905.166,17202.689,1.97,359045220.0,11008860500.0
2976,医药,2022-06-17,17095.801,17504.949,16945.091,17495.952,1.7,425177240.0,15182671000.0
2977,医药,2022-06-20,17465.689,17704.14,17459.199,17668.297,0.99,440471700.0,15843862000.0
2978,医药,2022-06-21,17671.892,17783.669,17374.031,17534.47,-0.76,346323590.0,11758279700.0
2979,医药,2022-06-22,17520.348,17568.572,17283.436,17291.387,-1.39,293755410.0,11388876200.0
2980,医药,2022-06-23,17316.758,17429.249,17121.611,17427.919,0.79,286351870.0,11842528400.0
2981,医药,2022-06-24,17492.832,17962.596,17478.035,17894.242,2.68,371852380.0,19512975000.0
2982,医药,2022-06-27,17979.512,18266.331,17977.617,18058.252,0.92,364884810.0,16378267000.0
2983,医药,2022-06-28,18090.139,18155.856,17833.128,18155.856,0.54,348675440.0,11872595900.0
2984,医药,2022-06-29,18156.348,18497.713,18067.953,18090.124,-0.36,449923770.0,14126980000.0
2985,医药,2022-06-30,18085.203,18706.192,18085.203,18551.322,2.55,455239500.0,15753655000.0
2986,医药,2022-07-01,18606.216,18658.199,18350.931,18468.897,-0.44,329594240.0,10756044300.0
2987,医药,2022-07-04,18530.488,19324.323,18490.652,19318.039,4.6,470386220.0,21436702000.0
2988,医药,2022-07-05,19392.594,19642.623,19020.702,19435.696,0.61,467373420.0,25204774000.0
2989,医药,2022-07-06,19469.009,19779.39,19254.114,19426.154,-0.05,577875390.0,23311849000.0
2990,医药,2022-07-07,19428.168,19428.259,18934.416,19157.307,-1.38,401581960.0,17182098000.0
2991,医药,2022-07-08,19196.767,19513.191,19196.767,19412.917,1.33,466050460.0,14043175000.0
2992,医药,2022-07-11,19377.364,19581.668,19229.774,19374.485,-0.2,478626080.0,14538263000.0
2993,医药,2022-07-12,19417.887,19420.577,18741.839,18741.839,-3.27,452906860.0,16483129000.0
2994,医药,2022-07-13,18721.573,18755.654,18503.712,18657.079,-0.45,349676060.0,11499697800.0
2995,医药,2022-07-14,18694.298,19440.527,18684.781,19316.756,3.54,469049880.0,16214360000.0
2996,医药,2022-07-15,19249.839,19444.156,19043.891,19043.891,-1.41,496492490.0,13800749000.0
2997,医药,2022-07-18,19012.114,19128.679,18625.251,19072.362,0.15,545563160.0,15710938000.0
2998,医药,2022-07-19,19044.892,19192.241,18890.105,19103.708,0.16,469375220.0,12775346100.0
2999,医药,2022-07-20,19235.558,19669.474,19235.558,19552.279,2.35,532520070.0,12489332900.0
3000,医药,2022-07-21,19573.382,19812.099,19501.412,19570.718,0.09,464895790.0,11206848600.0
3001,医药,2022-07-22,19631.639,19687.554,19138.289,19271.504,-1.53,436004180.0,10964093000.0
3002,医药,2022-07-25,19321.714,19500.33,19259.115,19393.555,0.63,482421720.0,10283224500.0
3003,医药,2022-07-26,19420.476,19455.559,19197.424,19455.559,0.32,386240640.0,8930531400.0
3004,医药,2022-07-27,19457.488,19548.436,19352.985,19415.181,-0.21,566699120.0,15731492000.0
3005,医药,2022-07-28,19471.04,19541.109,19307.287,19340.987,-0.38,732996020.0,15056903000.0
3006,医药,2022-07-29,19281.615,19281.615,18805.587,18843.204,-2.57,571513820.0,15084901000.0
3007,医药,2022-08-01,18756.391,18969.078,18577.538,18958.002,0.61,478148530.0,10875273200.0
3008,医药,2022-08-02,18780.656,18780.656,18069.483,18229.914,-3.84,539708820.0,13236202500.0
3009,医药,2022-08-03,18191.633,18493.606,18042.102,18086.915,-0.78,391666040.0,10198607800.0
3010,医药,2022-08-04,18203.264,18605.223,18164.104,18605.223,2.87,405632230.0,12631162400.0
3011,医药,2022-08-05,18628.733,18852.145,18628.733,18796.023,1.03,411327770.0,12555994700.0
3012,医药,2022-08-08,18745.252,19015.288,18681.995,18888.613,0.49,357882170.0,11520469800.0
3013,医药,2022-08-09,18837.516,18837.986,18624.272,18762.219,-0.67,332843480.0,9221567600.0
3014,医药,2022-08-10,18758.475,18766.543,18508.333,18594.372,-0.89,311180930.0,10539989300.0
3015,医药,2022-08-11,18671.312,19133.934,18650.827,19038.576,2.39,377482790.0,12266891500.0
3016,医药,2022-08-12,18976.46,18998.379,18814.327,18914.019,-0.65,289428370.0,8357665300.0
3017,医药,2022-08-15,18859.957,18867.541,18687.282,18789.535,-0.66,340750080.0,9643627200.0
3018,医药,2022-08-16,18786.019,18839.754,18605.868,18668.915,-0.64,380276950.0,12458730900.0
3019,医药,2022-08-17,18709.663,18837.324,18560.058,18688.532,0.11,409978470.0,9481173600.0
3020,医药,2022-08-18,18609.881,18610.602,18427.825,18534.788,-0.82,357944990.0,9329363200.0
3021,医药,2022-08-19,18516.536,18612.549,18303.047,18303.047,-1.25,314277560.0,9064245000.0
3022,医药,2022-08-22,18251.281,18478.687,18134.961,18478.687,0.96,295049990.0,8782444800.0
3023,医药,2022-08-23,18404.619,18415.479,18157.635,18235.718,-1.31,352945550.0,10207049600.0
3024,医药,2022-08-24,18199.876,18345.892,17869.13,17886.952,-1.91,390074790.0,9742354100.0
3025,医药,2022-08-25,17905.229,18045.653,17684.583,17956.036,0.39,502081780.0,10299202300.0
3026,医药,2022-08-26,17906.926,18428.88,17906.926,18061.483,0.59,440381590.0,10784437300.0
3027,医药,2022-08-29,17821.496,17957.008,17752.112,17878.118,-1.02,321923880.0,8320918400.0
3028,医药,2022-08-30,17873.309,18004.925,17784.788,17914.582,0.2,331250170.0,7849851300.0
3029,医药,2022-08-31,17884.449,18210.243,17843.393,18056.194,0.79,490613920.0,13453417000.0
3030,医药,2022-09-01,18036.69,18184.246,17761.859,17806.554,-1.38,377412770.0,10059470800.0
3031,医药,2022-09-02,17831.043,17953.353,17580.548,17717.676,-0.5,324581950.0,11417435300.0
3032,医药,2022-09-05,17746.359,17838.578,17434.274,17545.628,-0.97,396995290.0,12321411500.0
3033,医药,2022-09-06,17569.366,17604.415,17417.934,17564.909,0.11,360875990.0,9626804200.0
3034,医药,2022-09-07,17473.163,17581.819,17318.118,17513.842,-0.29,327282890.0,10031548200.0
3035,医药,2022-09-08,17527.932,17536.683,17294.919,17305.425,-1.19,284581960.0,8264775500.0
3036,医药,2022-09-09,17509.227,17748.74,17508.748,17711.27,2.35,482180610.0,12364171600.0
3037,医药,2022-09-13,17614.363,17643.306,17356.267,17403.524,-1.74,628449270.0,21457612000.0
3038,医药,2022-09-14,17085.719,17386.401,17012.764,17372.854,-0.18,454752760.0,13093673800.0
3039,医药,2022-09-15,17477.752,17622.102,17028.522,17152.465,-1.27,529493510.0,13748685000.0
3040,医药,2022-09-16,17092.626,17139.815,16679.543,16679.543,-2.76,510888060.0,11424666000.0
3041,医药,2022-09-19,16640.727,16677.032,16287.413,16374.761,-1.83,393716090.0,9239711900.0
3042,医药,2022-09-20,16405.316,16564.372,16292.187,16520.778,0.89,313846810.0,7500236900.0
3043,医药,2022-09-21,16452.803,16452.803,16251.381,16331.896,-1.14,299517210.0,7805100100.0
3044,医药,2022-09-22,16223.026,16371.193,16105.782,16117.245,-1.31,343710970.0,8364311100.0
3045,医药,2022-09-23,16090.287,16152.419,15678.075,15757.414,-2.23,402696880.0,8513049200.0
3046,医药,2022-09-26,15654.799,15856.843,15530.735,15560.232,-1.25,442482380.0,9306667900.0
3047,医药,2022-09-27,15542.163,16345.388,15535.295,16335.581,4.98,553007640.0,13253594200.0
3048,医药,2022-09-28,16307.681,16541.581,15988.771,15992.585,-2.1,515732200.0,10420041800.0
3049,医药,2022-09-29,16104.209,16512.844,16068.97,16260.599,1.68,477090690.0,11787935100.0
3050,医药,2022-09-30,16194.723,16416.148,16009.461,16011.812,-1.53,415401110.0,8245304200.0
3051,医药,2022-10-10,16061.162,16203.907,15517.491,15557.317,-2.84,417677800.0,10709826700.0
3052,医药,2022-10-11,15577.58,15589.191,15180.961,15344.492,-1.37,346282510.0,8400962200.0
3053,医药,2022-10-12,15372.213,15522.196,14835.126,15522.196,1.16,409393720.0,9606004800.0
3054,医药,2022-10-13,15412.969,16139.067,15392.437,16006.805,3.12,459385220.0,12532288500.0
3055,医药,2022-10-14,16116.395,17417.429,16108.681,17241.528,7.71,843536190.0,21766981000.0
3056,医药,2022-10-17,17277.708,17618.439,17183.929,17315.694,0.43,827026230.0,20051101000.0
3057,医药,2022-10-18,17393.674,17653.567,17056.608,17495.001,1.04,736941100.0,15787298000.0
3058,医药,2022-10-19,17494.872,17494.872,17136.137,17199.197,-1.69,575373980.0,12972526200.0
3059,医药,2022-10-20,17109.318,17564.535,17075.83,17188.238,-0.06,749081040.0,15757936000.0
3060,医药,2022-10-21,17084.541,17271.213,16807.638,17011.455,-1.03,538262630.0,12404718400.0
3061,医药,2022-10-24,17071.868,17186.674,16448.88,16531.886,-2.82,563328710.0,13872516000.0
3062,医药,2022-10-25,16409.77,16574.331,16018.396,16234.093,-1.8,459612170.0,11457954800.0
3063,医药,2022-10-26,16291.081,17516.494,16290.427,17313.059,6.65,683179920.0,20693591000.0
3064,医药,2022-10-27,17349.344,17349.344,16864.493,17042.707,-1.56,704031140.0,21116094000.0
3065,医药,2022-10-28,16966.044,17160.71,16451.862,16522.861,-3.05,509793920.0,14930799000.0
3066,医药,2022-10-31,16475.719,16830.548,16377.922,16657.17,0.81,486262410.0,13331765900.0
3067,医药,2022-11-01,16797.859,17189.683,16613.516,17187.62,3.18,637294180.0,17846810000.0
3068,医药,2022-11-02,17096.094,17734.484,17058.335,17449.853,1.53,738612580.0,19525189000.0
3069,医药,2022-11-03,17261.376,17734.983,17181.065,17578.792,0.74,512050610.0,13653199000.0
3070,医药,2022-11-04,17611.375,17954.045,17538.768,17866.785,1.64,625140650.0,16188487000.0
3071,医药,2022-11-07,17841.022,18019.56,17754.331,17982.285,0.65,541715350.0,17112289000.0
3072,医药,2022-11-08,18064.906,18064.906,17777.89,17997.69,0.09,536494590.0,14600665000.0
3073,医药,2022-11-09,18000.977,18367.92,17941.346,18120.958,0.68,652962820.0,13404917100.0
3074,医药,2022-11-10,18026.776,18241.243,17822.85,17856.624,-1.46,655962240.0,13274022200.0
3075,医药,2022-11-11,18294.798,18866.7,18207.371,18339.717,2.71,1151074380.0,29713632000.0
3076,医药,2022-11-14,18311.956,18749.678,18012.351,18657.581,1.73,967971680.0,21496009000.0
3077,医药,2022-11-15,18556.997,18696.819,18221.908,18689.133,0.17,788175230.0,17960950000.0
3078,医药,2022-11-16,18650.274,18991.148,18506.085,18734.343,0.24,782141940.0,18242909000.0
3079,医药,2022-11-17,18624.623,18842.844,18470.558,18710.283,-0.13,690843150.0,14676428000.0
3080,医药,2022-11-18,18738.637,19002.596,18676.57,18727.368,0.09,810199920.0,16135800000.0
3081,医药,2022-11-21,18569.141,18639.574,18372.099,18609.659,-0.63,629139140.0,14207871000.0
3082,医药,2022-11-22,18550.158,18743.484,17875.363,17955.236,-3.52,596298980.0,13515269000.0
3083,医药,2022-11-23,17942.199,17959.269,17321.266,17539.0,-2.32,513650340.0,12662148900.0
3084,医药,2022-11-24,17551.505,17731.391,17539.464,17678.015,0.79,400857030.0,8724420200.0
3085,医药,2022-11-25,17608.864,17608.864,17270.567,17418.022,-1.47,401761740.0,7942907500.0
3086,医药,2022-11-28,17149.913,17380.955,17017.327,17133.185,-1.64,513307040.0,12733151000.0
3087,医药,2022-11-29,17135.505,17767.478,17135.505,17669.229,3.13,649916400.0,14329245000.0
3088,医药,2022-11-30,17627.455,17678.915,17316.032,17401.767,-1.51,469294280.0,9447552100.0
3089,医药,2022-12-01,17606.449,17696.179,17450.08,17650.569,1.43,597560770.0,13858181000.0
3090,医药,2022-12-02,17597.941,17741.418,17545.565,17597.995,-0.3,427349050.0,9386929900.0
3091,医药,2022-12-05,17676.039,17710.312,17472.471,17581.242,-0.1,503977580.0,11941497100.0
3092,医药,2022-12-06,17519.221,17631.806,17375.301,17411.791,-0.96,505258240.0,11668618900.0
3093,医药,2022-12-07,17358.51,17685.956,17243.935,17643.636,1.33,490927260.0,10605480600.0
3094,医药,2022-12-08,17648.582,17748.514,17524.976,17574.251,-0.39,485991660.0,9499725600.0
3095,医药,2022-12-09,17555.838,17816.724,17472.977,17709.835,0.77,652944030.0,12311287300.0
3096,医药,2022-12-12,17679.758,17851.076,17670.182,17777.615,0.38,640085380.0,10587109200.0
3097,医药,2022-12-13,17774.888,17778.604,17403.4,17610.953,-0.94,516954040.0,9079869500.0
3098,医药,2022-12-14,17585.02,17585.02,17347.962,17410.293,-1.14,509672820.0,9988166300.0
3099,医药,2022-12-15,17391.218,17555.277,17291.872,17358.544,-0.3,390585240.0,8586159800.0
3100,医药,2022-12-16,17286.677,17438.434,17222.512,17349.309,-0.05,427564550.0,8387134800.0
3101,医药,2022-12-19,17367.853,17377.043,16786.835,16822.414,-3.04,500906410.0,8861075200.0
3102,医药,2022-12-20,16786.692,16841.593,16511.105,16630.161,-1.14,406079510.0,7202578100.0
3103,医药,2022-12-21,16618.22,16712.401,16458.559,16535.067,-0.57,362523600.0,5811430000.0
3104,医药,2022-12-22,16576.14,16976.489,16465.686,16554.014,0.11,455878330.0,10197378700.0
3105,医药,2022-12-23,16432.667,16754.265,16432.667,16688.063,0.81,368764080.0,8484476700.0
3106,医药,2022-12-26,16704.583,16805.938,16581.054,16679.277,-0.05,326767250.0,6591460600.0
3107,医药,2022-12-27,16695.073,17018.552,16434.484,16985.426,1.84,555959930.0,11288559700.0
3108,医药,2022-12-28,16926.051,17096.252,16875.777,16923.636,-0.36,651585360.0,10917680400.0
3109,医药,2022-12-29,16898.782,17350.3,16857.118,17208.15,1.68,530232400.0,12872274700.0
3110,医药,2022-12-30,17272.269,17277.036,17129.687,17184.576,-0.14,442302850.0,9814175000.0
3111,医药,2023-01-03,17228.049,17531.844,17228.049,17450.28,1.55,519838860.0,11333613900.0
3112,医药,2023-01-04,17459.519,17774.457,17443.633,17743.364,1.68,502947830.0,10996874000.0
3113,医药,2023-01-05,17740.516,18220.325,17656.966,18173.116,2.42,543644470.0,16735239000.0
3114,医药,2023-01-06,18121.917,18128.481,17971.617,18008.04,-0.91,444421930.0,10995519100.0
3115,医药,2023-01-09,17999.131,18144.744,17944.24,18091.475,0.46,443368600.0,10614165800.0
3116,医药,2023-01-10,18087.427,18263.927,17942.465,18193.214,0.56,368790000.0,9785097200.0
3117,医药,2023-01-11,18195.068,18422.384,18176.369,18280.949,0.48,432967360.0,10577136400.0
3118,医药,2023-01-12,18294.523,18456.936,18215.142,18260.476,-0.11,492872170.0,10646297200.0
3119,医药,2023-01-13,18277.519,18657.23,18193.349,18657.23,2.17,547023670.0,13954331000.0
3120,医药,2023-01-16,18676.19,19526.582,18676.19,19270.156,3.29,679276590.0,23636442000.0
3121,医药,2023-01-17,19333.66,19333.66,18966.877,19013.439,-1.33,444317670.0,15159669000.0
3122,医药,2023-01-18,19019.159,19019.159,18830.734,18837.776,-0.92,325948310.0,9353174400.0
3123,医药,2023-01-19,18760.287,19368.484,18690.761,19292.42,2.41,461769520.0,16033877000.0
3124,医药,2023-01-20,19292.089,19557.206,19282.143,19361.17,0.36,399951120.0,11165604000.0
3125,医药,2023-01-30,19485.721,19519.849,19218.922,19290.227,-0.37,547588090.0,13601640000.0
3126,医药,2023-01-31,19155.392,19204.932,18885.52,18916.903,-1.94,568773360.0,15778915000.0
3127,医药,2023-02-01,18925.189,19146.555,18738.031,19146.555,1.21,536819690.0,13691633000.0
3128,医药,2023-02-02,19125.244,19686.205,19107.973,19460.928,1.64,557688310.0,14017134000.0
3129,医药,2023-02-03,19376.413,19625.815,19224.362,19464.389,0.02,447757880.0,10586472300.0
3130,医药,2023-02-06,19374.355,19378.981,19012.774,19110.306,-1.82,462858420.0,12981347000.0
3131,医药,2023-02-07,19132.632,19284.763,18992.024,19099.853,-0.05,370441810.0,9058957300.0
3132,医药,2023-02-08,19101.414,19386.286,19101.414,19168.979,0.36,388259220.0,9028359900.0
3133,医药,2023-02-09,19099.776,19330.584,19085.852,19320.178,0.79,362854920.0,8719109200.0
3134,医药,2023-02-10,19308.402,19368.063,19099.155,19283.09,-0.19,408933910.0,10789351700.0
3135,医药,2023-02-13,19264.763,19624.182,19242.202,19461.737,0.93,432404880.0,12620919100.0
3136,医药,2023-02-14,19514.021,19589.109,19367.051,19589.109,0.65,433069660.0,10021223400.0
3137,医药,2023-02-15,19542.686,19580.093,19245.689,19281.72,-1.57,436640540.0,12194720700.0
3138,医药,2023-02-16,19293.911,19494.294,18968.518,19063.595,-1.13,499085310.0,11800324900.0
3139,医药,2023-02-17,19076.273,19271.428,18978.82,18996.017,-0.35,358474860.0,8936968700.0
3140,医药,2023-02-20,19036.688,19126.237,18755.847,19103.052,0.56,390303350.0,9890586700.0
3141,医药,2023-02-21,19092.929,19104.505,18872.989,18961.254,-0.74,315311980.0,8769856400.0
3142,医药,2023-02-22,18885.722,19114.837,18828.401,18953.742,-0.04,324216430.0,8323208100.0
3143,医药,2023-02-23,18962.507,19156.136,18765.117,18831.981,-0.64,373148880.0,9112500400.0
3144,医药,2023-02-24,18847.792,18857.929,18617.528,18650.782,-0.96,293675770.0,7716129300.0
3145,医药,2023-02-27,18598.678,18669.454,18335.91,18374.121,-1.48,349954480.0,9254576100.0
3146,医药,2023-02-28,18415.872,18672.508,18404.173,18672.045,1.62,341628810.0,8523194800.0
3147,医药,2023-03-01,18696.115,18698.461,18476.994,18651.896,-0.11,487606800.0,10676408100.0
3148,医药,2023-03-02,18633.365,18644.701,18412.925,18431.661,-1.18,357723270.0,7682010300.0
3149,医药,2023-03-03,18452.069,18734.708,18398.575,18504.769,0.4,356942890.0,9260945400.0
3150,医药,2023-03-06,18498.768,18653.606,18397.374,18621.796,0.63,439988920.0,10996617300.0
3151,医药,2023-03-07,18639.511,18903.672,18396.738,18401.037,-1.19,486959380.0,10453473800.0
3152,医药,2023-03-08,18349.88,18579.436,18326.64,18410.776,0.05,459639420.0,8742903100.0
3153,医药,2023-03-09,18439.753,18513.777,18346.366,18426.378,0.08,457186340.0,8204762900.0
3154,医药,2023-03-10,18319.473,18483.63,18174.403,18431.56,0.03,441133460.0,9620797500.0
3155,医药,2023-03-13,18315.105,18321.031,17987.184,18183.789,-1.34,407951560.0,10036060000.0
3156,医药,2023-03-14,18181.395,18337.437,17962.857,18134.212,-0.27,361409110.0,8375207200.0
3157,医药,2023-03-15,18178.864,18419.967,18178.864,18230.369,0.53,362702650.0,8746178200.0
3158,医药,2023-03-16,18147.782,18275.923,17877.816,17924.476,-1.68,456507730.0,10864927200.0
3159,医药,2023-03-17,18007.644,18029.944,17651.398,17681.146,-1.36,484429610.0,12014281800.0
3160,医药,2023-03-20,17652.205,17662.163,17280.281,17519.755,-0.91,485741150.0,11482119400.0
3161,医药,2023-03-21,17538.981,18083.635,17538.981,18083.635,3.22,398512210.0,13825845000.0
3162,医药,2023-03-22,18153.553,18428.486,18151.939,18221.415,0.76,361772180.0,11221024600.0
3163,医药,2023-03-23,18249.95,18411.142,18114.352,18203.946,-0.1,399274080.0,10102278400.0
3164,医药,2023-03-24,18237.76,18399.276,18068.052,18095.65,-0.59,430236290.0,10548785800.0
3165,医药,2023-03-27,18088.99,18837.839,18001.856,18667.945,3.16,531924510.0,17860153000.0
3166,医药,2023-03-28,18758.601,18847.841,18597.253,18647.682,-0.11,666213870.0,16819716000.0
3167,医药,2023-03-29,18603.92,18603.92,18314.451,18376.022,-1.46,529064200.0,12802650300.0
3168,医药,2023-03-30,18334.226,18461.732,18151.602,18299.807,-0.41,469615800.0,10700969800.0
3169,医药,2023-03-31,18281.52,18307.218,18014.344,18132.123,-0.92,511616940.0,15109007000.0
3170,医药,2023-04-03,18108.572,18148.934,17960.482,18059.287,-0.4,526204830.0,15816845000.0
3171,医药,2023-04-04,18078.086,18080.386,17734.991,17865.47,-1.07,470873580.0,14174721000.0
3172,医药,2023-04-06,17826.061,18005.515,17788.274,17956.037,0.51,389643500.0,11287334200.0
3173,医药,2023-04-07,17947.734,18714.299,17923.951,18688.005,4.08,579662270.0,17663736000.0
3174,医药,2023-04-10,18741.575,18930.969,18608.248,18655.291,-0.18,554398990.0,15794790000.0
3175,医药,2023-04-11,18688.423,18863.097,18412.153,18540.562,-0.61,420651350.0,12552240200.0
3176,医药,2023-04-12,18502.824,18679.763,18381.848,18488.428,-0.28,373073100.0,10901165100.0
3177,医药,2023-04-13,18447.433,19134.924,18277.753,19134.045,3.49,501328100.0,18782553000.0
3178,医药,2023-04-14,19261.982,19707.843,19122.319,19203.388,0.36,515446960.0,18261596000.0
3179,医药,2023-04-17,19166.404,19245.526,18941.736,19014.673,-0.98,474381550.0,12967807300.0
3180,医药,2023-04-18,18888.589,18888.589,18667.041,18726.977,-1.51,431228930.0,14223870000.0
3181,医药,2023-04-19,18705.318,18761.418,18538.913,18602.374,-0.67,370032630.0,11260349700.0
3182,医药,2023-04-20,18575.101,18578.354,18203.826,18263.299,-1.82,426941390.0,12052849100.0
3183,医药,2023-04-21,18222.143,18378.37,17951.701,17959.021,-1.67,403436940.0,12123095800.0
3184,医药,2023-04-24,17937.995,17974.406,17492.254,17596.358,-2.02,348241370.0,11695017300.0
3185,医药,2023-04-25,17550.34,17564.023,16765.481,16956.664,-3.64,472870310.0,16833134000.0
3186,医药,2023-04-26,17015.797,17413.512,17015.797,17293.276,1.99,417225110.0,12714446100.0
3187,医药,2023-04-27,17232.895,17704.018,17227.267,17554.926,1.51,494279900.0,13402500500.0
3188,医药,2023-04-28,17593.744,17815.79,17476.957,17722.024,0.95,441746460.0,12039090700.0
3189,医药,2023-05-04,17615.587,17821.221,17556.493,17690.969,-0.18,394905660.0,9761717000.0
3190,医药,2023-05-05,17692.687,17692.687,17385.721,17439.292,-1.42,356508320.0,8798253500.0
3191,医药,2023-05-08,17404.121,17427.797,17022.837,17184.46,-1.46,338173880.0,10118134000.0
3192,医药,2023-05-09,17155.639,17160.199,16878.949,16887.343,-1.73,327018300.0,9058436600.0
3193,医药,2023-05-10,16854.071,17038.711,16764.003,17006.121,0.7,269457740.0,7771774500.0
3194,医药,2023-05-11,17039.681,17424.2,17039.681,17180.434,1.03,317297570.0,10295232100.0
3195,医药,2023-05-12,17115.901,17201.774,16939.974,16972.516,-1.21,252088410.0,7035324400.0
3196,医药,2023-05-15,16874.847,17358.705,16874.847,17358.705,2.28,274292330.0,8559583800.0
3197,医药,2023-05-16,17326.865,17535.199,17200.918,17412.39,0.31,306493360.0,9047001100.0
3198,医药,2023-05-17,17340.627,17340.627,17174.673,17299.69,-0.65,277248280.0,7264906200.0
3199,医药,2023-05-18,17300.465,17360.584,17132.897,17209.462,-0.52,242695380.0,7222028100.0
3200,医药,2023-05-19,17175.877,17410.825,17056.745,17375.544,0.97,226671660.0,6623918500.0
3201,医药,2023-05-22,17350.574,17572.435,17289.841,17468.68,0.54,236372120.0,7200447900.0
3202,医药,2023-05-23,17499.878,17767.221,17499.878,17543.903,0.43,289875570.0,9211211500.0
3203,医药,2023-05-24,17409.262,17488.488,17297.055,17376.936,-0.95,258714930.0,7333300500.0
3204,医药,2023-05-25,17339.746,17367.413,17020.098,17163.073,-1.23,247207780.0,6906678600.0
3205,医药,2023-05-26,17169.2,17231.996,17046.142,17133.591,-0.17,328119570.0,8043687300.0
3206,医药,2023-05-29,17251.273,17398.138,17129.324,17252.715,0.7,352268930.0,9017710400.0
3207,医药,2023-05-30,17256.774,17366.277,16945.855,17238.26,-0.08,329000020.0,10162579800.0
3208,医药,2023-05-31,17305.045,17619.318,17150.895,17193.47,-0.26,364032650.0,10718826400.0
3209,医药,2023-06-01,17193.144,17794.886,17084.495,17589.766,2.3,412480660.0,13375288900.0
3210,医药,2023-06-02,17657.406,17720.609,17498.455,17540.864,-0.28,500927450.0,11721980900.0
3211,医药,2023-06-05,17517.42,17529.742,17404.128,17448.097,-0.53,519847600.0,11078615800.0
3212,医药,2023-06-06,17471.034,17474.563,17023.098,17053.606,-2.26,492743060.0,11750386400.0
3213,医药,2023-06-07,17076.901,17195.674,16977.944,17033.589,-0.12,438346390.0,10772891000.0
3214,医药,2023-06-08,17014.122,17027.808,16749.709,16754.508,-1.64,461807840.0,10659680600.0
3215,医药,2023-06-09,16732.785,17242.981,16704.414,16997.931,1.45,573084000.0,15475981000.0
3216,医药,2023-06-12,16959.649,16959.649,16696.039,16845.249,-0.9,396344840.0,9863590400.0
3217,医药,2023-06-13,16850.236,17010.284,16767.776,16806.574,-0.23,371804540.0,8826224400.0
3218,医药,2023-06-14,16826.606,16939.099,16719.423,16732.075,-0.44,349247600.0,8834563000.0
3219,医药,2023-06-15,16769.213,17033.285,16683.926,17033.285,1.8,423822300.0,13506880000.0
3220,医药,2023-06-16,17034.159,17138.745,16927.018,16994.913,-0.23,379436060.0,10932942300.0
3221,医药,2023-06-19,17000.314,17035.664,16865.65,16882.418,-0.66,397345190.0,9697754600.0
3222,医药,2023-06-20,16894.923,16972.065,16786.039,16792.103,-0.53,388235160.0,10768404700.0
3223,医药,2023-06-21,16741.628,16741.628,16287.434,16287.434,-3.01,477865470.0,15887738000.0
3224,医药,2023-06-26,16173.168,16325.402,16067.577,16121.824,-1.02,362828680.0,9608683100.0
3225,医药,2023-06-27,16123.989,16366.523,16123.989,16228.507,0.66,295746400.0,7057930800.0
3226,医药,2023-06-28,16225.185,16225.185,15890.502,16036.024,-1.19,263347100.0,6559214100.0
3227,医药,2023-06-29,16060.977,16161.15,15966.505,16082.947,0.29,355168180.0,8773244300.0
3228,医药,2023-06-30,16074.03,16310.937,16070.372,16220.922,0.86,309245340.0,7275249800.0
3229,医药,2023-07-03,16283.208,16399.065,16207.908,16366.12,0.9,292988870.0,7444311700.0
3230,医药,2023-07-04,16330.056,16541.724,16199.635,16462.157,0.59,330772070.0,9691890200.0
3231,医药,2023-07-05,16452.084,16470.118,16275.527,16311.262,-0.92,291201270.0,7386862600.0
3232,医药,2023-07-06,16288.319,16288.319,16060.839,16094.015,-1.33,265015020.0,6874167700.0
3233,医药,2023-07-07,16072.586,16101.673,15931.164,15960.817,-0.83,256802890.0,6071099100.0
3234,医药,2023-07-10,15983.56,16240.907,15969.369,16097.584,0.86,290088940.0,7360527300.0
3235,医药,2023-07-11,16112.653,16291.385,16084.184,16289.747,1.19,238884620.0,5674987400.0
3236,医药,2023-07-12,16269.722,16278.836,15941.399,15945.063,-2.12,258319500.0,5717987100.0
3237,医药,2023-07-13,16040.777,16466.446,16040.777,16434.378,3.07,391037620.0,12253589000.0
3238,医药,2023-07-14,16432.948,16442.119,16311.554,16357.137,-0.47,320109520.0,8052549600.0
3239,医药,2023-07-17,16259.973,16259.973,15933.12,16044.861,-1.91,326716230.0,7715797100.0
3240,医药,2023-07-18,16067.998,16067.998,15882.438,15917.072,-0.8,305126920.0,7341348800.0
3241,医药,2023-07-19,15895.676,16072.532,15775.945,15832.376,-0.53,244835790.0,5780624500.0
3242,医药,2023-07-20,15859.907,15973.993,15704.628,15714.336,-0.75,268064060.0,6756121300.0
3243,医药,2023-07-21,15695.399,16175.808,15656.806,15934.874,1.4,347648770.0,9118999200.0
3244,医药,2023-07-24,15912.911,16128.608,15866.973,15961.769,0.17,400324750.0,7407777800.0
3245,医药,2023-07-25,16078.372,16127.871,15962.934,16119.445,0.99,388278860.0,8405644500.0
3246,医药,2023-07-26,16098.968,16343.305,16050.863,16236.465,0.73,320373410.0,7719500000.0
3247,医药,2023-07-27,16237.944,16264.255,16110.45,16130.688,-0.65,338399860.0,7424804500.0
3248,医药,2023-07-28,16088.205,16281.378,15970.429,16273.984,0.89,366765060.0,8836322900.0
3249,医药,2023-07-31,16322.128,16667.229,16322.128,16479.804,1.26,540074630.0,14552994000.0
3250,医药,2023-08-01,16491.703,16755.512,16352.755,16373.046,-0.65,453119880.0,13366397100.0
3251,医药,2023-08-02,16331.325,16331.325,16060.518,16104.812,-1.64,386337820.0,9305778100.0
3252,医药,2023-08-03,16120.491,16537.605,16120.491,16535.908,2.68,506943170.0,14371778000.0
3253,医药,2023-08-04,16465.592,16476.671,16208.826,16212.524,-1.96,447437210.0,10435658500.0
3254,医药,2023-08-07,16172.903,16172.903,15781.107,15824.995,-2.39,463828460.0,11292624500.0
3255,医药,2023-08-08,15779.689,15987.584,15674.99,15963.97,0.88,403353760.0,9403417800.0
3256,医药,2023-08-09,15991.373,16689.432,15989.578,16529.198,3.54,652411770.0,17663297000.0
3257,医药,2023-08-10,16446.239,16471.664,16298.109,16434.707,-0.57,459402730.0,12868187600.0
3258,医药,2023-08-11,16439.638,16717.54,16403.009,16413.982,-0.13,466450710.0,12184760200.0
3259,医药,2023-08-14,16250.058,16369.032,16020.751,16307.316,-0.65,460087930.0,10856271100.0
3260,医药,2023-08-15,16250.095,16280.099,15945.994,16223.89,-0.51,443948310.0,10494537900.0
3261,医药,2023-08-16,16173.601,16564.927,16171.266,16173.65,-0.31,465214420.0,10130451700.0
3262,医药,2023-08-17,16084.836,16154.252,15904.807,16124.8,-0.3,438218830.0,9617134900.0
3263,医药,2023-08-18,16088.764,16135.684,15628.868,15628.868,-3.08,378476790.0,8220292400.0
3264,医药,2023-08-21,15584.975,15782.904,15476.624,15512.158,-0.75,305367810.0,7037655100.0
3265,医药,2023-08-22,15543.973,15595.249,14997.532,15287.378,-1.45,384523550.0,8779379200.0
3266,医药,2023-08-23,15254.134,15254.134,14865.019,14866.958,-2.75,285034460.0,6406001800.0
3267,医药,2023-08-24,14885.972,15406.303,14781.129,15212.184,2.32,366162020.0,9658090500.0
3268,医药,2023-08-25,15157.48,15186.658,14817.049,14875.352,-2.21,391945530.0,9684984100.0
3269,医药,2023-08-28,15753.796,15781.185,14865.977,14888.162,0.09,510411420.0,12549197600.0
3270,医药,2023-08-29,14843.534,15546.982,14843.534,15510.462,4.18,454819340.0,11354912700.0
3271,医药,2023-08-30,15542.434,15802.43,15529.145,15722.142,1.36,378340760.0,9230487600.0
3272,医药,2023-08-31,15689.142,15748.947,15503.16,15673.634,-0.31,317974050.0,7700666100.0
3273,医药,2023-09-01,15674.537,15723.186,15504.134,15526.881,-0.94,253710310.0,6165845700.0
3274,医药,2023-09-04,15589.717,15803.875,15547.083,15725.933,1.28,335963420.0,8260972000.0
3275,医药,2023-09-05,15690.963,15727.83,15536.764,15576.204,-0.95,252759340.0,6102608000.0
3276,医药,2023-09-06,15546.495,15546.495,15365.878,15448.619,-0.82,257507410.0,7497795000.0
3277,医药,2023-09-07,15443.975,15443.975,15172.807,15174.29,-1.78,244403070.0,5529935900.0
3278,医药,2023-09-08,15168.093,15320.994,15151.344,15262.913,0.58,203753890.0,4765097700.0
3279,医药,2023-09-11,15287.773,15693.908,15209.365,15624.992,2.37,356226460.0,7946964600.0
3280,医药,2023-09-12,15626.872,15784.99,15548.863,15653.965,0.19,291511940.0,6827142200.0
3281,医药,2023-09-13,15638.114,15638.114,15271.298,15397.879,-1.64,284382770.0,6094901200.0
3282,医药,2023-09-14,15402.943,15475.365,15214.6,15303.176,-0.62,266988160.0,6038809400.0
3283,医药,2023-09-15,15315.125,15923.007,15255.538,15760.478,2.99,502239800.0,12471526800.0
3284,医药,2023-09-18,15713.816,16065.861,15698.742,15975.756,1.37,426495710.0,11127259300.0
3285,医药,2023-09-19,15953.265,16131.647,15784.69,15839.641,-0.85,335138910.0,7495619900.0
3286,医药,2023-09-20,15866.76,16010.463,15802.043,15826.053,-0.09,290668690.0,6980497800.0
3287,医药,2023-09-21,15780.787,15787.767,15580.062,15601.878,-1.42,370820460.0,7698658700.0
3288,医药,2023-09-22,15563.099,15879.784,15418.245,15879.665,1.78,382315150.0,8652552100.0
3289,医药,2023-09-25,15849.008,16215.1,15819.143,16131.113,1.58,512597680.0,13498567000.0
3290,医药,2023-09-26,16060.524,16060.524,15875.364,15882.884,-1.54,367375590.0,8890483400.0
3291,医药,2023-09-27,15928.815,16657.885,15928.815,16601.463,4.52,672132580.0,18659442000.0
3292,医药,2023-09-28,16587.533,16587.533,16328.232,16370.937,-1.39,543824940.0,13933300000.0
3293,医药,2023-10-09,16304.389,16364.97,16011.057,16270.913,-0.61,433279210.0,11007660500.0
3294,医药,2023-10-10,16260.819,16270.784,15838.943,15859.271,-2.53,388066540.0,9593379400.0
3295,医药,2023-10-11,15903.57,16760.729,15903.57,16509.21,4.1,734388330.0,18838303000.0
3296,医药,2023-10-12,16662.087,16845.312,16454.241,16628.96,0.73,480528970.0,12769487800.0
3297,医药,2023-10-13,16588.407,16844.412,16548.042,16802.907,1.05,518119160.0,13819368000.0
3298,医药,2023-10-16,16868.314,16956.635,16476.418,16562.088,-1.43,532587600.0,13834107000.0
3299,医药,2023-10-17,16480.282,16507.225,16224.219,16383.756,-1.08,485732560.0,9967397200.0
3300,医药,2023-10-18,16307.205,16307.205,15930.219,16010.628,-2.28,517342930.0,9610483500.0
3301,医药,2023-10-19,15902.142,15947.243,15727.636,15749.837,-1.63,414854480.0,8666083600.0
3302,医药,2023-10-20,15689.349,15689.349,15400.518,15421.746,-2.08,400277590.0,8399757100.0
3303,医药,2023-10-23,15391.771,15391.771,15017.533,15083.487,-2.19,359392400.0,7738140100.0
3304,医药,2023-10-24,15125.742,15402.615,14976.798,15312.321,1.52,374701690.0,8806882300.0
3305,医药,2023-10-25,15337.914,15404.527,15169.814,15184.669,-0.83,427019630.0,11356447300.0
3306,医药,2023-10-26,15091.103,15186.652,14939.274,15172.799,-0.08,467024450.0,10556671400.0
3307,医药,2023-10-27,15118.772,16105.138,15025.721,16035.81,5.69,641354080.0,15350215000.0
3308,医药,2023-10-30,15983.2,16558.008,15981.153,16517.514,3.0,720540150.0,20150794000.0
3309,医药,2023-10-31,16443.024,16704.508,16342.789,16507.804,-0.06,614536530.0,17825945000.0
3310,医药,2023-11-01,16493.026,16570.829,16260.074,16368.663,-0.84,434453320.0,11624407500.0
3311,医药,2023-11-02,16393.633,16449.912,16257.372,16260.384,-0.66,391565290.0,10213603200.0
3312,医药,2023-11-03,16280.913,16459.282,16241.685,16362.109,0.63,368490690.0,9771885500.0
3313,医药,2023-11-06,16547.89,16986.923,16547.89,16884.786,3.19,533210340.0,15699754000.0
3314,医药,2023-11-07,16856.036,16952.394,16748.883,16820.395,-0.38,384049320.0,11007943400.0
3315,医药,2023-11-08,16805.593,17192.13,16789.579,17074.967,1.51,542827530.0,14170787000.0
3316,医药,2023-11-09,17115.717,17391.014,16850.798,16878.294,-1.15,509016840.0,13390972300.0
3317,医药,2023-11-10,16756.251,16953.844,16649.806,16843.732,-0.2,455437560.0,9858071500.0
3318,医药,2023-11-13,16872.821,16928.879,16670.759,16772.958,-0.42,386536490.0,8843187800.0
3319,医药,2023-11-14,16797.614,16930.294,16716.601,16844.148,0.42,347861080.0,8274117800.0
3320,医药,2023-11-15,17061.242,17138.911,16852.431,16924.862,0.48,449669950.0,11211369500.0
3321,医药,2023-11-16,16846.702,16879.481,16595.031,16595.031,-1.95,362061560.0,9022464700.0
3322,医药,2023-11-17,16578.374,16744.048,16536.253,16744.048,0.9,317802000.0,7222986300.0
3323,医药,2023-11-20,16801.994,17079.0,16784.639,17010.783,1.59,490438040.0,10554179900.0
3324,医药,2023-11-21,17090.959,17386.768,17041.217,17163.746,0.9,631335670.0,12108969800.0
3325,医药,2023-11-22,17119.49,17119.49,16951.69,16951.69,-1.24,518346030.0,10867165200.0
3326,医药,2023-11-23,16969.374,17182.246,16914.096,17018.721,0.4,540592000.0,10414802500.0
3327,医药,2023-11-24,17000.051,17043.624,16821.369,16908.416,-0.65,467917370.0,9265114900.0
3328,医药,2023-11-27,16872.716,16893.42,16686.361,16735.203,-1.02,486658520.0,9825948300.0
3329,医药,2023-11-28,16665.193,17059.767,16580.63,17022.874,1.72,468844460.0,10526098900.0
3330,医药,2023-11-29,17007.715,17099.325,16817.242,16840.326,-1.07,402944900.0,8225984700.0
3331,医药,2023-11-30,16844.648,16909.226,16685.173,16788.956,-0.31,399777680.0,8577495600.0
3332,医药,2023-12-01,16779.836,16889.775,16671.312,16834.352,0.27,432826510.0,9383897800.0
3333,医药,2023-12-04,16794.607,16794.607,16313.255,16313.255,-3.1,573839230.0,15184249000.0
3334,医药,2023-12-05,16276.223,16409.504,16154.187,16154.187,-0.98,431668520.0,10704941000.0
3335,医药,2023-12-06,16144.876,16374.909,16044.447,16148.915,-0.03,435786940.0,9993661500.0
3336,医药,2023-12-07,16120.046,16157.735,15933.816,15994.256,-0.96,552933640.0,10689918300.0
3337,医药,2023-12-08,15970.519,16009.937,15838.854,15930.529,-0.4,576140000.0,12031950400.0
3338,医药,2023-12-11,15798.902,16037.403,15672.712,16016.594,0.54,489896540.0,9716587100.0
3339,医药,2023-12-12,16020.816,16052.155,15873.802,15979.593,-0.23,374504450.0,8049061100.0
3340,医药,2023-12-13,15955.153,16082.04,15877.46,15877.46,-0.64,410814620.0,8774029100.0
3341,医药,2023-12-14,15979.024,16170.011,15767.163,15770.634,-0.67,420904360.0,9396281600.0
3342,医药,2023-12-15,15811.563,15876.306,15572.064,15610.774,-1.01,351952830.0,7294189500.0
3343,医药,2023-12-18,15559.264,15702.005,15433.014,15462.087,-0.95,325686660.0,6648764200.0
3344,医药,2023-12-19,15453.599,15475.024,15290.299,15414.13,-0.31,273840020.0,5680591400.0
3345,医药,2023-12-20,15442.275,15553.031,15271.27,15271.27,-0.93,237377150.0,5019081600.0
3346,医药,2023-12-21,15196.304,15354.661,15079.081,15293.226,0.14,343418090.0,7553191200.0
3347,医药,2023-12-22,15286.164,15286.164,15026.145,15068.153,-1.47,312276200.0,6881980200.0
3348,医药,2023-12-25,15036.825,15145.739,14956.106,15040.549,-0.18,280553260.0,5616983200.0
3349,医药,2023-12-26,15050.282,15050.282,14778.117,14837.515,-1.35,305566860.0,6300184300.0
3350,医药,2023-12-27,14861.15,14958.026,14760.663,14938.205,0.68,288210830.0,5715652100.0
3351,医药,2023-12-28,14941.169,15435.326,14851.747,15360.156,2.82,436089500.0,10002908500.0
3352,医药,2023-12-29,15353.818,15542.606,15348.089,15495.922,0.88,343612190.0,8141366700.0
3353,医药,2024-01-02,15506.065,15506.593,15212.956,15251.243,-1.58,387063830.0,8994790500.0
3354,医药,2024-01-03,15207.86,15403.101,15098.838,15181.924,-0.45,313194790.0,6783621200.0
3355,医药,2024-01-04,15185.379,15218.279,15088.885,15200.302,0.12,323579000.0,7373229600.0
3356,医药,2024-01-05,15220.538,15268.263,14887.247,14939.086,-1.72,392457640.0,8330864600.0
3357,医药,2024-01-08,14928.597,14928.597,14549.798,14549.798,-2.61,455842790.0,7479213500.0
3358,医药,2024-01-09,14560.834,14745.39,14465.41,14554.95,0.04,422539780.0,6799480200.0
3359,医药,2024-01-10,14538.489,14714.233,14351.502,14491.258,-0.44,442967650.0,7418482000.0
3360,医药,2024-01-11,14765.58,14891.031,14606.399,14833.713,2.36,484420170.0,10817817000.0
3361,医药,2024-01-12,14767.351,14896.279,14585.842,14585.842,-1.67,365719670.0,7460027100.0
3362,医药,2024-01-15,14521.829,14746.709,14439.689,14543.298,-0.29,308977050.0,6332619600.0
3363,医药,2024-01-16,14549.09,14557.545,14262.11,14479.226,-0.44,399936120.0,6859100300.0
3364,医药,2024-01-17,14424.476,14425.739,14058.779,14058.779,-2.9,402394800.0,6606299800.0
3365,医药,2024-01-18,13992.691,14045.838,13634.097,14038.489,-0.14,574564510.0,9022563200.0
3366,医药,2024-01-19,14020.654,14116.864,13879.684,13879.684,-1.13,395509530.0,7438215500.0
3367,医药,2024-01-22,13852.14,13852.14,12963.685,13042.479,-6.03,459806690.0,8098903800.0
3368,医药,2024-01-23,13021.36,13112.971,12808.636,13035.458,-0.05,397381700.0,6713240800.0
3369,医药,2024-01-24,13095.579,13212.021,12653.628,13090.627,0.42,389855700.0,7171304600.0
3370,医药,2024-01-25,13105.668,13586.896,13041.975,13578.546,3.73,521789730.0,9048415600.0
3371,医药,2024-01-26,13544.179,13682.308,13097.17,13145.527,-3.19,564499100.0,12579090000.0
3372,医药,2024-01-29,13230.521,13402.038,12821.054,12821.054,-2.47,565387900.0,14116390000.0
3373,医药,2024-01-30,12785.833,12834.037,12463.267,12469.929,-2.74,460708350.0,11017379300.0
3374,医药,2024-01-31,12319.954,12383.166,11779.535,11800.651,-5.37,566726190.0,11012370100.0
3375,医药,2024-02-01,11762.852,12167.069,11681.513,11898.619,0.83,559482340.0,10996317400.0
3376,医药,2024-02-02,11915.971,12069.722,10886.35,11259.364,-5.37,714352380.0,13208030400.0
3377,医药,2024-02-05,11112.718,11112.718,10131.762,10543.399,-6.36,857071430.0,17467308000.0
3378,医药,2024-02-06,10288.232,11282.219,10011.847,11096.017,5.24,924316110.0,16556498000.0
3379,医药,2024-02-07,11165.542,11504.035,10996.193,11170.132,0.67,989750220.0,19210767000.0
3380,医药,2024-02-08,11136.409,11869.103,11042.03,11785.035,5.5,951283630.0,16970982000.0
3381,医药,2024-02-19,11841.906,12075.602,11764.222,11970.939,1.58,904749990.0,16790203000.0
3382,医药,2024-02-20,11927.928,12334.768,11816.601,12239.164,2.24,690803860.0,14259401000.0
3383,医药,2024-02-21,12179.517,12710.887,12093.586,12426.597,1.53,880439030.0,17367291000.0
3384,医药,2024-02-22,12327.428,12591.445,12327.428,12591.445,1.33,640210470.0,11262135800.0
3385,医药,2024-02-23,12594.813,12742.234,12455.801,12742.234,1.2,648962760.0,11881148100.0
3386,医药,2024-02-26,12740.542,13098.533,12652.548,12900.891,1.25,690366650.0,13143078400.0
3387,医药,2024-02-27,12814.02,13138.92,12772.702,13138.92,1.85,620633700.0,11743123800.0
3388,医药,2024-02-28,13220.073,13606.612,12506.889,12506.889,-4.81,1012984230.0,18577715000.0
3389,医药,2024-02-29,12367.083,12841.708,12353.416,12840.627,2.67,714947780.0,12986158600.0
3390,医药,2024-03-01,12854.747,12886.738,12693.878,12868.214,0.21,593187620.0,10661356500.0
3391,医药,2024-03-04,12883.093,13445.46,12871.076,13237.566,2.87,848207850.0,19426477000.0
3392,医药,2024-03-05,13117.851,13117.851,12736.74,12786.272,-3.41,679519700.0,14194261000.0
3393,医药,2024-03-06,12754.242,12873.663,12537.432,12753.086,-0.26,530602680.0,10474288200.0
3394,医药,2024-03-07,12608.419,12681.243,12270.429,12270.429,-3.78,702716730.0,16184497000.0
3395,医药,2024-03-08,12325.945,12503.541,12292.434,12440.125,1.38,579924720.0,12750876400.0
3396,医药,2024-03-11,12461.74,12813.866,12418.869,12813.866,3.0,639122130.0,14379861000.0
3397,医药,2024-03-12,12854.62,13170.392,12854.62,13087.691,2.14,747021350.0,17300685000.0
3398,医药,2024-03-13,13053.318,13216.88,12906.699,13169.076,0.62,652380520.0,13603534000.0
3399,医药,2024-03-14,13702.957,13858.649,13242.733,13380.764,1.61,971109770.0,27420589000.0
3400,医药,2024-03-15,13302.087,13597.643,13128.714,13316.421,-0.48,861201810.0,21805366000.0
3401,医药,2024-03-18,13453.073,13800.303,13268.043,13798.911,3.62,944726300.0,24162755000.0
3402,医药,2024-03-19,13788.12,13864.456,13630.839,13635.428,-1.18,803635160.0,20483411000.0
3403,医药,2024-03-20,13584.253,14127.426,13516.292,13973.266,2.48,825280180.0,18362677000.0
3404,医药,2024-03-21,13960.367,13982.751,13707.291,13820.878,-1.09,850775710.0,17297903000.0
3405,医药,2024-03-22,13739.089,13754.028,13356.392,13381.521,-3.18,862003430.0,17676191000.0
3406,医药,2024-03-25,13315.608,13482.594,12975.842,12975.842,-3.03,716279940.0,16154176000.0
3407,医药,2024-03-26,12925.686,12987.156,12690.431,12897.893,-0.6,582919100.0,12829436600.0
3408,医药,2024-03-27,12859.355,12995.973,12637.385,12637.385,-2.02,588142360.0,12731611800.0
3409,医药,2024-03-28,12568.535,12904.483,12519.329,12782.896,1.15,550136080.0,11810032800.0
3410,医药,2024-03-29,12736.396,12847.616,12572.306,12712.027,-0.55,451234930.0,10676927700.0
3411,医药,2024-04-01,12752.675,13015.968,12751.287,13015.968,2.39,572359500.0,12711763900.0
3412,医药,2024-04-02,12996.028,12997.39,12747.06,12804.094,-1.63,478376520.0,10232062300.0
3413,医药,2024-04-03,12778.602,12829.859,12608.145,12645.875,-1.24,435663110.0,9646846200.0
3414,医药,2024-04-08,12554.779,12569.08,12220.694,12220.694,-3.36,533041090.0,11675667500.0
3415,医药,2024-04-09,12211.721,12614.195,12118.964,12614.195,3.22,570261800.0,13675072000.0
3416,医药,2024-04-10,12567.066,12567.066,12202.787,12288.183,-2.58,474845020.0,10534201500.0
3417,医药,2024-04-11,12203.581,12320.913,12123.142,12131.221,-1.28,466060100.0,11360313900.0
3418,医药,2024-04-12,12130.178,12236.343,11927.625,11947.684,-1.51,422916350.0,9245724500.0
3419,医药,2024-04-15,11875.312,11973.077,11379.246,11533.922,-3.46,594936980.0,11005872000.0
3420,医药,2024-04-16,11448.483,11480.599,10812.567,10819.378,-6.2,587061260.0,10303672300.0
3421,医药,2024-04-17,10883.466,11317.332,10883.466,11293.606,4.38,682840190.0,12617456800.0
3422,医药,2024-04-18,11272.112,11404.216,11096.355,11251.334,-0.37,564140650.0,11309420800.0
3423,医药,2024-04-19,11202.189,11241.166,10982.408,11073.646,-1.58,487061580.0,9203719100.0
3424,医药,2024-04-22,11088.315,11234.462,10896.162,11099.836,0.24,482011630.0,8187887800.0
3425,医药,2024-04-23,11099.038,11358.774,11002.009,11289.81,1.71,551411990.0,11289469600.0
3426,医药,2024-04-24,11230.896,11292.111,11097.167,11288.156,-0.01,470779480.0,9261428200.0
3427,医药,2024-04-25,11278.391,11593.193,11275.036,11467.25,1.59,589137420.0,10221808000.0
3428,医药,2024-04-26,11391.142,11669.873,11368.5,11661.622,1.7,830438000.0,16142541000.0
3429,医药,2024-04-29,11627.172,12077.757,11627.172,12053.795,3.36,822257670.0,16205327000.0
3430,医药,2024-04-30,12027.591,12070.058,11865.786,12004.93,-0.41,763948150.0,11894245100.0
3431,医药,2024-05-06,12165.096,12468.098,12165.096,12456.757,3.76,901792230.0,17144783000.0
3432,医药,2024-05-07,12487.965,12543.224,12337.327,12524.9,0.55,630342860.0,11474326100.0
3433,医药,2024-05-08,12579.791,12737.587,12455.955,12665.758,1.12,739902070.0,13087379400.0
3434,医药,2024-05-09,12672.466,12874.305,12595.99,12775.813,0.87,759570080.0,13673590000.0
3435,医药,2024-05-10,12773.826,12778.229,12414.655,12427.067,-2.73,707524640.0,12900431300.0
3436,医药,2024-05-13,12667.645,12719.605,12131.723,12135.428,-2.35,818492690.0,19743872000.0
3437,医药,2024-05-14,12070.353,12363.622,12070.353,12169.665,0.28,679466040.0,15832418000.0
3438,医药,2024-05-15,12099.589,12103.838,11899.484,11902.834,-2.19,537862100.0,11711803000.0
3439,医药,2024-05-16,11916.747,12022.648,11798.951,11877.575,-0.21,496998120.0,10686272300.0
3440,医药,2024-05-17,11865.619,11976.018,11778.055,11920.77,0.36,487979800.0,9747751800.0
3441,医药,2024-05-20,11916.327,12066.7,11903.207,11996.604,0.64,512827990.0,9741777800.0
3442,医药,2024-05-21,11977.682,11977.682,11763.36,11823.201,-1.45,455288270.0,8322066400.0
3443,医药,2024-05-22,11884.085,11963.704,11770.777,11896.439,0.62,438693440.0,7461342100.0
3444,医药,2024-05-23,11834.332,11834.332,11544.706,11552.071,-2.89,470878830.0,7404434600.0
3445,医药,2024-05-24,11590.058,11626.601,11402.921,11402.921,-1.29,360447570.0,6360158800.0
3446,医药,2024-05-27,11394.935,11451.991,11176.229,11405.2,0.02,396790220.0,7119761400.0
3447,医药,2024-05-28,11359.862,11424.102,11253.657,11285.62,-1.05,317940810.0,5502079400.0
3448,医药,2024-05-29,11270.72,11381.564,11236.789,11280.441,-0.05,283998220.0,4916124200.0
3449,医药,2024-05-30,11240.78,11324.069,11152.925,11245.071,-0.31,288876510.0,4677787800.0
3450,医药,2024-05-31,11290.764,11430.756,11290.482,11351.674,0.95,369552350.0,6142099400.0
3451,医药,2024-06-03,11332.383,11332.383,11025.795,11093.306,-2.28,469549900.0,7603869300.0
3452,医药,2024-06-04,11065.049,11099.028,10938.705,11070.892,-0.2,395382660.0,7289817000.0
3453,医药,2024-06-05,11058.675,11162.509,10932.929,10932.929,-1.25,360944730.0,6110042700.0
3454,医药,2024-06-06,10956.57,10996.585,10435.912,10476.821,-4.17,554795880.0,7862327000.0
3455,医药,2024-06-07,10569.027,10706.47,10506.01,10630.953,1.47,363260410.0,5536336800.0
3456,医药,2024-06-11,10602.767,10774.203,10428.558,10758.491,1.2,362390410.0,5721987000.0
3457,医药,2024-06-12,10749.433,11175.582,10736.242,11033.803,2.56,548537880.0,13238099700.0
3458,医药,2024-06-13,11019.415,11022.529,10850.823,10932.059,-0.92,432811830.0,9437015800.0
3459,医药,2024-06-14,10898.839,10898.839,10670.726,10761.208,-1.56,548948430.0,12210000100.0
3460,医药,2024-06-17,10704.592,10708.442,10623.773,10667.06,-0.87,350470250.0,6608291000.0
3461,医药,2024-06-18,10663.005,10694.76,10563.168,10593.175,-0.69,393090280.0,8104626800.0
3462,医药,2024-06-19,10606.215,10640.747,10468.57,10472.688,-1.14,356413830.0,5909617500.0
3463,医药,2024-06-20,10525.432,10831.79,10524.027,10548.099,0.72,617599430.0,9791319200.0
3464,医药,2024-06-21,10494.0,10803.012,10401.712,10661.818,1.08,598800330.0,8915509500.0
3465,医药,2024-06-24,10544.548,10544.548,10165.131,10170.205,-4.61,545846980.0,7690066700.0
3466,医药,2024-06-25,10139.36,10267.974,10079.953,10153.622,-0.16,453388550.0,6722774000.0
3467,医药,2024-06-26,10165.583,10498.97,10137.614,10494.969,3.36,520040350.0,7435145000.0
3468,医药,2024-06-27,10445.598,10445.598,10177.985,10177.985,-3.02,402470870.0,5922606200.0
3469,医药,2024-06-28,10167.893,10309.474,10059.639,10085.636,-0.91,441689950.0,5909019200.0
3470,医药,2024-07-01,10058.577,10129.46,9895.408,10126.901,0.41,397201550.0,5659440300.0
3471,医药,2024-07-02,10144.31,10228.378,10064.699,10110.666,-0.16,414610790.0,5327216000.0
3472,医药,2024-07-03,10083.871,10167.901,9999.726,10062.978,-0.47,393354060.0,5723954800.0
3473,医药,2024-07-04,10038.081,10056.89,9672.5,9696.043,-3.65,411757420.0,5592650700.0
3474,医药,2024-07-05,9668.388,10110.399,9568.956,10060.477,3.76,469455630.0,7265842400.0
3475,医药,2024-07-08,10038.372,10038.372,9657.241,9687.039,-3.71,425065930.0,6147302000.0
3476,医药,2024-07-09,9650.093,9705.427,9404.585,9672.436,-0.15,455557400.0,6398849400.0
3477,医药,2024-07-10,9623.786,9840.503,9577.336,9690.616,0.19,384445010.0,5811349700.0
3478,医药,2024-07-11,9867.947,10195.895,9867.947,10128.727,4.52,700886100.0,10199829900.0
3479,医药,2024-07-12,10174.138,10390.905,10168.014,10202.128,0.72,552128510.0,8062828100.0
3480,医药,2024-07-15,10133.485,10161.309,9908.765,9925.355,-2.71,398714770.0,5337993100.0
3481,医药,2024-07-16,9924.671,9994.175,9876.546,9961.767,0.37,317391260.0,4538374800.0
3482,医药,2024-07-17,9962.021,10174.74,9952.573,10103.287,1.42,486370450.0,8135912300.0
3483,医药,2024-07-18,10030.29,10115.895,9876.903,10106.414,0.03,450275250.0,6961727000.0
3484,医药,2024-07-19,10044.049,10187.577,9986.657,10110.027,0.04,377819970.0,6025235200.0
3485,医药,2024-07-22,10104.21,10310.888,10060.345,10256.879,1.45,421713780.0,6954335900.0
3486,医药,2024-07-23,10234.482,10234.482,10022.572,10026.88,-2.24,434270430.0,6384849900.0
3487,医药,2024-07-24,9974.984,10049.897,9747.988,9755.004,-2.71,397979360.0,5533688400.0
3488,医药,2024-07-25,9706.692,9947.361,9674.473,9822.954,0.7,342434590.0,5367205000.0
3489,医药,2024-07-26,9827.988,9936.201,9784.507,9859.697,0.37,302971510.0,4485488900.0
3490,医药,2024-07-29,9886.127,9889.406,9732.719,9796.487,-0.64,285552800.0,4448598600.0
3491,医药,2024-07-30,9801.042,9990.513,9800.744,9892.214,0.98,458237890.0,8879970500.0
3492,医药,2024-07-31,9857.843,10443.049,9794.166,10443.049,5.57,783450500.0,12686672000.0
3493,医药,2024-08-01,10450.624,10569.613,10374.421,10442.849,0.0,574202170.0,9211416000.0
3494,医药,2024-08-02,10422.53,10918.82,10422.53,10630.199,1.79,755315250.0,13511377000.0
3495,医药,2024-08-05,10595.045,10893.985,10583.352,10598.783,-0.3,872044760.0,12508461600.0
3496,医药,2024-08-06,10675.141,10947.635,10593.751,10947.635,3.29,871556820.0,11454944700.0
3497,医药,2024-08-07,10859.295,10859.568,10676.045,10729.575,-1.99,586186330.0,8055162700.0
3498,医药,2024-08-08,10678.999,10815.83,10614.015,10620.029,-1.02,612561750.0,8274792900.0
3499,医药,2024-08-09,10664.146,10699.915,10361.791,10361.791,-2.43,546156050.0,7691051200.0
3500,医药,2024-08-12,10362.616,10653.345,10321.86,10506.206,1.39,503872680.0,6591045200.0
3501,医药,2024-08-13,10471.766,10471.766,10293.324,10440.148,-0.63,488129840.0,6122646300.0
3502,医药,2024-08-14,10373.746,10410.037,10202.642,10273.572,-1.6,452732420.0,6004152700.0
3503,医药,2024-08-15,10279.734,10392.853,10146.234,10271.563,-0.02,494902110.0,6584181900.0
3504,医药,2024-08-16,10245.651,10410.76,10142.41,10354.244,0.8,502280530.0,6377730400.0
3505,医药,2024-08-19,10325.642,10325.642,10103.269,10104.746,-2.41,501123260.0,6385243300.0
3506,医药,2024-08-20,10100.813,10101.367,9825.122,9832.704,-2.69,402878230.0,5383058100.0
3507,医药,2024-08-21,9805.359,9844.21,9697.081,9708.939,-1.26,326015020.0,4407932900.0
3508,医药,2024-08-22,9723.847,9747.449,9457.06,9467.905,-2.48,394645280.0,5438303800.0
3509,医药,2024-08-23,9465.144,9465.144,9315.751,9375.311,-0.98,308031690.0,3923921700.0
3510,医药,2024-08-26,9381.396,9509.727,9319.872,9459.923,0.9,470944430.0,5672192000.0
3511,医药,2024-08-27,9438.689,9559.77,9374.382,9395.184,-0.68,413949740.0,4489248700.0
3512,医药,2024-08-28,9343.908,9549.715,9296.118,9432.025,0.39,381140070.0,4768008000.0
3513,医药,2024-08-29,9396.816,9698.516,9369.348,9661.714,2.44,478384090.0,6371024000.0
3514,医药,2024-08-30,9647.482,9933.698,9602.824,9786.225,1.29,554439340.0,7422829500.0
3515,医药,2024-09-02,9789.524,9839.681,9544.221,9545.666,-2.46,485759700.0,6489146800.0
3516,医药,2024-09-03,9531.757,9726.687,9487.436,9586.044,0.42,392699870.0,5482957800.0
3517,医药,2024-09-04,9539.527,9757.02,9525.612,9626.515,0.42,400159760.0,5792975000.0
3518,医药,2024-09-05,9625.495,9802.347,9624.543,9758.65,1.37,378114420.0,5222222600.0
3519,医药,2024-09-06,9754.906,9773.565,9464.508,9469.688,-2.96,310321260.0,4098782600.0
3520,医药,2024-09-09,9526.307,9901.861,9521.678,9754.733,3.01,777812140.0,8889484200.0
3521,医药,2024-09-10,9812.917,9860.908,9566.843,9682.132,-0.74,909464750.0,9146695800.0
3522,医药,2024-09-11,9640.629,9836.278,9637.877,9726.746,0.46,756350790.0,7357639700.0
3523,医药,2024-09-12,9709.41,9912.733,9677.948,9678.613,-0.49,693306990.0,7286379000.0
3524,医药,2024-09-13,9656.584,9676.756,9488.239,9501.723,-1.83,579393500.0,5967685500.0
3525,医药,2024-09-18,9495.024,9536.313,9270.563,9374.948,-1.33,467804880.0,4552798000.0
3526,医药,2024-09-19,9419.267,9692.842,9363.791,9572.704,2.11,568814790.0,6948816500.0
3527,医药,2024-09-20,9557.394,9558.057,9346.476,9398.863,-1.82,446842190.0,5184259000.0
3528,医药,2024-09-23,9603.076,9701.831,9490.112,9503.713,1.12,599278310.0,9920137700.0
3529,医药,2024-09-24,9519.132,9837.305,9454.429,9836.048,3.5,907345080.0,11807394800.0
3530,医药,2024-09-25,9892.087,10214.698,9892.087,10024.218,1.91,1111159390.0,15971951000.0
3531,医药,2024-09-26,9940.105,10396.579,9891.951,10396.579,3.71,1071272130.0,15279107000.0
3532,医药,2024-09-27,10556.561,11294.072,10556.561,11172.785,7.47,1423883300.0,22436830000.0
3533,医药,2024-09-30,11756.676,12805.477,11550.436,12727.408,13.91,2000159600.0,36311460000.0
3534,医药,2024-10-08,14747.397,14747.397,13302.017,14220.555,11.73,2436439400.0,54621936000.0
3535,医药,2024-10-09,13691.674,13788.491,12646.991,12646.991,-11.07,2147039600.0,41861019000.0
3536,医药,2024-10-10,12746.662,13178.11,12523.918,12569.545,-0.61,1460309200.0,26978859000.0
3537,医药,2024-10-11,12436.273,12436.273,11676.807,11829.081,-5.89,1200295450.0,21422476000.0
3538,医药,2024-10-14,11860.585,12056.948,11525.962,12053.787,1.9,1002311220.0,17927449000.0
3539,医药,2024-10-15,12001.332,12186.537,11790.438,11794.061,-2.15,852689960.0,15309670000.0
3540,医药,2024-10-16,11586.648,11920.958,11586.648,11787.572,-0.06,824910410.0,14002346000.0
3541,医药,2024-10-17,11859.696,11953.086,11698.624,11698.624,-0.75,910660160.0,14105427000.0
3542,医药,2024-10-18,11666.906,12462.446,11635.607,12166.05,4.0,1275168480.0,23235132000.0
3543,医药,2024-10-21,12202.856,12505.921,12121.113,12414.23,2.04,1145197180.0,20522342000.0
3544,医药,2024-10-22,12385.855,12683.927,12319.352,12591.251,1.43,1006309850.0,17700448000.0
3545,医药,2024-10-23,12585.77,12757.845,12439.622,12630.73,0.31,1063704790.0,19664365000.0
3546,医药,2024-10-24,12554.899,12739.424,12520.585,12542.183,-0.7,900299270.0,17280977000.0
3547,医药,2024-10-25,12517.836,13209.657,12517.836,13131.355,4.7,1343046900.0,25838962000.0
3548,医药,2024-10-28,13148.589,13469.324,13041.309,13469.324,2.57,1147931770.0,20712193000.0
3549,医药,2024-10-29,13566.749,13596.893,13044.31,13131.336,-2.51,1422909400.0,24561732000.0
3550,医药,2024-10-30,13021.925,13107.415,12726.134,12859.068,-2.07,1057773260.0,18070858000.0
3551,医药,2024-10-31,12825.291,13094.811,12797.119,12947.807,0.69,1114543180.0,17526876000.0
3552,医药,2024-11-01,12878.168,12957.103,12558.858,12624.217,-2.5,1157678090.0,16332131000.0
3553,医药,2024-11-04,12626.87,12954.622,12612.911,12954.622,2.62,814238150.0,13318869100.0
3554,医药,2024-11-05,12937.449,13483.711,12839.334,13460.129,3.9,1316722070.0,22777168000.0
3555,医药,2024-11-06,13462.002,13709.599,13346.184,13544.768,0.63,1303290610.0,24881107000.0
3556,医药,2024-11-07,13447.395,13924.292,13377.402,13924.292,2.8,1558675800.0,25821161000.0
3557,医药,2024-11-08,14102.897,14217.635,13931.524,13989.862,0.47,1499444000.0,25703955000.0
3558,医药,2024-11-11,13906.409,14411.025,13865.049,14405.663,2.97,1273708630.0,22745750000.0
3559,医药,2024-11-12,14506.104,15095.821,14475.183,14637.041,1.61,1850368900.0,33947248000.0
3560,医药,2024-11-13,14527.85,14701.157,14139.087,14419.658,-1.49,1511654800.0,22824751000.0
3561,医药,2024-11-14,14320.598,14327.852,13826.102,13847.432,-3.97,1065205530.0,16843075000.0
3562,医药,2024-11-15,13802.35,13911.719,13406.692,13417.072,-3.11,876824150.0,14720204000.0
3563,医药,2024-11-18,13411.27,13474.672,12875.11,12947.559,-3.5,838395350.0,13817412000.0
3564,医药,2024-11-19,13003.478,13256.573,12843.867,13256.573,2.39,729145360.0,11501888400.0
3565,医药,2024-11-20,13224.424,13725.532,13191.046,13616.947,2.72,926317250.0,14884796000.0
3566,医药,2024-11-21,13576.848,13691.534,13407.548,13557.003,-0.44,683025470.0,10624890900.0
3567,医药,2024-11-22,13540.674,13540.674,12875.091,12875.091,-5.03,784449410.0,13182841400.0
3568,医药,2024-11-25,13111.973,13229.751,12871.844,13128.985,1.97,679924920.0,10478667000.0
3569,医药,2024-11-26,13084.26,13346.086,13058.979,13080.414,-0.37,693851660.0,10205011000.0
3570,医药,2024-11-27,13009.414,13273.454,12773.984,13273.454,1.48,672484780.0,10709472200.0
3571,医药,2024-11-28,13245.695,13335.582,13178.077,13196.703,-0.58,603712630.0,8739283500.0
3572,医药,2024-11-29,13207.364,13586.025,13138.104,13450.59,1.92,741947710.0,11932321700.0
3573,医药,2024-12-02,13493.274,13816.354,13443.946,13768.539,2.36,967020550.0,13430919000.0
3574,医药,2024-12-03,13751.769,13771.629,13563.954,13714.365,-0.39,852978460.0,11925285100.0
3575,医药,2024-12-04,13644.312,13644.312,13301.763,13353.886,-2.63,720868280.0,9566517300.0
3576,医药,2024-12-05,13321.029,13559.543,13321.029,13506.829,1.15,560934660.0,7965324000.0
3577,医药,2024-12-06,13530.599,14017.384,13460.006,13955.453,3.32,1061677250.0,19408911000.0
3578,医药,2024-12-09,14332.797,14428.936,14048.461,14134.592,1.28,1267937920.0,25407826000.0
3579,医药,2024-12-10,14543.654,14586.983,14072.525,14095.13,-0.28,1491733300.0,23853629000.0
3580,医药,2024-12-11,14047.741,14220.656,14032.183,14123.402,0.2,965735430.0,12939242900.0
3581,医药,2024-12-12,14121.895,14176.574,13992.661,14164.86,0.29,871180930.0,13308268000.0
3582,医药,2024-12-13,14087.083,14087.083,13718.577,13741.927,-2.99,940276360.0,15556042000.0
3583,医药,2024-12-16,13753.503,13825.369,13647.302,13716.066,-0.19,977042010.0,12434063500.0
3584,医药,2024-12-17,13702.031,13702.031,13198.172,13266.715,-3.28,948659720.0,11214011400.0
3585,医药,2024-12-18,13275.422,13466.076,13147.632,13371.203,0.79,628281330.0,9353407100.0
3586,医药,2024-12-19,13277.333,13363.039,13140.975,13280.306,-0.68,654377760.0,10198886000.0
3587,医药,2024-12-20,13264.86,13461.513,13254.772,13376.719,0.73,657620180.0,9609730700.0
3588,医药,2024-12-23,13322.027,13335.22,12784.608,12787.933,-4.4,667551960.0,9682639900.0
3589,医药,2024-12-24,12797.132,12885.193,12675.297,12837.676,0.39,554184090.0,7572511100.0
3590,医药,2024-12-25,13028.319,13109.346,12636.867,12701.609,-1.06,691383710.0,9741210700.0
3591,医药,2024-12-26,12624.779,12763.309,12615.918,12691.853,-0.08,884995660.0,8070724800.0
3592,医药,2024-12-27,12669.807,12824.844,12575.926,12709.122,0.14,802205450.0,9399417600.0
3593,医药,2024-12-30,12670.634,12670.636,12473.157,12501.897,-1.63,654483960.0,8821740700.0
3594,医药,2024-12-31,12512.109,12537.759,12146.281,12146.281,-2.84,573362870.0,8087423100.0
3595,医药,2025-01-02,12145.574,12311.543,11881.172,11975.3,-1.41,612733870.0,9281517100.0
3596,医药,2025-01-03,12014.611,12041.142,11610.944,11627.667,-2.9,611216130.0,7821767800.0
3597,医药,2025-01-06,11659.715,11877.705,11544.193,11709.435,0.7,600098940.0,7794444400.0
3598,医药,2025-01-07,11698.65,11727.485,11454.312,11725.194,0.13,585228370.0,7092006400.0
3599,医药,2025-01-08,11714.005,11803.274,11400.211,11657.922,-0.57,702967860.0,8504509300.0
3600,医药,2025-01-09,11574.39,11829.946,11494.641,11659.47,0.01,527821080.0,6949670400.0
3601,医药,2025-01-10,11649.922,11733.781,11294.26,11294.26,-3.13,497262260.0,6932647000.0
3602,医药,2025-01-13,11213.523,11421.699,11098.985,11386.479,0.82,420703760.0,5570705800.0
3603,医药,2025-01-14,11429.702,11867.577,11429.702,11867.577,4.23,610311810.0,8747955700.0
3604,医药,2025-01-15,11845.445,11845.445,11689.085,11744.131,-1.04,479693440.0,7283468100.0
3605,医药,2025-01-16,11784.568,11961.661,11658.862,11745.92,0.02,437631640.0,6133374300.0
3606,医药,2025-01-17,11681.284,11830.574,11601.534,11750.841,0.04,362929940.0,5216729500.0
3607,医药,2025-01-20,11814.785,11978.36,11799.311,11914.857,1.4,448956910.0,8595431400.0
3608,医药,2025-01-21,11956.365,11980.106,11715.339,11791.965,-1.03,384144360.0,6475487700.0
3609,医药,2025-01-22,11755.729,11755.729,11591.167,11645.776,-1.24,343792520.0,5080695000.0
3610,医药,2025-01-23,11754.15,11903.343,11663.763,11663.763,0.15,457576300.0,6486591100.0
3611,医药,2025-01-24,11659.229,11799.915,11605.541,11781.944,1.01,419409840.0,7440678500.0
3612,医药,2025-01-27,11830.229,11959.34,11711.241,11711.241,-0.6,373482750.0,5615307100.0
3613,医药,2025-02-05,11827.658,12031.717,11781.315,11987.641,2.36,471956700.0,7185924300.0
3614,医药,2025-02-06,11964.724,12348.201,11892.47,12348.201,3.01,606652140.0,11028603100.0
3615,医药,2025-02-07,12348.51,12849.711,12348.51,12729.939,3.09,1018588770.0,16566363000.0
3616,医药,2025-02-10,12832.013,13378.811,12829.189,13378.811,5.1,1212159220.0,18963844000.0
3617,医药,2025-02-11,13378.024,13378.024,13091.523,13161.766,-1.62,1102551520.0,15967071000.0
3618,医药,2025-02-12,13100.101,13317.936,13035.0,13238.968,0.59,1001441610.0,13735651000.0
3619,医药,2025-02-13,13237.887,13283.277,13101.415,13102.464,-1.03,1052387810.0,13969393000.0
3620,医药,2025-02-14,13151.325,13988.526,13151.325,13884.631,5.97,1387775500.0,25637829000.0
3621,医药,2025-02-17,14246.199,14729.921,14214.727,14347.598,3.33,1701679000.0,32163560000.0
3622,医药,2025-02-18,14285.229,14285.229,13700.727,13760.164,-4.09,2084700500.0,26911727000.0
3623,医药,2025-02-19,13724.118,14220.59,13616.704,14121.464,2.63,1766532600.0,24614987000.0
3624,医药,2025-02-20,14130.173,14726.115,14130.173,14642.4,3.69,2486058900.0,34493511000.0
3625,医药,2025-02-21,14580.427,14812.585,14397.953,14777.794,0.92,2153239600.0,31176726000.0
3626,医药,2025-02-24,14698.03,14698.03,14293.49,14446.769,-2.24,1523685500.0,25175568000.0
3627,医药,2025-02-25,14223.559,14455.732,14147.646,14305.482,-0.98,1299656260.0,19930014000.0
3628,医药,2025-02-26,14309.133,14382.832,14179.203,14363.217,0.4,1081909200.0,17680982000.0
3629,医药,2025-02-27,14343.478,14477.38,14115.03,14345.606,-0.12,1152850060.0,19185143000.0
3630,医药,2025-02-28,14241.576,14384.935,13702.281,13738.686,-4.23,1084598140.0,17290414000.0
3631,医药,2025-03-03,13753.09,14249.904,13687.362,14018.852,2.04,1179369600.0,18063487000.0
3632,医药,2025-03-04,13922.344,14309.391,13911.188,14299.21,2.0,1071621640.0,16112279000.0
3633,医药,2025-03-05,14268.492,14268.638,13942.227,14125.849,-1.21,847935570.0,13103999500.0
3634,医药,2025-03-06,14200.297,14489.374,14171.446,14455.086,2.33,1150416200.0,18492555000.0
3635,医药,2025-03-07,14411.595,14509.424,14122.276,14203.319,-1.74,964595930.0,15829508000.0
3636,医药,2025-03-10,14649.886,14794.521,14279.534,14393.376,1.34,1373724800.0,19988190000.0
3637,医药,2025-03-11,14111.062,14331.131,14108.083,14277.312,-0.81,1088668800.0,14698666000.0
3638,医药,2025-03-12,14319.394,14391.435,14186.486,14206.206,-0.5,1041949360.0,15259460000.0
3639,医药,2025-03-13,14170.243,14230.152,13855.386,14010.94,-1.37,905685360.0,13298779000.0
3640,医药,2025-03-14,14012.424,14369.277,13915.673,14369.277,2.56,1109724680.0,18440953000.0
3641,医药,2025-03-17,14380.457,14381.754,14202.504,14236.9,-0.92,807405050.0,12450774800.0
3642,医药,2025-03-18,14373.187,14580.864,14319.288,14431.44,1.37,958243540.0,21356048000.0
3643,医药,2025-03-19,14351.087,14554.948,14278.989,14333.042,-0.68,849838170.0,16255708000.0
3644,医药,2025-03-20,14313.153,14326.719,14170.552,14200.551,-0.92,728124420.0,13125541300.0
3645,医药,2025-03-21,14195.223,14218.075,13826.211,13846.484,-2.49,795585200.0,13598374000.0
3646,医药,2025-03-24,13819.101,13863.306,13358.577,13576.967,-1.95,743098490.0,11050583700.0
3647,医药,2025-03-25,13555.329,13671.845,13402.548,13537.617,-0.29,698263510.0,10110630900.0
3648,医药,2025-03-26,13519.484,13659.456,13517.997,13589.502,0.38,530401650.0,8349289500.0
3649,医药,2025-03-27,13577.936,13797.68,13344.025,13773.636,1.35,717667980.0,12011378400.0
3650,医药,2025-03-28,13748.03,14024.08,13645.809,13645.914,-0.93,745194470.0,12203728000.0
3651,医药,2025-03-31,13523.068,13534.541,13233.838,13417.175,-1.68,753481090.0,10872721500.0
3652,医药,2025-04-01,13497.562,14275.363,13497.562,13981.536,4.21,1157455350.0,19668386000.0
3653,医药,2025-04-02,13897.588,14069.566,13840.138,13881.047,-0.72,798099730.0,13531486000.0
3654,医药,2025-04-03,13741.702,14137.927,13695.04,13793.554,-0.63,698091420.0,13030422400.0
3655,医药,2025-04-07,12975.1,13116.487,11632.391,11767.927,-14.69,1048647300.0,16333566000.0
3656,医药,2025-04-08,11790.873,12231.639,11598.782,11865.542,0.83,1103127390.0,19138248000.0
3657,医药,2025-04-09,11578.793,12086.472,10940.433,12011.777,1.23,1025432590.0,17596361000.0
3658,医药,2025-04-10,12276.123,12529.279,12243.213,12309.765,2.48,822793370.0,14282462000.0
3659,医药,2025-04-11,12234.62,12518.291,12234.101,12404.261,0.77,739336220.0,12711043300.0
3660,医药,2025-04-14,12534.293,12714.757,12508.454,12546.481,1.15,730513080.0,11957605200.0
3661,医药,2025-04-15,12557.409,12621.926,12421.393,12509.111,-0.3,562373390.0,9161005000.0
3662,医药,2025-04-16,12438.733,12442.271,12035.575,12206.93,-2.42,663557860.0,9705037000.0
3663,医药,2025-04-17,12119.634,12396.489,12116.106,12271.231,0.53,488908430.0,7001027100.0
3664,医药,2025-04-18,12304.511,12557.127,12234.196,12309.104,0.31,567918540.0,8210928800.0
3665,医药,2025-04-21,12250.979,12519.75,12177.844,12514.603,1.67,588304480.0,8066603500.0
3666,医药,2025-04-22,12426.708,12497.505,12359.986,12428.226,-0.69,668784980.0,10617269600.0
3667,医药,2025-04-23,12439.21,12547.123,12380.019,12430.969,0.02,688894990.0,10960473900.0
3668,医药,2025-04-24,12478.334,12679.09,12385.714,12453.961,0.18,682556270.0,11161831200.0
3669,医药,2025-04-25,12630.976,12727.922,12449.001,12486.029,0.26,907750970.0,13128789400.0
3670,医药,2025-04-28,12326.182,12339.072,12145.467,12291.127,-1.56,717291400.0,10528796800.0
3671,医药,2025-04-29,12289.595,12550.622,12243.411,12483.603,1.57,643263940.0,12332024900.0
3672,医药,2025-04-30,12456.682,12604.837,12456.682,12551.5,0.54,715936050.0,10501927000.0
3673,医药,2025-05-06,12662.164,12930.587,12614.656,12930.587,3.02,782014920.0,11988871300.0
3674,医药,2025-05-07,13081.281,13117.266,12805.251,12927.539,-0.02,809320910.0,13884890000.0
3675,医药,2025-05-08,12872.945,13114.494,12872.945,13060.156,1.03,823650340.0,11677029500.0
3676,医药,2025-05-09,13072.806,13078.405,12834.8,12854.971,-1.57,648138700.0,9072549800.0
3677,医药,2025-05-12,12920.207,12973.885,12827.537,12973.885,0.93,588354240.0,9715945000.0
3678,医药,2025-05-13,13091.492,13221.746,13023.266,13180.497,1.59,986177230.0,13920965000.0
3679,医药,2025-05-14,13148.7,13233.677,13063.633,13168.231,-0.09,808442590.0,12349627500.0
3680,医药,2025-05-15,13139.143,13153.912,12982.031,13028.196,-1.06,649581700.0,10215401600.0
3681,医药,2025-05-16,13001.337,13088.579,12925.781,13036.933,0.07,540685580.0,8732604800.0
3682,医药,2025-05-19,13047.292,13055.097,12895.429,13055.097,0.14,548204850.0,7976268400.0
3683,医药,2025-05-20,13050.095,13281.165,13050.095,13252.638,1.51,664292620.0,11328196400.0
3684,医药,2025-05-21,13236.176,13430.221,13210.242,13300.461,0.36,744972460.0,12535123300.0
3685,医药,2025-05-22,13228.917,13332.097,13082.433,13101.977,-1.49,661312890.0,10781410900.0
3686,医药,2025-05-23,13110.249,13568.733,13110.249,13312.47,1.61,1001207850.0,17868903000.0
3687,医药,2025-05-26,13311.242,13314.168,13110.415,13238.648,-0.55,756342460.0,12041672800.0
3688,医药,2025-05-27,13219.653,13396.531,13153.303,13371.37,1.0,687430820.0,10923217700.0
3689,医药,2025-05-28,13342.251,13356.659,13093.756,13128.731,-1.81,614046310.0,9085533100.0
3690,医药,2025-05-29,13122.326,13700.955,13099.377,13700.417,4.35,912643490.0,15994592000.0
3691,医药,2025-05-30,13669.376,13980.143,13663.97,13819.034,0.87,1090319400.0,18382851000.0
3692,医药,2025-06-03,13669.593,14228.879,13669.593,14194.966,2.72,1136149560.0,18879881000.0
3693,医药,2025-06-04,14188.567,14327.762,14101.462,14300.197,0.74,974857430.0,17207704000.0
3694,医药,2025-06-05,14266.541,14269.531,14008.79,14135.563,-1.15,885381660.0,14971833000.0
3695,医药,2025-06-06,14127.806,14186.877,13930.451,14014.172,-0.86,725647270.0,11441255600.0
3696,医药,2025-06-09,14069.461,14606.718,14069.461,14484.658,3.36,1101910790.0,17974624000.0
3697,医药,2025-06-10,14550.303,14766.122,14378.318,14532.291,0.33,1453026800.0,22059160000.0
3698,医药,2025-06-11,14574.607,14636.228,14397.448,14441.494,-0.62,1081104410.0,15046337000.0
3699,医药,2025-06-12,14395.693,14618.077,14365.923,14612.53,1.18,1103909150.0,18378508000.0
3700,医药,2025-06-13,14505.713,14672.674,14124.355,14159.328,-3.1,1193338360.0,20373868000.0
3701,医药,2025-06-16,14182.883,14412.925,14143.999,14258.521,0.7,911736100.0,14117704000.0
3702,医药,2025-06-17,14459.788,14662.789,14111.933,14173.315,-0.6,1083132460.0,17950252000.0
3703,医药,2025-06-18,14078.032,14099.975,13830.687,13870.369,-2.14,942787630.0,14932182000.0
3704,医药,2025-06-19,13842.136,13915.026,13534.605,13565.459,-2.2,793057490.0,12042344300.0
3705,医药,2025-06-20,13575.429,13644.853,13481.889,13494.038,-0.53,640951080.0,9830553600.0
3706,医药,2025-06-23,13391.499,13757.699,13391.499,13736.058,1.79,695366020.0,10818988400.0
3707,医药,2025-06-24,13769.677,13950.7,13746.575,13945.439,1.52,712163670.0,11471945200.0
3708,医药,2025-06-25,13969.529,14011.016,13800.487,14008.264,0.45,764279310.0,11739379300.0
3709,医药,2025-06-26,13977.735,13981.33,13790.998,13861.691,-1.05,735104240.0,11407124200.0
3710,医药,2025-06-27,13859.637,14172.427,13837.883,14059.72,1.43,818234570.0,11779405700.0
3711,医药,2025-06-30,14083.855,14559.694,14009.887,14555.499,3.53,1001889100.0,18101232000.0
3712,医药,2025-07-01,14550.243,14759.591,14520.28,14737.525,1.25,1041397340.0,17215243000.0
3713,医药,2025-07-02,14679.806,14754.62,14428.122,14518.556,-1.49,852369760.0,13320690300.0
3714,医药,2025-07-03,14495.092,14678.192,14459.453,14635.87,0.81,756064550.0,12086480500.0
3715,医药,2025-07-04,14661.712,14772.009,14576.457,14638.22,0.02,886889640.0,15469595000.0
3716,医药,2025-07-07,14578.471,14680.294,14457.423,14506.536,-0.9,798919390.0,12508605600.0
3717,医药,2025-07-08,14492.863,14887.371,14482.854,14875.163,2.54,891705380.0,16148010000.0
3718,医药,2025-07-09,14847.648,15253.548,14771.656,15068.887,1.3,967015760.0,17926565000.0
3719,医药,2025-07-10,15019.197,15255.73,14937.948,15132.951,0.43,855128320.0,15535080000.0
3720,医药,2025-07-11,15192.753,15532.005,15167.705,15437.32,2.01,1142499950.0,25610196000.0
3721,医药,2025-07-14,15414.978,15563.471,15367.731,15562.118,0.81,944485580.0,21562921000.0
3722,医药,2025-07-15,15474.362,15486.6,15130.957,15438.811,-0.79,1021783740.0,19636038000.0
3723,医药,2025-07-16,15394.262,15497.815,15316.297,15458.57,0.13,855222250.0,15485923000.0
3724,医药,2025-07-17,15462.61,15916.807,15429.888,15916.807,2.96,1073036620.0,22008053000.0
3725,医药,2025-07-18,15950.463,15950.463,15743.9,15906.065,-0.07,933210210.0,19543455000.0
3726,医药,2025-07-21,15839.531,16119.915,15748.284,16115.851,1.32,1029650270.0,20259813000.0
3727,医药,2025-07-22,16082.314,16366.056,16031.446,16100.394,-0.1,1042667630.0,21960424000.0
3728,医药,2025-07-23,16044.918,16650.851,16044.918,16305.363,1.27,1390880000.0,29929293000.0
3729,医药,2025-07-24,16333.163,16646.36,16302.159,16626.323,1.97,1399173000.0,28865141000.0
3730,医药,2025-07-25,16619.808,16986.391,16520.225,16750.856,0.75,1262085890.0,30808428000.0
3731,医药,2025-07-28,16727.702,16893.017,16644.781,16837.391,0.52,1049348650.0,24592263000.0
3732,医药,2025-07-29,16890.916,17460.304,16664.119,17458.226,3.69,1572966300.0,41130179000.0
3733,医药,2025-07-30,17342.004,17598.481,17041.06,17254.917,-1.16,1512523500.0,40879054000.0
3734,医药,2025-07-31,17173.112,17578.25,17173.112,17294.717,0.23,1612962700.0,38953116000.0
3735,医药,2025-08-01,17219.885,17631.198,17168.09,17242.803,-0.3,1395270100.0,33186700000.0
3736,医药,2025-08-04,17116.058,17356.254,16782.0,17356.254,0.66,1199548680.0,27449312000.0
3737,医药,2025-08-05,17401.158,17604.895,17215.535,17430.463,0.43,1045463170.0,23690371000.0
3738,医药,2025-08-06,17491.794,17616.012,17191.634,17249.773,-1.04,1115170590.0,24912646000.0
3739,医药,2025-08-07,17196.342,17483.571,16972.622,17132.563,-0.68,1297262320.0,27573678000.0
3740,医药,2025-08-08,17125.798,17266.827,16974.634,17127.659,-0.03,1278835080.0,25911298000.0
3741,医药,2025-08-11,17128.157,17550.134,17128.157,17536.735,2.39,1168950950.0,24160077000.0
3742,医药,2025-08-12,17532.666,17631.904,17307.634,17454.677,-0.47,1078874830.0,22909271000.0
3743,医药,2025-08-13,17484.84,17889.214,17311.277,17831.751,2.16,1555772400.0,38001338000.0
3744,医药,2025-08-14,17815.806,17967.789,17628.834,17663.448,-0.94,1372779500.0,33690760000.0
3745,医药,2025-08-15,17623.09,18046.041,17591.035,18045.193,2.16,1613720900.0,30485795000.0
3746,医药,2025-08-18,18060.391,18379.361,18060.391,18297.93,1.4,1609695600.0,35739019000.0
3747,医药,2025-08-19,18287.979,18635.085,18099.798,18136.554,-0.88,1625413200.0,40815711000.0
3748,医药,2025-08-20,18034.147,18132.833,17690.389,18016.972,-0.66,1421669800.0,30455314000.0
3749,医药,2025-08-21,18033.764,18167.52,17928.508,18030.659,0.08,1177797850.0,21517248000.0
3750,医药,2025-08-22,18062.848,18121.136,17904.243,18105.642,0.42,1259583340.0,24817358000.0
3751,医药,2025-08-25,18124.472,18611.49,18124.472,18597.277,2.72,1717673100.0,38184951000.0
3752,医药,2025-08-26,18507.872,18507.872,18153.869,18177.46,-2.26,1225852670.0,28910297000.0
3753,医药,2025-08-27,18250.691,18518.308,17746.303,17746.303,-2.37,1664831700.0,33575372000.0
3754,医药,2025-08-28,17726.351,17950.48,17134.196,17705.246,-0.23,1469992400.0,30094987000.0
3755,医药,2025-08-29,17793.487,18205.049,17680.914,18048.299,1.94,1341934910.0,36045425000.0
3756,医药,2025-09-01,18039.879,18499.269,18021.543,18492.081,2.46,1535466900.0,39849157000.0
3757,医药,2025-09-02,18468.584,18543.64,17938.056,18122.684,-2.0,1448943800.0,38563902000.0
3758,医药,2025-09-03,18134.531,18445.181,17988.461,18082.678,-0.22,1231503930.0,31081985000.0
3759,医药,2025-09-04,18126.102,18372.047,17515.709,17787.229,-1.63,1471220800.0,36907052000.0
3760,医药,2025-09-05,17749.611,18207.717,17533.188,18207.717,2.36,1253375660.0,31617350000.0
3761,医药,2025-09-08,18175.452,18576.919,18171.556,18530.802,1.77,1356352100.0,31996516000.0
3762,医药,2025-09-09,18447.294,18560.736,17979.81,18083.87,-2.41,1109296200.0,27161421000.0
3763,医药,2025-09-10,18080.178,18526.786,18080.178,18350.983,1.48,1004305400.0,26878723000.0
3764,医药,2025-09-11,17986.173,18357.656,17501.362,18341.999,-0.05,1348492300.0,36216227000.0
3765,医药,2025-09-12,18399.058,18788.361,18130.797,18601.583,1.42,1335090560.0,33066574000.0
3766,医药,2025-09-15,18534.465,18953.084,18534.465,18787.223,1.0,1191856330.0,31668483000.0
3767,医药,2025-09-16,18834.054,19009.602,18685.993,19009.602,1.18,1260801170.0,27983721000.0
3768,医药,2025-09-17,19013.006,19013.006,18672.781,18859.547,-0.79,1329012540.0,26678861000.0
3769,医药,2025-09-18,18892.314,18991.949,18295.67,18507.801,-1.87,1446282200.0,31414677000.0
3770,医药,2025-09-19,18438.256,18671.641,18125.01,18225.034,-1.53,982646920.0,22525890000.0
3771,医药,2025-09-22,18249.221,18458.139,18035.165,18207.14,-0.1,833046230.0,18683934000.0
3772,医药,2025-09-23,18171.619,18171.619,17313.792,17645.892,-3.08,1063789840.0,24556023000.0
3773,医药,2025-09-24,17600.902,17912.752,17562.223,17912.752,1.51,725141100.0,17245687000.0
3774,医药,2025-09-25,17901.57,18262.317,17854.627,17926.65,0.08,805981780.0,20974583000.0
3775,医药,2025-09-26,17811.255,17811.255,17503.962,17545.34,-2.13,739614070.0,17774381000.0
3776,医药,2025-09-29,17526.992,17591.506,17225.458,17568.664,0.13,712252780.0,16805045000.0
3777,医药,2025-09-30,17600.936,17901.963,17581.503,17834.576,1.51,749474950.0,20213141000.0
3778,医药,2025-10-09,17847.562,17861.049,17623.99,17823.677,-0.06,974272690.0,20911347000.0
3779,医药,2025-10-10,17766.129,17766.129,17412.463,17451.796,-2.09,768256380.0,19796365000.0
3780,医药,2025-10-13,16782.935,17250.226,16781.498,17186.92,-1.52,945968940.0,19696206000.0
3781,医药,2025-10-14,17284.196,17434.108,16850.787,16890.592,-1.72,820832940.0,18871679000.0
3782,医药,2025-10-15,16966.665,17364.44,16823.049,17364.44,2.81,850719010.0,17993128000.0
3783,医药,2025-10-16,17329.863,17528.894,17197.266,17251.549,-0.65,1076435470.0,17463018000.0
3784,医药,2025-10-17,17251.164,17334.584,16890.244,16904.885,-2.01,948406780.0,16296915000.0
3785,医药,2025-10-20,17061.15,17295.776,16950.69,17183.448,1.65,732492540.0,14367940000.0
3786,医药,2025-10-21,17212.934,17394.422,17131.413,17394.422,1.23,729941710.0,14193054000.0
3787,医药,2025-10-22,17337.412,17501.047,17241.647,17275.828,-0.68,668918480.0,12353177000.0
3788,医药,2025-10-23,17229.576,17275.597,16964.796,17216.462,-0.34,622964280.0,11587469200.0
3789,医药,2025-10-24,17246.737,17522.389,17246.737,17458.818,1.41,673685450.0,15662428000.0
3790,医药,2025-10-27,17658.045,17782.175,17523.7,17636.769,1.02,840297520.0,22842427000.0
3791,医药,2025-10-28,17600.17,17687.061,17500.34,17543.482,-0.53,734300170.0,16231810000.0
3792,医药,2025-10-29,17560.253,17933.733,17437.101,17933.733,2.22,805300400.0,21701305000.0
3793,医药,2025-10-30,17955.692,17984.935,17718.391,17718.391,-1.2,1238038070.0,31610950000.0
3794,医药,2025-10-31,17642.291,18200.025,17616.199,18137.371,2.36,1121246590.0,27021825000.0
3795,医药,2025-11-03,18251.964,18259.328,17981.917,18217.691,0.44,1001610960.0,24104010000.0
3796,医药,2025-11-04,18173.764,18173.764,17733.519,17851.857,-2.01,755823990.0,19768859000.0
3797,医药,2025-11-05,17661.194,17875.706,17560.948,17727.533,-0.7,702463590.0,15839034000.0
3798,医药,2025-11-06,17707.224,17725.239,17568.069,17713.054,-0.08,634180140.0,13049623900.0
3799,医药,2025-11-07,17659.27,17664.141,17485.473,17488.08,-1.27,591629380.0,12252592100.0
3800,医药,2025-11-10,17513.36,17777.694,17513.36,17768.498,1.6,780175530.0,16041753000.0
3801,医药,2025-11-11,17746.291,17828.928,17642.54,17781.357,0.07,624721260.0,12083283400.0
3802,医药,2025-11-12,17829.12,18028.373,17782.671,17942.895,0.91,808805440.0,16785417000.0
3803,医药,2025-11-13,17963.908,18207.691,17812.727,18207.691,1.48,842710680.0,18298950000.0
3804,医药,2025-11-14,18111.534,18450.866,18108.539,18292.339,0.46,830320970.0,17059765000.0
3805,医药,2025-11-17,18248.886,18248.886,17945.253,18039.812,-1.38,817066720.0,15638808000.0
3806,医药,2025-11-18,18042.006,18151.341,17909.767,17985.598,-0.3,925459870.0,14670227000.0
3807,医药,2025-11-19,17964.103,18006.926,17520.212,17583.668,-2.23,749535950.0,12825058200.0
3808,医药,2025-11-20,17592.615,17657.009,17237.379,17349.502,-1.33,659105560.0,12361934100.0
3809,医药,2025-11-21,17204.951,17406.106,16661.751,16661.751,-3.96,803129600.0,14634013000.0
3810,医药,2025-11-24,16764.138,17078.136,16694.553,16986.904,1.95,683706860.0,11907153300.0
3811,医药,2025-11-25,17087.735,17316.409,17037.112,17169.053,1.07,560825590.0,11265356400.0
3812,医药,2025-11-26,17180.653,17681.871,17180.653,17241.467,0.42,815078010.0,14315734000.0
3813,医药,2025-11-27,17235.009,17281.146,17086.215,17166.898,-0.43,691089310.0,12767074600.0
3814,医药,2025-11-28,17192.49,17306.434,17059.852,17306.434,0.81,529170490.0,9560108000.0
3815,医药,2025-12-01,17374.624,17435.861,17273.091,17303.237,-0.02,569946160.0,10989977600.0
3816,医药,2025-12-02,17289.763,17292.716,16985.792,17004.912,-1.72,663109830.0,11936436900.0
3817,医药,2025-12-03,17028.477,17056.936,16810.671,16881.592,-0.73,576137160.0,11454300400.0
3818,医药,2025-12-04,16865.384,16914.657,16651.003,16734.801,-0.87,530462140.0,9454951900.0
3819,医药,2025-12-05,16727.909,16937.385,16554.289,16930.218,1.17,564484470.0,10613973200.0
3820,医药,2025-12-08,16989.703,17064.68,16951.561,16980.931,0.3,546656880.0,10483813700.0
3821,医药,2025-12-09,16985.553,17212.237,16922.427,16928.435,-0.31,662808240.0,13400510900.0
3822,医药,2025-12-10,16896.948,16945.867,16729.082,16905.944,-0.13,533276220.0,11874537100.0
3823,医药,2025-12-11,16879.911,16943.521,16751.558,16751.558,-0.91,740499110.0,14749074000.0
3824,医药,2025-12-12,16721.389,16969.994,16626.336,16886.623,0.81,646650970.0,16165784000.0
3825,医药,2025-12-15,16793.634,16853.522,16678.398,16685.575,-1.19,519926160.0,12479965600.0
3826,医药,2025-12-16,16638.746,16687.903,16365.636,16391.722,-1.76,558222090.0,10557216800.0
3827,医药,2025-12-17,16403.448,16660.086,16391.369,16653.58,1.6,801027720.0,13076576600.0
3828,医药,2025-12-18,16606.206,16988.936,16600.374,16858.916,1.23,1127401750.0,14978504000.0
3829,医药,2025-12-19,16879.173,17182.478,16787.841,17077.258,1.3,1505106600.0,20061362000.0
3830,医药,2025-12-22,17037.531,17070.434,16934.268,17009.387,-0.4,1027188520.0,15233938000.0
3831,医药,2025-12-23,17019.674,17047.297,16888.622,16922.882,-0.51,860040820.0,12532057800.0
3832,医药,2025-12-24,16918.008,17021.793,16861.156,17012.091,0.53,725677950.0,12267400900.0
3833,医药,2025-12-25,17005.965,17200.538,16938.381,17178.896,0.98,692519470.0,12448106100.0
3834,医药,2025-12-26,17160.445,17224.194,16950.327,17032.905,-0.85,673144950.0,11948109400.0
3835,医药,2025-12-29,16979.258,17084.377,16905.339,16985.694,-0.28,665201740.0,13410129700.0
3836,医药,2025-12-30,16905.82,16954.036,16826.171,16841.963,-0.85,592412870.0,12126387100.0
3837,医药,2025-12-31,16839.03,16944.025,16790.592,16846.114,0.02,641778970.0,12250245700.0
3838,医药,2026-01-05,16989.46,17798.688,16989.46,17787.957,5.59,1104556820.0,23154229000.0
3839,医药,2026-01-06,17964.828,18019.422,17803.385,17976.717,1.06,1008532610.0,18232849000.0
3840,医药,2026-01-07,18007.485,18376.486,18007.485,18224.828,1.38,1250544390.0,28788654000.0
3841,医药,2026-01-08,18175.766,18698.541,18175.766,18575.519,1.92,1232414900.0,25700436000.0
3842,医药,2026-01-09,18581.376,19228.951,18581.376,19214.761,3.44,1511121800.0,37446143000.0
3843,医药,2026-01-12,19510.826,19902.768,19405.77,19856.594,3.34,1501824200.0,39855938000.0
3844,医药,2026-01-13,20388.149,21377.65,20320.85,20738.158,4.44,2217391400.0,57758505000.0
3845,医药,2026-01-14,20707.291,21633.274,20636.057,21161.475,2.04,2842652200.0,64583428000.0
3846,医药,2026-01-15,20749.958,20973.17,20405.267,20543.932,-2.92,3353722100.0,49236481000.0
3847,医药,2026-01-16,20400.056,20468.26,19849.04,19949.006,-2.9,2273907600.0,38571051000.0
3848,医药,2026-01-19,19881.96,20015.349,19722.901,19767.121,-0.91,1688411900.0,28593471000.0
3849,医药,2026-01-20,19807.223,19844.497,19451.637,19595.948,-0.87,1624977900.0,27013374000.0
3850,医药,2026-01-21,19489.255,20013.654,19450.405,19769.679,0.89,1425602300.0,25039828000.0
3851,医药,2026-01-22,19792.348,19864.696,19689.355,19822.368,0.27,1149595760.0,21724481000.0
3852,医药,2026-01-23,19914.851,20252.939,19895.458,20216.273,1.99,1477364300.0,28640526000.0
3853,医药,2026-01-26,20280.301,20294.564,19825.001,19964.643,-1.24,1465084400.0,27904030000.0
3854,医药,2026-01-27,19946.433,19946.433,19375.773,19833.895,-0.65,1351386600.0,23947358000.0
3855,医药,2026-01-28,19753.46,19754.315,19297.555,19322.686,-2.58,1098540000.0,21410776000.0
3856,医药,2026-01-29,19213.221,19728.183,19050.781,19326.063,0.02,1380282900.0,27589770000.0
3857,医药,2026-01-30,19284.486,19542.919,19034.929,19166.511,-0.83,1071494960.0,22117530000.0
3858,医药,2026-02-02,19050.354,19272.258,18704.531,18704.531,-2.41,949558850.0,19414796000.0
3859,医药,2026-02-03,18868.239,19264.267,18868.239,19262.383,2.98,905113910.0,18080993000.0
3860,医药,2026-02-04,19205.424,19442.746,19097.605,19435.764,0.9,890046200.0,18971764000.0
3861,医药,2026-02-05,19354.26,19502.993,19289.613,19346.091,-0.46,916702850.0,20340896000.0
3862,医药,2026-02-06,19239.534,19551.87,19105.627,19330.164,-0.08,961252120.0,19607959000.0
3863,医药,2026-02-09,19488.689,19599.126,19378.538,19585.076,1.32,961827950.0,18796153000.0
3864,医药,2026-02-10,19550.477,19803.14,19510.99,19653.534,0.35,882691210.0,18459380000.0
3865,医药,2026-02-11,19630.105,19661.185,19466.223,19491.575,-0.82,693922220.0,14277255000.0
3866,医药,2026-02-12,19497.999,19587.338,19392.325,19396.139,-0.49,783871670.0,17745498000.0
3867,医药,2026-02-13,19363.9,19472.194,19181.695,19184.699,-1.09,746026910.0,16434130000.0
3868,医药,2026-02-24,19356.819,19377.719,19098.362,19162.817,-0.11,908534140.0,17241877000.0
3869,医药,2026-02-25,19219.347,19416.937,19171.453,19406.705,1.27,993936050.0,16232597000.0
3870,医药,2026-02-26,19399.447,19404.38,19178.911,19273.465,-0.69,804237240.0,14041833000.0
3871,医药,2026-02-27,19242.376,19412.117,19208.332,19411.61,0.72,689216630.0,13714132000.0
3872,医药,2026-03-02,19101.532,19219.71,18643.906,18745.862,-3.43,955877090.0,18009380000.0
3873,医药,2026-03-03,18775.968,18885.232,17847.042,17855.676,-4.75,1097656640.0,19923328000.0
3874,医药,2026-03-04,17697.742,17974.328,17634.86,17754.829,-0.56,682855510.0,13170682700.0
3875,医药,2026-03-05,18032.839,18213.252,17940.621,18046.239,1.64,694778750.0,13880421000.0
3876,医药,2026-03-06,18006.872,18610.28,17979.445,18599.845,3.07,905314000.0,16624155000.0
3877,医药,2026-03-09,18269.738,18611.566,18197.06,18572.673,-0.15,965618220.0,16325596000.0
3878,医药,2026-03-10,18775.861,19045.113,18775.861,19040.073,2.52,741288210.0,14686023000.0
3879,医药,2026-03-11,19084.931,19108.174,18897.586,18944.584,-0.5,954707110.0,17045373000.0
3880,医药,2026-03-12,18944.775,18984.649,18657.182,18702.406,-1.28,813692160.0,15894224000.0
3881,医药,2026-03-13,18641.981,18809.154,18551.416,18666.123,-0.19,875033760.0,17870266000.0
3882,医药,2026-03-16,18626.834,18847.819,18620.583,18724.338,0.31,809819830.0,18450216000.0
3883,医药,2026-03-17,18708.328,18848.48,18325.364,18325.991,-2.13,775281480.0,17979330000.0
3884,医药,2026-03-18,18343.031,18499.971,18244.069,18494.521,0.92,657160930.0,13006821100.0
3885,医药,2026-03-19,18303.473,18325.447,17872.303,17936.948,-3.01,667723270.0,13291561900.0
3886,医药,2026-03-20,17984.367,18134.451,17479.373,17479.373,-2.55,691633540.0,12654118900.0
3887,医药,2026-03-23,17195.522,17240.186,16353.162,16472.18,-5.76,909986880.0,16544114000.0
3888,医药,2026-03-24,16799.266,17254.091,16799.266,17254.091,4.75,939416620.0,18906227000.0
3889,医药,2026-03-25,17362.246,17624.733,17334.836,17535.854,1.63,830265430.0,14834279000.0
3890,医药,2026-03-26,17534.747,17814.947,17306.506,17368.961,-0.95,1073830260.0,14503716000.0
3891,医药,2026-03-27,17215.533,18133.45,17188.013,18084.47,4.12,1150595090.0,18395019000.0
3892,医药,2026-03-30,17953.786,18388.019,17953.786,18298.96,1.19,970036510.0,19345304000.0
3893,医药,2026-03-31,18332.888,18855.115,18318.534,18339.527,0.22,928921990.0,23989294000.0
3894,医药,2026-04-01,18577.125,19302.498,18369.647,19302.321,5.25,1190345730.0,33038359000.0
3895,医药,2026-04-02,19227.235,19426.137,19052.065,19178.389,-0.64,1130945760.0,30740145000.0
3896,医药,2026-04-03,18944.109,18979.028,18538.068,18591.303,-3.06,939127100.0,23879801000.0
3897,医药,2026-04-07,18614.002,18977.604,18387.165,18713.893,0.66,763462070.0,19126901000.0
3898,医药,2026-04-08,19053.766,19208.571,18873.007,19182.681,2.51,1007727880.0,23519192000.0
3899,医药,2026-04-09,19029.265,19324.064,18768.903,18825.722,-1.86,1143619800.0,24311219000.0
3900,医药,2026-04-10,18825.797,19259.161,18753.459,18957.438,0.7,1036912790.0,22113649000.0
3901,医药,2026-04-13,18864.15,18864.15,18660.869,18727.016,-1.22,825064120.0,15863748000.0
3902,医药,2026-04-14,18851.44,19050.606,18619.017,19050.606,1.73,884598060.0,18987392000.0
3903,医药,2026-04-15,19272.417,19305.098,18791.675,19076.595,0.14,1078078460.0,23895331000.0
3904,医药,2026-04-16,19071.215,19094.688,18810.916,19068.156,-0.04,975049340.0,18203341000.0
3905,医药,2026-04-17,18978.866,18978.866,18601.793,18725.705,-1.8,894066850.0,21246645000.0
3906,医药,2026-04-20,18687.429,18928.628,18653.947,18854.733,0.69,815208480.0,16215175000.0
3907,医药,2026-04-21,18819.702,18906.098,18537.126,18645.015,-1.11,700585850.0,14831656000.0
3908,医药,2026-04-22,18585.98,18859.276,18553.337,18854.245,1.12,847923750.0,15266488000.0
3909,医药,2026-04-23,18802.351,18803.209,18413.742,18497.416,-1.89,952046140.0,18351504000.0
3910,医药,2026-04-24,18359.494,18656.424,18285.067,18510.616,0.07,1054575560.0,20424490000.0
3911,医药,2026-04-27,18388.722,18516.427,18242.136,18499.981,-0.06,855315840.0,17328850000.0
3912,医药,2026-04-28,18592.168,18949.354,18492.761,18579.663,0.43,1027964570.0,25841773000.0
3913,医药,2026-04-29,18463.516,18699.692,18339.829,18615.082,0.19,1004545060.0,29099266000.0
3914,医药,2026-04-30,18637.444,18748.192,18436.208,18590.172,-0.13,1183858960.0,23432074000.0
3915,医药,2026-05-06,18659.586,18777.417,18613.538,18699.271,0.59,991511140.0,23273654000.0
3916,医药,2026-05-07,18731.74,18855.327,18687.129,18799.877,0.54,1310748770.0,23080277000.0
3917,医药,2026-05-08,18813.849,18895.405,18689.687,18773.643,-0.14,1195976830.0,22167281000.0
3918,医药,2026-05-11,18815.142,19135.595,18576.028,19135.288,1.93,1421984600.0,28679915000.0
3919,医药,2026-05-12,19043.782,19043.782,18779.639,18821.267,-1.64,1089727640.0,25509726000.0
3920,医药,2026-05-13,18779.341,18802.365,18593.527,18772.086,-0.26,944641490.0,20806304000.0
3921,医药,2026-05-14,18719.948,18741.566,18238.537,18238.537,-2.84,1086467990.0,22599066000.0
3922,医药,2026-05-15,18230.705,18471.929,18034.871,18150.621,-0.48,1038853910.0,21177343000.0
3923,医药,2026-05-18,18137.144,18166.162,17921.67,18056.619,-0.52,848612000.0,16437756000.0
3924,医药,2026-05-19,18118.2,18412.12,17971.807,18124.828,0.38,1118543270.0,19307193000.0
3925,医药,2026-05-20,18044.332,18117.956,17801.957,18024.68,-0.55,1028275640.0,19264900000.0
3926,医药,2026-05-21,18054.26,18359.752,17771.133,17791.429,-1.29,1099907630.0,25567651000.0
3927,医药,2026-05-22,17886.229,17917.727,17561.349,17819.846,0.16,833686510.0,18916237000.0
3928,医药,2026-05-25,17801.304,18015.658,17476.475,17681.825,-0.77,782073610.0,16611303000.0
3929,医药,2026-05-26,17616.291,17616.291,17164.339,17384.764,-1.68,837468930.0,17713545000.0
3930,医药,2026-05-27,17361.073,17361.073,16959.924,17129.495,-1.47,744139820.0,16077917000.0
3931,医药,2026-05-28,17113.429,17223.064,16863.231,17131.261,0.01,827844420.0,15022887000.0
3932,医药,2026-05-29,17160.463,17281.336,16795.934,16865.206,-1.55,932700300.0,19406586000.0
3933,医药,2026-06-01,16759.165,17023.621,16735.195,16855.615,-0.06,762658940.0,17038842000.0
3934,医药,2026-06-02,16839.315,16850.3,16412.121,16544.316,-1.85,735905400.0,14200521000.0
3935,医药,2026-06-03,16532.548,16532.548,16271.874,16379.124,-1.0,756621840.0,14255994000.0
3936,医药,2026-06-04,16338.152,16355.519,16035.708,16154.639,-1.37,708557460.0,12625814300.0
3937,医药,2026-06-05,16231.518,16350.387,16025.182,16083.528,-0.44,671061250.0,14050799000.0
3938,医药,2026-06-08,15837.601,16070.803,15376.066,15550.57,-3.31,747280760.0,14401080000.0
3939,医药,2026-06-09,15653.83,15756.022,15414.79,15712.343,1.04,678274370.0,16048907000.0
3940,医药,2026-06-10,15623.789,15781.468,15421.194,15648.787,-0.4,683559130.0,14194616000.0
3941,医药,2026-06-11,15533.804,15624.493,15252.63,15412.741,-1.51,673083100.0,12362846800.0
3942,医药,2026-06-12,15535.173,15843.512,15387.666,15795.617,2.48,868327400.0,19741783000.0
3943,医药,2026-06-15,15802.511,15926.223,15586.423,15713.671,-0.52,745280560.0,14563254000.0
3944,医药,2026-06-16,15694.492,15694.492,15450.157,15647.967,-0.42,644269280.0,11122505600.0
3945,医药,2026-06-17,15638.998,15638.998,15475.586,15583.358,-0.41,685726750.0,11091861100.0
3946,医药,2026-06-18,15546.598,16058.878,15506.506,15889.257,1.96,1037083070.0,19760665000.0
3947,医药,2026-06-22,15776.026,16002.064,15291.54,15993.866,0.66,1045755390.0,21117403000.0
3948,医药,2026-06-23,15943.379,16649.408,15935.038,16376.613,2.39,1079736140.0,22577502000.0
3949,医药,2026-06-24,16389.722,16766.991,16339.41,16460.321,0.51,1184203370.0,32000382000.0
3950,医药,2026-06-25,16315.99,16448.835,15880.43,16316.752,-0.87,1090277640.0,28576900000.0
3951,医药,2026-06-26,16210.349,16405.617,15918.609,15927.085,-2.39,943643150.0,25723226000.0
3952,医药,2026-06-29,15995.176,16906.193,15733.668,16900.22,6.11,1345363800.0,37944208000.0
3953,新能源车,2022-06-01,2186.024,2290.447,2186.024,2257.749,,1879134600.0,28608295000.0
3954,新能源车,2022-06-02,2265.024,2388.724,2264.989,2355.157,4.31,1988192500.0,28389379000.0
3955,新能源车,2022-06-06,2370.711,2380.537,2331.822,2350.386,-0.2,1804029000.0,32321304000.0
3956,新能源车,2022-06-07,2334.794,2334.794,2250.63,2273.585,-3.27,1935783900.0,28314065000.0
3957,新能源车,2022-06-08,2263.208,2358.877,2247.656,2353.482,3.51,2070771600.0,33898986000.0
3958,新能源车,2022-06-09,2320.481,2320.481,2227.993,2231.689,-5.18,1410388700.0,26737941000.0
3959,新能源车,2022-06-10,2189.63,2321.172,2189.63,2281.493,2.23,1676845200.0,36156474000.0
3960,新能源车,2022-06-13,2272.183,2352.616,2272.183,2334.653,2.33,1910459000.0,38590356000.0
3961,新能源车,2022-06-14,2311.017,2439.708,2299.487,2433.668,4.24,2589401400.0,47093521000.0
3962,新能源车,2022-06-15,2439.907,2532.177,2414.848,2415.085,-0.76,2897595000.0,50575354000.0
3963,新能源车,2022-06-16,2399.31,2432.834,2363.781,2369.167,-1.9,1884610600.0,32388017000.0
3964,新能源车,2022-06-17,2351.272,2432.127,2349.398,2417.057,2.02,1627611300.0,31211026000.0
3965,新能源车,2022-06-20,2424.823,2447.815,2401.257,2421.467,0.18,1482632800.0,29949603000.0
3966,新能源车,2022-06-21,2404.319,2427.077,2358.779,2408.992,-0.52,1593678800.0,29616597000.0
3967,新能源车,2022-06-22,2418.619,2504.311,2413.335,2442.195,1.38,1541173400.0,25251108000.0
3968,新能源车,2022-06-23,2464.557,2590.131,2463.633,2589.67,6.04,2383405300.0,41048010000.0
3969,新能源车,2022-06-24,2600.556,2632.885,2549.401,2594.758,0.2,2183093000.0,36377356000.0
3970,新能源车,2022-06-27,2610.881,2692.707,2583.006,2667.122,2.79,2353328400.0,41199800000.0
3971,新能源车,2022-06-28,2670.753,2836.683,2653.97,2794.567,4.78,2771266300.0,48246330000.0
3972,新能源车,2022-06-29,2800.341,2814.457,2577.677,2579.841,-7.68,3266273700.0,58329108000.0
3973,新能源车,2022-06-30,2523.855,2606.488,2523.855,2544.76,-1.36,2288844600.0,40503869000.0
3974,新能源车,2022-07-01,2524.808,2615.225,2459.592,2571.97,1.07,2211097100.0,40159880000.0
3975,新能源车,2022-07-04,2573.767,2573.767,2496.032,2525.36,-1.81,1577896300.0,30659505000.0
3976,新能源车,2022-07-05,2527.091,2569.848,2493.887,2515.689,-0.38,1661187700.0,31838934000.0
3977,新能源车,2022-07-06,2479.846,2512.475,2467.214,2500.92,-0.59,1372240500.0,27133229000.0
3978,新能源车,2022-07-07,2491.117,2643.511,2483.74,2639.018,5.52,2409039000.0,47006306000.0
3979,新能源车,2022-07-08,2639.688,2667.509,2603.076,2603.076,-1.36,2421337100.0,36463833000.0
3980,新能源车,2022-07-11,2576.693,2576.693,2482.641,2502.025,-3.88,2019605000.0,32524161000.0
3981,新能源车,2022-07-12,2493.092,2543.22,2449.886,2464.163,-1.51,1659180100.0,35557897000.0
3982,新能源车,2022-07-13,2454.322,2510.637,2426.041,2487.935,0.96,1457467400.0,29580226000.0
3983,新能源车,2022-07-14,2468.157,2513.191,2463.24,2489.264,0.05,1236616190.0,25639841000.0
3984,新能源车,2022-07-15,2473.054,2556.381,2456.173,2457.25,-1.29,1793337100.0,40942114000.0
3985,新能源车,2022-07-18,2462.203,2517.748,2457.015,2508.72,2.09,1395357600.0,28048348000.0
3986,新能源车,2022-07-19,2521.884,2577.722,2493.251,2518.241,0.38,1431387800.0,26209114000.0
3987,新能源车,2022-07-20,2503.031,2531.985,2486.906,2509.443,-0.35,1084227080.0,16834711000.0
3988,新能源车,2022-07-21,2495.696,2507.221,2450.737,2478.415,-1.24,1361317800.0,21943561000.0
3989,新能源车,2022-07-22,2473.664,2539.493,2472.766,2508.106,1.2,1365588800.0,23343851000.0
3990,新能源车,2022-07-25,2498.664,2498.664,2404.915,2422.001,-3.43,1406220500.0,22218851000.0
3991,新能源车,2022-07-26,2416.276,2468.722,2404.68,2446.589,1.02,1157719800.0,19671224000.0
3992,新能源车,2022-07-27,2443.198,2476.747,2426.706,2454.504,0.32,1020415350.0,17012773000.0
3993,新能源车,2022-07-28,2463.141,2499.058,2450.682,2460.525,0.25,1099507190.0,19371160000.0
3994,新能源车,2022-07-29,2455.748,2516.123,2452.685,2489.35,1.17,1376256000.0,24216982000.0
3995,新能源车,2022-08-01,2481.234,2577.861,2456.123,2577.779,3.55,1859002200.0,35090790000.0
3996,新能源车,2022-08-02,2533.795,2533.795,2435.201,2452.798,-4.85,1806242700.0,32819156000.0
3997,新能源车,2022-08-03,2449.243,2549.051,2395.978,2412.63,-1.64,1903644100.0,35769291000.0
3998,新能源车,2022-08-04,2410.372,2418.756,2331.802,2383.565,-1.2,1439223300.0,27754414000.0
3999,新能源车,2022-08-05,2383.895,2406.592,2344.883,2380.388,-0.13,1077834020.0,20643398000.0
4000,新能源车,2022-08-08,2370.91,2412.551,2343.87,2412.551,1.35,879429320.0,16302748000.0
4001,新能源车,2022-08-09,2420.441,2450.433,2397.281,2397.657,-0.62,1044238410.0,18168498000.0
4002,新能源车,2022-08-10,2401.238,2473.434,2396.231,2438.273,1.69,1235632730.0,25210264000.0
4003,新能源车,2022-08-11,2434.255,2451.543,2401.133,2443.643,0.22,1229971330.0,21844413000.0
4004,新能源车,2022-08-12,2436.498,2443.372,2420.983,2422.305,-0.87,833938900.0,14250359000.0
4005,新能源车,2022-08-15,2419.702,2444.161,2405.607,2425.736,0.14,809038040.0,15801738000.0
4006,新能源车,2022-08-16,2439.512,2486.482,2437.82,2471.508,1.89,1017591390.0,19367633000.0
4007,新能源车,2022-08-17,2470.207,2517.28,2458.663,2507.881,1.47,1248721280.0,24520896000.0
4008,新能源车,2022-08-18,2517.269,2529.028,2484.142,2490.925,-0.68,1132367730.0,19744722000.0
4009,新能源车,2022-08-19,2490.029,2490.029,2435.024,2435.024,-2.24,1105294470.0,18991496000.0
4010,新能源车,2022-08-22,2435.34,2502.386,2422.038,2489.161,2.22,1147590200.0,21435904000.0
4011,新能源车,2022-08-23,2477.881,2489.378,2452.129,2470.754,-0.74,852422980.0,15635772000.0
4012,新能源车,2022-08-24,2477.581,2483.296,2380.561,2383.122,-3.55,1397370700.0,24177125000.0
4013,新能源车,2022-08-25,2384.203,2396.28,2344.694,2396.28,0.55,933976780.0,17398134000.0
4014,新能源车,2022-08-26,2399.96,2466.938,2395.532,2436.649,1.68,1168972080.0,17617586000.0
4015,新能源车,2022-08-29,2403.772,2437.913,2394.431,2422.713,-0.57,1033023930.0,14403896000.0
4016,新能源车,2022-08-30,2415.28,2441.654,2390.62,2401.981,-0.86,883320060.0,14216971000.0
4017,新能源车,2022-08-31,2386.869,2390.746,2309.275,2314.312,-3.65,1044523810.0,25558904000.0
4018,新能源车,2022-09-01,2317.384,2337.398,2303.06,2307.986,-0.27,693479300.0,14546913000.0
4019,新能源车,2022-09-02,2318.55,2333.762,2300.142,2331.364,1.01,694423280.0,13304206600.0
4020,新能源车,2022-09-05,2318.817,2336.08,2294.162,2330.228,-0.05,877822410.0,20064213000.0
4021,新能源车,2022-09-06,2345.234,2397.215,2344.218,2393.917,2.73,971608600.0,17121602000.0
4022,新能源车,2022-09-07,2396.426,2422.47,2381.459,2403.194,0.39,926284610.0,16792852000.0
4023,新能源车,2022-09-08,2402.925,2471.121,2402.145,2428.509,1.05,939792150.0,15070695000.0
4024,新能源车,2022-09-09,2428.561,2428.735,2388.083,2413.238,-0.63,804188940.0,11078928500.0
4025,新能源车,2022-09-13,2424.031,2477.325,2422.142,2470.764,2.38,927673360.0,14724117000.0
4026,新能源车,2022-09-14,2431.983,2497.438,2427.657,2481.723,0.44,1057391650.0,15267010000.0
4027,新能源车,2022-09-15,2484.834,2498.944,2415.123,2429.303,-2.11,1089399480.0,17835928000.0
4028,新能源车,2022-09-16,2404.046,2424.804,2346.272,2346.272,-3.42,816383250.0,12345482700.0
4029,新能源车,2022-09-19,2345.492,2414.264,2345.492,2382.654,1.55,828093500.0,14197024000.0
4030,新能源车,2022-09-20,2401.584,2446.985,2384.056,2384.507,0.08,906932550.0,14261596000.0
4031,新能源车,2022-09-21,2372.481,2441.726,2335.853,2429.364,1.88,1064322550.0,14654176000.0
4032,新能源车,2022-09-22,2401.147,2415.74,2375.06,2382.678,-1.92,919355820.0,14057541000.0
4033,新能源车,2022-09-23,2375.263,2391.976,2300.823,2320.069,-2.63,853401750.0,12359474000.0
4034,新能源车,2022-09-26,2312.763,2332.093,2288.342,2292.776,-1.18,709227440.0,12097337700.0
4035,新能源车,2022-09-27,2307.778,2342.35,2282.508,2341.73,2.14,744218430.0,10773191900.0
4036,新能源车,2022-09-28,2327.044,2327.368,2250.182,2250.2,-3.91,737661740.0,10779831700.0
4037,新能源车,2022-09-29,2271.13,2276.62,2207.868,2214.778,-1.57,667716580.0,9810738400.0
4038,新能源车,2022-09-30,2209.861,2216.434,2166.104,2166.104,-2.2,669870470.0,12588662200.0
4039,新能源车,2022-10-10,2155.932,2164.287,2094.137,2097.698,-3.16,581877120.0,9698725500.0
4040,新能源车,2022-10-11,2102.274,2121.695,2074.79,2116.059,0.88,501447230.0,8822679000.0
4041,新能源车,2022-10-12,2114.264,2187.319,2087.155,2186.774,3.34,752389560.0,12050454200.0
4042,新能源车,2022-10-13,2164.027,2193.646,2158.301,2165.618,-0.97,649055840.0,9913672900.0
4043,新能源车,2022-10-14,2181.119,2228.19,2175.375,2213.406,2.21,720768340.0,12147064400.0
4044,新能源车,2022-10-17,2194.939,2228.262,2180.942,2223.978,0.48,795851090.0,12091268300.0
4045,新能源车,2022-10-18,2255.679,2283.557,2225.157,2226.627,0.12,869510480.0,16287626000.0
4046,新能源车,2022-10-19,2208.075,2251.489,2194.096,2194.462,-1.44,709799450.0,11468298500.0
4047,新能源车,2022-10-20,2179.522,2196.558,2146.143,2170.603,-1.09,691971450.0,10886609700.0
4048,新能源车,2022-10-21,2173.945,2176.204,2138.962,2140.058,-1.41,589578670.0,8744542100.0
4049,新能源车,2022-10-24,2143.21,2170.882,2087.751,2099.338,-1.9,636186940.0,11490727900.0
4050,新能源车,2022-10-25,2090.477,2155.121,2059.118,2143.962,2.13,715149320.0,10544382900.0
4051,新能源车,2022-10-26,2145.048,2182.788,2136.996,2156.247,0.57,922654790.0,12818680400.0
4052,新能源车,2022-10-27,2161.287,2191.72,2152.466,2153.59,-0.12,826902520.0,11688655600.0
4053,新能源车,2022-10-28,2139.595,2139.595,2046.061,2055.014,-4.58,833853290.0,15352639000.0
4054,新能源车,2022-10-31,2035.24,2092.337,2034.675,2062.897,0.38,652589840.0,11514424900.0
4055,新能源车,2022-11-01,2069.43,2131.616,2059.356,2131.616,3.33,923360150.0,15065142000.0
4056,新能源车,2022-11-02,2124.793,2244.313,2120.463,2234.561,4.83,1379818200.0,20146258000.0
4057,新能源车,2022-11-03,2231.35,2300.698,2226.441,2235.533,0.04,1214930380.0,17149511000.0
4058,新能源车,2022-11-04,2247.116,2331.614,2247.116,2320.464,3.8,1412880200.0,23639951000.0
4059,新能源车,2022-11-07,2315.656,2334.452,2295.612,2326.758,0.27,1088796640.0,17027959000.0
4060,新能源车,2022-11-08,2324.709,2337.068,2291.041,2313.125,-0.59,1063437070.0,13702970000.0
4061,新能源车,2022-11-09,2321.363,2335.73,2303.846,2309.395,-0.16,963808640.0,12973110300.0
4062,新能源车,2022-11-10,2299.754,2317.236,2280.547,2296.978,-0.54,1055262950.0,14871594000.0
4063,新能源车,2022-11-11,2354.579,2362.525,2304.51,2309.791,0.56,1312615010.0,18095207000.0
4064,新能源车,2022-11-14,2303.853,2322.686,2273.18,2278.174,-1.37,978690030.0,12996227600.0
4065,新能源车,2022-11-15,2275.226,2335.841,2265.837,2332.273,2.37,1008146490.0,13307124000.0
4066,新能源车,2022-11-16,2325.745,2352.417,2306.522,2326.031,-0.27,1070734960.0,13266061400.0
4067,新能源车,2022-11-17,2312.303,2312.303,2276.935,2295.61,-1.31,862835200.0,11988747900.0
4068,新能源车,2022-11-18,2301.653,2308.715,2262.845,2263.224,-1.41,772445770.0,10622908000.0
4069,新能源车,2022-11-21,2252.128,2295.339,2225.895,2287.862,1.09,827542450.0,11133963100.0
4070,新能源车,2022-11-22,2286.384,2291.994,2252.277,2255.54,-1.41,709258980.0,9876689700.0
4071,新能源车,2022-11-23,2256.48,2269.25,2233.211,2255.208,-0.01,749246380.0,9748610600.0
4072,新能源车,2022-11-24,2257.767,2270.652,2236.75,2244.705,-0.47,684492000.0,9273819700.0
4073,新能源车,2022-11-25,2233.781,2233.781,2209.51,2209.837,-1.55,591300070.0,8490566900.0
4074,新能源车,2022-11-28,2179.742,2204.35,2155.482,2197.707,-0.55,608198770.0,8401383800.0
4075,新能源车,2022-11-29,2193.919,2258.672,2193.919,2250.005,2.38,845485680.0,12253675400.0
4076,新能源车,2022-11-30,2250.664,2407.155,2248.786,2386.228,6.05,2153971900.0,30274217000.0
4077,新能源车,2022-12-01,2438.207,2456.906,2374.306,2380.814,-0.23,2008088900.0,31096741000.0
4078,新能源车,2022-12-02,2381.523,2381.523,2323.211,2325.761,-2.31,1178132410.0,16450173000.0
4079,新能源车,2022-12-05,2344.01,2376.119,2330.276,2370.048,1.9,1216676430.0,16456043000.0
4080,新能源车,2022-12-06,2363.93,2424.994,2344.068,2392.5,0.95,1483760300.0,18098394000.0
4081,新能源车,2022-12-07,2380.982,2419.767,2371.15,2381.073,-0.48,1309156920.0,19535167000.0
4082,新能源车,2022-12-08,2368.359,2391.237,2355.84,2360.388,-0.87,898034350.0,12094841100.0
4083,新能源车,2022-12-09,2351.206,2361.516,2327.584,2350.74,-0.41,723433330.0,10608839900.0
4084,新能源车,2022-12-12,2332.93,2333.905,2297.017,2307.029,-1.86,753886730.0,10295796900.0
4085,新能源车,2022-12-13,2300.111,2358.038,2300.111,2316.937,0.43,768690360.0,9671989300.0
4086,新能源车,2022-12-14,2296.796,2308.789,2278.204,2284.72,-1.39,734806700.0,10089128100.0
4087,新能源车,2022-12-15,2286.208,2346.394,2272.748,2340.465,2.44,1136464120.0,14427119000.0
4088,新能源车,2022-12-16,2313.938,2328.279,2293.952,2302.029,-1.64,849453310.0,9918821300.0
4089,新能源车,2022-12-19,2315.913,2366.464,2295.904,2301.284,-0.03,1270249290.0,14819187000.0
4090,新能源车,2022-12-20,2274.972,2305.516,2256.867,2296.84,-0.19,1076735120.0,12625574800.0
4091,新能源车,2022-12-21,2277.417,2294.247,2254.203,2257.094,-1.73,863383110.0,9477716600.0
4092,新能源车,2022-12-22,2257.854,2312.882,2235.343,2266.284,0.41,1003845710.0,12265140200.0
4093,新能源车,2022-12-23,2237.099,2246.19,2198.188,2213.782,-2.32,807756170.0,10511205500.0
4094,新能源车,2022-12-26,2201.542,2251.046,2193.368,2244.152,1.37,695413530.0,9420951400.0
4095,新能源车,2022-12-27,2242.381,2242.381,2197.024,2230.744,-0.6,766832370.0,8632234700.0
4096,新能源车,2022-12-28,2205.483,2205.554,2156.978,2158.593,-3.23,877759630.0,11357471000.0
4097,新能源车,2022-12-29,2153.192,2203.857,2146.405,2157.675,-0.04,846087630.0,9937288900.0
4098,新能源车,2022-12-30,2188.233,2227.153,2183.889,2186.808,1.35,791792510.0,9742728000.0
4099,新能源车,2023-01-03,2176.402,2221.814,2165.24,2216.611,1.36,893935850.0,11539692000.0
4100,新能源车,2023-01-04,2202.881,2224.082,2198.947,2212.346,-0.19,731780360.0,8385009100.0
4101,新能源车,2023-01-05,2231.895,2250.315,2218.967,2234.627,1.01,959630560.0,12386983500.0
4102,新能源车,2023-01-06,2224.395,2278.924,2222.925,2244.74,0.45,912552390.0,12530859200.0
4103,新能源车,2023-01-09,2245.67,2289.725,2245.67,2264.06,0.86,1012645460.0,13680119000.0
4104,新能源车,2023-01-10,2267.029,2326.484,2232.844,2313.579,2.19,1506704800.0,21781881000.0
4105,新能源车,2023-01-11,2296.268,2298.177,2266.537,2266.537,-2.03,1048446300.0,14293004000.0
4106,新能源车,2023-01-12,2271.573,2302.65,2268.094,2272.482,0.26,871143810.0,15091945000.0
4107,新能源车,2023-01-13,2271.136,2284.046,2251.938,2265.516,-0.31,706495440.0,11234484900.0
4108,新能源车,2023-01-16,2256.164,2274.617,2244.325,2254.322,-0.49,808978330.0,14020830000.0
4109,新能源车,2023-01-17,2256.018,2264.076,2235.289,2250.224,-0.18,589624450.0,9289772100.0
4110,新能源车,2023-01-18,2253.448,2276.936,2248.435,2249.259,-0.04,644151740.0,9958144300.0
4111,新能源车,2023-01-19,2243.656,2254.382,2233.811,2244.675,-0.2,592994500.0,8107743200.0
4112,新能源车,2023-01-20,2248.326,2284.292,2248.326,2280.537,1.6,808428650.0,12192514100.0
4113,新能源车,2023-01-30,2341.87,2386.949,2338.205,2343.867,2.78,1569895800.0,25735887000.0
4114,新能源车,2023-01-31,2329.365,2385.486,2327.73,2362.282,0.79,1175984830.0,18566444000.0
4115,新能源车,2023-02-01,2370.203,2417.224,2368.995,2417.114,2.32,1329694200.0,23312066000.0
4116,新能源车,2023-02-02,2417.456,2437.184,2397.707,2407.66,-0.39,1087529210.0,17636542000.0
4117,新能源车,2023-02-03,2407.199,2410.625,2361.446,2380.298,-1.14,954503130.0,15355266000.0
4118,新能源车,2023-02-06,2398.739,2411.481,2361.415,2363.753,-0.7,865257970.0,12065177100.0
4119,新能源车,2023-02-07,2372.005,2380.266,2357.673,2378.69,0.63,648912280.0,9041509600.0
4120,新能源车,2023-02-08,2373.457,2380.582,2356.941,2363.508,-0.64,607401290.0,9094022300.0
4121,新能源车,2023-02-09,2359.89,2394.241,2351.654,2392.192,1.21,676166520.0,9813992300.0
4122,新能源车,2023-02-10,2382.115,2382.193,2349.071,2356.986,-1.47,637819990.0,10404691600.0
4123,新能源车,2023-02-13,2353.77,2404.521,2353.445,2400.044,1.83,800609900.0,11151962600.0
4124,新能源车,2023-02-14,2399.442,2401.609,2371.35,2390.34,-0.4,627247530.0,9892020700.0
4125,新能源车,2023-02-15,2398.55,2439.897,2398.55,2403.237,0.54,856864460.0,11850790900.0
4126,新能源车,2023-02-16,2401.727,2443.289,2358.737,2381.737,-0.89,1131647280.0,14930412000.0
4127,新能源车,2023-02-17,2380.428,2388.462,2353.449,2354.393,-1.15,759677740.0,11078171100.0
4128,新能源车,2023-02-20,2360.409,2396.214,2357.385,2395.981,1.77,815279030.0,11940050200.0
4129,新能源车,2023-02-21,2400.325,2463.626,2400.267,2449.891,2.25,1217227310.0,17239434000.0
4130,新能源车,2023-02-22,2436.931,2456.062,2421.236,2455.331,0.22,874773740.0,11677077200.0
4131,新能源车,2023-02-23,2450.673,2477.402,2449.669,2456.884,0.06,852132680.0,12869191500.0
4132,新能源车,2023-02-24,2449.548,2450.883,2408.351,2418.205,-1.57,730215580.0,10031639800.0
4133,新能源车,2023-02-27,2414.99,2429.397,2393.358,2399.723,-0.76,699683920.0,11677567600.0
4134,新能源车,2023-02-28,2402.66,2420.259,2386.504,2418.759,0.79,700661820.0,10176547000.0
4135,新能源车,2023-03-01,2418.497,2443.084,2403.715,2438.637,0.82,725708230.0,12341065200.0
4136,新能源车,2023-03-02,2436.607,2454.16,2427.582,2429.787,-0.36,682613920.0,10426412700.0
4137,新能源车,2023-03-03,2429.949,2440.067,2414.428,2436.4,0.27,605290630.0,8250926200.0
4138,新能源车,2023-03-06,2434.497,2437.825,2394.712,2417.581,-0.77,737585110.0,10380670800.0
4139,新能源车,2023-03-07,2416.857,2463.688,2398.157,2398.571,-0.79,877142430.0,11522171900.0
4140,新能源车,2023-03-08,2389.205,2397.392,2374.066,2394.507,-0.17,669543870.0,9293730700.0
4141,新能源车,2023-03-09,2396.727,2417.136,2383.211,2387.46,-0.29,726169230.0,10226464800.0
4142,新能源车,2023-03-10,2369.204,2369.443,2295.045,2295.074,-3.87,1107937830.0,19335235000.0
4143,新能源车,2023-03-13,2266.682,2276.679,2233.965,2254.728,-1.76,929613440.0,13587357000.0
4144,新能源车,2023-03-14,2255.029,2265.7,2186.52,2241.501,-0.59,924255550.0,15124483000.0
4145,新能源车,2023-03-15,2254.049,2260.659,2246.941,2254.104,0.56,586063020.0,9666252900.0
4146,新能源车,2023-03-16,2246.544,2278.883,2227.173,2229.168,-1.11,633876900.0,9612835600.0
4147,新能源车,2023-03-17,2242.282,2256.937,2229.581,2235.88,0.3,615474060.0,10279052500.0
4148,新能源车,2023-03-20,2233.197,2234.412,2214.984,2219.797,-0.72,580453490.0,8393466800.0
4149,新能源车,2023-03-21,2229.013,2266.682,2220.715,2265.668,2.07,738546480.0,10894091800.0
4150,新能源车,2023-03-22,2276.861,2295.136,2267.024,2277.6,0.53,649955740.0,11077219500.0
4151,新能源车,2023-03-23,2274.041,2286.867,2262.575,2274.021,-0.16,458292890.0,7339866100.0
4152,新能源车,2023-03-24,2278.463,2279.349,2257.553,2259.649,-0.63,655861260.0,8045780300.0
4153,新能源车,2023-03-27,2261.621,2267.858,2238.414,2250.823,-0.39,576850030.0,7795068400.0
4154,新能源车,2023-03-28,2254.894,2295.43,2254.759,2278.638,1.24,711296670.0,9609445000.0
4155,新能源车,2023-03-29,2280.649,2288.782,2248.929,2252.156,-1.16,642707410.0,10099467900.0
4156,新能源车,2023-03-30,2246.712,2268.715,2229.655,2262.962,0.48,634999210.0,11821845000.0
4157,新能源车,2023-03-31,2263.727,2292.697,2261.671,2281.181,0.81,635982210.0,11143255500.0
4158,新能源车,2023-04-03,2278.363,2278.363,2255.731,2269.867,-0.5,628778230.0,10564403300.0
4159,新能源车,2023-04-04,2269.052,2269.052,2231.063,2241.594,-1.25,674908070.0,10423737000.0
4160,新能源车,2023-04-06,2235.179,2235.179,2198.567,2203.411,-1.7,608979790.0,8162601300.0
4161,新能源车,2023-04-07,2203.62,2226.23,2197.19,2219.86,0.75,432735300.0,6192589200.0
4162,新能源车,2023-04-10,2223.28,2227.269,2194.133,2198.077,-0.98,533731770.0,7787477400.0
4163,新能源车,2023-04-11,2194.848,2207.021,2180.106,2207.021,0.41,544799280.0,7417426500.0
4164,新能源车,2023-04-12,2203.345,2208.041,2179.25,2185.654,-0.97,531501680.0,7961929400.0
4165,新能源车,2023-04-13,2185.662,2197.077,2165.199,2171.819,-0.63,575623640.0,7947951600.0
4166,新能源车,2023-04-14,2178.51,2239.23,2178.51,2218.537,2.15,799050520.0,11726490700.0
4167,新能源车,2023-04-17,2212.526,2246.212,2212.526,2243.596,1.13,702529930.0,10306303200.0
4168,新能源车,2023-04-18,2241.006,2254.494,2230.71,2239.068,-0.2,572433820.0,8549692900.0
4169,新能源车,2023-04-19,2238.991,2238.991,2201.037,2215.151,-1.07,638244130.0,8815349400.0
4170,新能源车,2023-04-20,2206.526,2206.526,2172.113,2179.168,-1.62,584333550.0,8042665600.0
4171,新能源车,2023-04-21,2173.619,2194.907,2131.879,2134.344,-2.06,658460040.0,8813883400.0
4172,新能源车,2023-04-24,2130.337,2167.189,2100.635,2134.055,-0.01,687736230.0,13477211000.0
4173,新能源车,2023-04-25,2124.142,2124.995,2054.047,2077.994,-2.63,626653770.0,10301508400.0
4174,新能源车,2023-04-26,2072.062,2136.649,2070.25,2129.614,2.48,606991510.0,9812399700.0
4175,新能源车,2023-04-27,2125.826,2151.202,2123.672,2136.209,0.31,576774530.0,11471229100.0
4176,新能源车,2023-04-28,2139.78,2169.332,2129.144,2164.281,1.31,737799030.0,11879097000.0
4177,新能源车,2023-05-04,2165.939,2200.876,2164.088,2190.9,1.23,706648620.0,9759916000.0
4178,新能源车,2023-05-05,2198.808,2201.095,2163.43,2174.871,-0.73,610797710.0,8604465000.0
4179,新能源车,2023-05-08,2194.023,2229.216,2186.221,2196.97,1.02,695775820.0,9703544700.0
4180,新能源车,2023-05-09,2198.286,2212.316,2178.952,2180.596,-0.75,715665000.0,9008874400.0
4181,新能源车,2023-05-10,2179.175,2297.825,2171.326,2295.953,5.29,1339197550.0,19911644000.0
4182,新能源车,2023-05-11,2297.783,2312.658,2261.338,2285.814,-0.44,1235254900.0,18268899000.0
4183,新能源车,2023-05-12,2263.689,2275.185,2228.338,2228.574,-2.5,786649110.0,10306209900.0
4184,新能源车,2023-05-15,2223.612,2249.033,2218.499,2248.407,0.89,628244850.0,9734048400.0
4185,新能源车,2023-05-16,2251.323,2251.323,2194.354,2198.654,-2.21,609987330.0,7793257300.0
4186,新能源车,2023-05-17,2198.503,2210.597,2183.78,2200.593,0.09,547106490.0,7101659700.0
4187,新能源车,2023-05-18,2203.928,2205.314,2174.24,2187.875,-0.58,573676130.0,7687387400.0
4188,新能源车,2023-05-19,2174.94,2177.758,2153.291,2162.981,-1.14,466083010.0,5685269500.0
4189,新能源车,2023-05-22,2173.571,2190.36,2149.134,2175.364,0.57,622269540.0,9119760300.0
4190,新能源车,2023-05-23,2173.851,2182.551,2148.248,2148.248,-1.25,518636250.0,7342447100.0
4191,新能源车,2023-05-24,2139.771,2159.645,2132.107,2137.604,-0.5,473068590.0,5850610400.0
4192,新能源车,2023-05-25,2129.46,2142.489,2100.49,2119.531,-0.85,578009080.0,8695296900.0
4193,新能源车,2023-05-26,2120.279,2153.169,2083.805,2148.75,1.38,786515040.0,11395291500.0
4194,新能源车,2023-05-29,2140.157,2141.51,2097.647,2099.536,-2.29,602951920.0,8521112300.0
4195,新能源车,2023-05-30,2095.171,2121.314,2086.67,2112.281,0.61,579065420.0,9606856600.0
4196,新能源车,2023-05-31,2102.426,2120.319,2093.24,2108.873,-0.16,517222340.0,7672897800.0
4197,新能源车,2023-06-01,2103.565,2158.686,2100.83,2136.721,1.32,816167590.0,8407025900.0
4198,新能源车,2023-06-02,2140.079,2175.62,2137.712,2166.873,1.41,744339940.0,9722725000.0
4199,新能源车,2023-06-05,2180.556,2183.417,2153.205,2168.962,0.1,705327850.0,8815279800.0
4200,新能源车,2023-06-06,2168.232,2175.755,2118.614,2122.237,-2.15,577030680.0,8216361500.0
4201,新能源车,2023-06-07,2127.336,2127.336,2089.827,2096.359,-1.22,542717610.0,7242153400.0
4202,新能源车,2023-06-08,2091.634,2100.304,2074.101,2086.922,-0.45,453227710.0,5460421100.0
4203,新能源车,2023-06-09,2117.282,2164.945,2117.282,2155.568,3.29,874676460.0,10983583100.0
4204,新能源车,2023-06-12,2149.306,2217.51,2140.325,2211.081,2.58,947593750.0,11544354800.0
4205,新能源车,2023-06-13,2217.631,2235.295,2206.87,2221.129,0.45,757313420.0,10340454400.0
4206,新能源车,2023-06-14,2221.496,2255.676,2213.317,2227.24,0.28,854083810.0,11875674000.0
4207,新能源车,2023-06-15,2221.158,2286.985,2219.652,2258.373,1.4,1040498970.0,18199664000.0
4208,新能源车,2023-06-16,2269.128,2287.241,2249.369,2252.385,-0.27,814852850.0,14219204000.0
4209,新能源车,2023-06-19,2252.233,2285.382,2249.546,2270.131,0.79,738736730.0,12445942600.0
4210,新能源车,2023-06-20,2271.853,2288.905,2246.476,2263.306,-0.3,714074580.0,12733592100.0
4211,新能源车,2023-06-21,2259.045,2291.626,2248.877,2251.487,-0.52,669355530.0,11202538500.0
4212,新能源车,2023-06-26,2236.66,2331.84,2235.46,2250.073,-0.06,1139283840.0,17654808000.0
4213,新能源车,2023-06-27,2245.727,2279.084,2218.149,2274.893,1.1,816108580.0,12203337100.0
4214,新能源车,2023-06-28,2272.503,2306.259,2238.268,2277.586,0.12,776515230.0,11174813300.0
4215,新能源车,2023-06-29,2275.091,2287.661,2266.539,2268.476,-0.4,918571730.0,10214202700.0
4216,新能源车,2023-06-30,2264.199,2292.068,2251.379,2278.257,0.43,844225900.0,10304812100.0
4217,新能源车,2023-07-03,2291.434,2380.171,2291.434,2379.028,4.42,1534085500.0,21446048000.0
4218,新能源车,2023-07-04,2399.061,2452.159,2380.389,2431.091,2.19,1865347100.0,27667418000.0
4219,新能源车,2023-07-05,2445.199,2454.045,2403.067,2407.712,-0.96,1764609000.0,21279722000.0
4220,新能源车,2023-07-06,2401.288,2436.339,2380.07,2416.653,0.37,1171536360.0,16476114000.0
4221,新能源车,2023-07-07,2405.389,2440.986,2399.765,2400.014,-0.69,1383423500.0,15006161000.0
4222,新能源车,2023-07-10,2397.988,2430.161,2363.214,2367.558,-1.35,1057108000.0,12187004700.0
4223,新能源车,2023-07-11,2374.942,2468.846,2365.55,2465.226,4.13,1531695400.0,19764117000.0
4224,新能源车,2023-07-12,2472.407,2512.962,2451.257,2456.167,-0.37,2071280400.0,25964278000.0
4225,新能源车,2023-07-13,2426.351,2444.453,2400.9,2414.942,-1.68,1497424700.0,16572732000.0
4226,新能源车,2023-07-14,2407.384,2420.221,2371.923,2386.914,-1.16,1028805980.0,13271476000.0
4227,新能源车,2023-07-17,2378.151,2404.888,2351.633,2403.075,0.68,1172844970.0,13038411400.0
4228,新能源车,2023-07-18,2407.599,2487.498,2381.455,2463.999,2.54,1823026500.0,18558111000.0
4229,新能源车,2023-07-19,2442.906,2508.799,2434.721,2482.409,0.75,1546474900.0,14351039000.0
4230,新能源车,2023-07-20,2479.356,2517.623,2422.021,2422.511,-2.41,1620810800.0,16444184000.0
4231,新能源车,2023-07-21,2415.114,2430.074,2386.194,2393.659,-1.19,1127700130.0,11912864800.0
4232,新能源车,2023-07-24,2378.658,2390.716,2364.985,2369.037,-1.03,904651560.0,9742957600.0
4233,新能源车,2023-07-25,2405.826,2497.236,2405.826,2479.613,4.67,1855696600.0,24299392000.0
4234,新能源车,2023-07-26,2482.044,2484.395,2424.594,2429.708,-2.01,1388220900.0,16511369000.0
4235,新能源车,2023-07-27,2497.304,2518.269,2435.266,2436.872,0.29,1451116800.0,18482905000.0
4236,新能源车,2023-07-28,2418.417,2536.945,2396.104,2520.111,3.42,2146430200.0,27104219000.0
4237,新能源车,2023-07-31,2545.992,2646.801,2545.992,2614.615,3.75,2121719300.0,32730345000.0
4238,新能源车,2023-08-01,2601.469,2682.195,2583.292,2624.769,0.39,2328163700.0,26856761000.0
4239,新能源车,2023-08-02,2606.186,2698.451,2599.29,2630.425,0.22,2423840300.0,24058496000.0
4240,新能源车,2023-08-03,2617.708,2619.315,2575.544,2599.454,-1.18,1727756800.0,16707604000.0
4241,新能源车,2023-08-04,2610.589,2627.613,2579.669,2583.158,-0.63,1522081400.0,16396625000.0
4242,新能源车,2023-08-07,2565.765,2594.671,2555.831,2572.238,-0.42,1145487410.0,12203476600.0
4243,新能源车,2023-08-08,2562.865,2569.935,2514.364,2525.791,-1.81,1236893370.0,13512451000.0
4244,新能源车,2023-08-09,2515.207,2532.881,2494.504,2512.178,-0.54,1366392400.0,13600227000.0
4245,新能源车,2023-08-10,2497.643,2503.492,2466.963,2478.507,-1.34,933888710.0,9304249300.0
4246,新能源车,2023-08-11,2481.264,2485.979,2431.177,2432.642,-1.85,1030294270.0,12067213900.0
4247,新能源车,2023-08-14,2407.055,2407.129,2352.417,2391.164,-1.71,1152457590.0,17558539000.0
4248,新能源车,2023-08-15,2393.596,2402.826,2355.325,2376.709,-0.6,868879190.0,9976062400.0
4249,新能源车,2023-08-16,2361.417,2372.425,2340.86,2341.655,-1.47,809573710.0,9220875600.0
4250,新能源车,2023-08-17,2330.58,2383.714,2319.288,2370.783,1.24,991609450.0,11694380400.0
4251,新能源车,2023-08-18,2363.69,2375.09,2328.083,2328.083,-1.8,923770570.0,10088870700.0
4252,新能源车,2023-08-21,2321.97,2335.426,2294.349,2294.349,-1.45,696572310.0,9137587000.0
4253,新能源车,2023-08-22,2317.819,2328.038,2269.466,2309.555,0.66,818690760.0,9551278900.0
4254,新能源车,2023-08-23,2299.992,2299.992,2254.484,2254.484,-2.38,704779110.0,7635053100.0
4255,新能源车,2023-08-24,2260.062,2280.991,2234.909,2250.382,-0.18,784288580.0,9119338000.0
4256,新能源车,2023-08-25,2242.622,2242.622,2199.225,2208.994,-1.84,812394740.0,8056927900.0
4257,新能源车,2023-08-28,2319.936,2320.844,2239.19,2245.839,1.67,1109331730.0,14149386000.0
4258,新能源车,2023-08-29,2239.831,2327.512,2237.823,2317.442,3.19,1239826400.0,18050685000.0
4259,新能源车,2023-08-30,2321.596,2332.414,2294.85,2308.728,-0.38,1102344200.0,13963081000.0
4260,新能源车,2023-08-31,2298.288,2302.259,2266.509,2270.466,-1.66,1067100380.0,12999781200.0
4261,新能源车,2023-09-01,2276.555,2349.912,2276.555,2318.004,2.09,1384472500.0,14091886000.0
4262,新能源车,2023-09-04,2321.232,2390.776,2308.022,2378.214,2.6,1494516100.0,16024996000.0
4263,新能源车,2023-09-05,2370.422,2370.422,2342.538,2347.555,-1.29,980031200.0,12393578400.0
4264,新能源车,2023-09-06,2341.055,2377.05,2341.05,2362.26,0.63,875747100.0,11486454000.0
4265,新能源车,2023-09-07,2353.998,2353.998,2307.505,2312.709,-2.1,842971150.0,10225366600.0
4266,新能源车,2023-09-08,2303.638,2323.45,2300.458,2316.719,0.17,639943480.0,8579472900.0
4267,新能源车,2023-09-11,2324.976,2384.286,2313.702,2373.596,2.46,1018535250.0,13948788000.0
4268,新能源车,2023-09-12,2385.661,2399.603,2367.82,2378.5,0.21,848815270.0,12476057800.0
4269,新能源车,2023-09-13,2370.02,2372.876,2326.235,2339.125,-1.66,733593370.0,10326581700.0
4270,新能源车,2023-09-14,2325.606,2350.504,2302.013,2327.66,-0.49,851734290.0,12202959100.0
4271,新能源车,2023-09-15,2340.933,2340.933,2312.415,2321.417,-0.27,745198460.0,12033784600.0
4272,新能源车,2023-09-18,2316.766,2387.418,2313.729,2378.947,2.48,1080065050.0,15002452000.0
4273,新能源车,2023-09-19,2369.651,2371.353,2344.256,2354.109,-1.04,775540340.0,13613153000.0
4274,新能源车,2023-09-20,2345.247,2349.573,2318.386,2319.567,-1.47,609191590.0,9942276000.0
4275,新能源车,2023-09-21,2314.192,2331.044,2283.281,2286.773,-1.41,605049630.0,10667204300.0
4276,新能源车,2023-09-22,2285.8,2317.207,2279.272,2316.36,1.29,605780810.0,10634773000.0
4277,新能源车,2023-09-25,2323.945,2328.367,2299.5,2307.368,-0.39,595210870.0,10578672900.0
4278,新能源车,2023-09-26,2297.439,2323.552,2287.851,2287.851,-0.85,583486900.0,11750562600.0
4279,新能源车,2023-09-27,2285.849,2301.054,2274.124,2274.124,-0.6,589386790.0,9295623700.0
4280,新能源车,2023-09-28,2283.551,2330.257,2283.551,2317.204,1.89,962335310.0,14561286000.0
4281,新能源车,2023-10-09,2340.734,2372.309,2339.949,2356.886,1.71,1192283080.0,14899335000.0
4282,新能源车,2023-10-10,2365.301,2380.325,2333.024,2366.383,0.4,1173919670.0,16030095000.0
4283,新能源车,2023-10-11,2377.605,2377.84,2335.089,2338.176,-1.19,1016647260.0,22924540000.0
4284,新能源车,2023-10-12,2349.18,2429.907,2349.18,2415.724,3.32,1403351000.0,24400039000.0
4285,新能源车,2023-10-13,2402.843,2426.838,2396.756,2410.428,-0.22,1482655700.0,21555772000.0
4286,新能源车,2023-10-16,2416.055,2442.942,2402.177,2416.625,0.26,1390259200.0,22640515000.0
4287,新能源车,2023-10-17,2422.114,2432.176,2378.775,2398.373,-0.76,1365952700.0,19473685000.0
4288,新能源车,2023-10-18,2387.31,2465.345,2385.734,2438.426,1.67,1691762800.0,31483874000.0
4289,新能源车,2023-10-19,2411.58,2411.58,2350.4,2350.4,-3.61,1746091400.0,29536455000.0
4290,新能源车,2023-10-20,2335.285,2408.483,2335.218,2365.518,0.64,1218765690.0,19865918000.0
4291,新能源车,2023-10-23,2364.809,2395.632,2343.296,2354.205,-0.48,1362786200.0,21831249000.0
4292,新能源车,2023-10-24,2354.585,2368.39,2313.782,2346.43,-0.33,1466567800.0,22299118000.0
4293,新能源车,2023-10-25,2362.597,2445.292,2362.073,2432.048,3.65,1850374100.0,26108525000.0
4294,新能源车,2023-10-26,2427.315,2484.124,2419.514,2483.347,2.11,1866030100.0,24448829000.0
4295,新能源车,2023-10-27,2500.89,2582.251,2500.89,2553.544,2.83,2067443300.0,25948424000.0
4296,新能源车,2023-10-30,2571.068,2571.068,2488.718,2504.147,-1.93,2275954400.0,33882375000.0
4297,新能源车,2023-10-31,2501.743,2518.377,2428.812,2447.441,-2.26,1959647200.0,29785725000.0
4298,新能源车,2023-11-01,2439.572,2477.134,2418.654,2457.928,0.43,1557582900.0,23530968000.0
4299,新能源车,2023-11-02,2456.567,2518.354,2436.066,2483.175,1.03,1750697800.0,26653234000.0
4300,新能源车,2023-11-03,2468.128,2498.744,2448.95,2489.03,0.24,1408965200.0,23005729000.0
4301,新能源车,2023-11-06,2495.474,2531.122,2483.598,2531.122,1.69,1812802800.0,30091505000.0
4302,新能源车,2023-11-07,2518.324,2581.281,2515.139,2547.601,0.65,2098813300.0,34717960000.0
4303,新能源车,2023-11-08,2536.414,2569.323,2510.256,2559.149,0.45,2299721200.0,28658491000.0
4304,新能源车,2023-11-09,2538.287,2555.12,2511.048,2512.559,-1.82,2020261900.0,30264454000.0
4305,新能源车,2023-11-10,2506.805,2509.328,2447.214,2473.019,-1.57,1739621700.0,29711746000.0
4306,新能源车,2023-11-13,2477.5,2510.696,2473.624,2497.846,1.0,1522647300.0,19559310000.0
4307,新能源车,2023-11-14,2497.421,2554.17,2492.888,2553.484,2.23,1688307600.0,21383287000.0
4308,新能源车,2023-11-15,2569.355,2596.985,2548.499,2594.193,1.59,2020688500.0,29786892000.0
4309,新能源车,2023-11-16,2581.018,2593.097,2554.455,2554.455,-1.53,1679625100.0,21079560000.0
4310,新能源车,2023-11-17,2542.071,2600.582,2542.071,2599.772,1.77,1526399300.0,19303192000.0
4311,新能源车,2023-11-20,2602.45,2624.061,2585.871,2597.312,-0.09,1596974100.0,20800595000.0
4312,新能源车,2023-11-21,2594.397,2615.324,2570.538,2577.664,-0.76,1548910900.0,20019736000.0
4313,新能源车,2023-11-22,2562.859,2569.151,2518.9,2518.9,-2.28,1280900560.0,17672474000.0
4314,新能源车,2023-11-23,2520.052,2606.39,2520.052,2584.895,2.62,2221805300.0,32521327000.0
4315,新能源车,2023-11-24,2572.59,2582.471,2535.558,2541.842,-1.67,1703994000.0,28741073000.0
4316,新能源车,2023-11-27,2572.923,2593.879,2539.757,2588.288,1.83,1672923000.0,27992234000.0
4317,新能源车,2023-11-28,2581.252,2650.761,2547.965,2650.761,2.41,2901098800.0,45300475000.0
4318,新能源车,2023-11-29,2642.794,2642.794,2601.422,2610.232,-1.53,2414645700.0,36980465000.0
4319,新能源车,2023-11-30,2591.14,2617.258,2550.381,2573.762,-1.4,1739460500.0,27599847000.0
4320,新能源车,2023-12-01,2574.876,2574.876,2533.073,2560.724,-0.51,1637306400.0,27375060000.0
4321,新能源车,2023-12-04,2591.929,2605.94,2562.33,2562.779,0.08,1673134500.0,25370068000.0
4322,新能源车,2023-12-05,2567.065,2574.543,2519.803,2519.803,-1.68,1533150900.0,21291425000.0
4323,新能源车,2023-12-06,2512.006,2559.102,2506.066,2527.998,0.33,1337587960.0,20949065000.0
4324,新能源车,2023-12-07,2518.112,2518.21,2488.267,2504.837,-0.92,1408582000.0,22055464000.0
4325,新能源车,2023-12-08,2498.931,2501.564,2463.697,2463.697,-1.64,1347850600.0,18850465000.0
4326,新能源车,2023-12-11,2452.272,2487.35,2434.769,2486.936,0.94,1307056340.0,20015992000.0
4327,新能源车,2023-12-12,2483.204,2517.709,2470.597,2512.001,1.01,1034160570.0,17143455000.0
4328,新能源车,2023-12-13,2501.563,2514.881,2481.674,2481.674,-1.21,1001869590.0,15876626000.0
4329,新能源车,2023-12-14,2488.438,2497.326,2452.54,2454.956,-1.08,1024451400.0,16690936000.0
4330,新能源车,2023-12-15,2458.463,2475.416,2439.033,2446.619,-0.34,825923060.0,15413962000.0
4331,新能源车,2023-12-18,2438.908,2474.447,2424.769,2436.379,-0.42,869202300.0,16040693000.0
4332,新能源车,2023-12-19,2428.636,2430.826,2391.511,2410.737,-1.05,923597050.0,15352278000.0
4333,新能源车,2023-12-20,2411.161,2414.286,2344.214,2344.214,-2.76,837220350.0,15333225000.0
4334,新能源车,2023-12-21,2330.496,2360.343,2313.35,2352.535,0.35,820727890.0,13775685000.0
4335,新能源车,2023-12-22,2360.503,2363.186,2326.08,2334.95,-0.75,698622710.0,12791998800.0
4336,新能源车,2023-12-25,2337.466,2358.064,2322.018,2350.485,0.67,689462860.0,11771225200.0
4337,新能源车,2023-12-26,2351.006,2351.006,2300.05,2301.324,-2.09,642459540.0,9111679900.0
4338,新能源车,2023-12-27,2309.429,2331.497,2284.168,2299.704,-0.07,776201620.0,12646155100.0
4339,新能源车,2023-12-28,2287.676,2327.795,2277.0,2318.822,0.83,1037584980.0,17739828000.0
4340,新能源车,2023-12-29,2317.167,2349.224,2312.574,2339.322,0.88,1018190880.0,15660148000.0
4341,新能源车,2024-01-02,2341.325,2351.566,2316.201,2316.201,-0.99,896095180.0,15129000000.0
4342,新能源车,2024-01-03,2310.021,2327.506,2294.329,2310.318,-0.25,779633350.0,11848320500.0
4343,新能源车,2024-01-04,2307.848,2314.037,2286.177,2290.689,-0.85,704977050.0,11578640500.0
4344,新能源车,2024-01-05,2296.698,2317.1,2254.53,2263.943,-1.17,832093800.0,12499424600.0
4345,新能源车,2024-01-08,2264.415,2264.863,2228.767,2228.767,-1.55,776306340.0,11461143000.0
4346,新能源车,2024-01-09,2232.3,2255.367,2224.287,2242.721,0.63,660291060.0,10949719600.0
4347,新能源车,2024-01-10,2238.413,2251.647,2210.156,2234.611,-0.36,679822490.0,11869234100.0
4348,新能源车,2024-01-11,2231.316,2281.299,2225.777,2275.209,1.82,744509390.0,12632926500.0
4349,新能源车,2024-01-12,2272.413,2287.176,2253.639,2254.153,-0.93,540995360.0,8808561900.0
4350,新能源车,2024-01-15,2256.92,2266.821,2235.116,2255.261,0.05,670989340.0,8925575000.0
4351,新能源车,2024-01-16,2250.773,2265.133,2227.639,2255.427,0.01,987073670.0,13346360700.0
4352,新能源车,2024-01-17,2246.808,2246.808,2193.583,2193.583,-2.74,743195020.0,12269417000.0
4353,新能源车,2024-01-18,2175.033,2187.236,2124.745,2186.577,-0.32,877004920.0,12476860700.0
4354,新能源车,2024-01-19,2181.557,2191.566,2157.973,2158.771,-1.27,514172170.0,8029927800.0
4355,新能源车,2024-01-22,2171.772,2188.019,2088.745,2102.137,-2.62,822877160.0,11523711600.0
4356,新能源车,2024-01-23,2096.688,2120.136,2067.64,2112.453,0.49,887143710.0,11755443600.0
4357,新能源车,2024-01-24,2134.94,2148.083,2080.254,2147.921,1.68,980984190.0,11340228700.0
4358,新能源车,2024-01-25,2137.153,2212.904,2123.502,2211.077,2.94,1132697430.0,16179398000.0
4359,新能源车,2024-01-26,2201.716,2242.019,2200.459,2216.832,0.26,974920780.0,12061831400.0
4360,新能源车,2024-01-29,2202.2,2208.716,2136.237,2136.237,-3.64,807662910.0,11015747800.0
4361,新能源车,2024-01-30,2107.233,2136.713,2079.033,2081.211,-2.58,764147640.0,10427525400.0
4362,新能源车,2024-01-31,2056.291,2076.149,1987.891,1992.826,-4.25,849232310.0,10273403900.0
4363,新能源车,2024-02-01,1967.334,2006.068,1946.172,1960.557,-1.62,854465130.0,10991973100.0
4364,新能源车,2024-02-02,1955.29,1980.368,1834.925,1894.341,-3.38,987415450.0,12376183400.0
4365,新能源车,2024-02-05,1874.496,1874.496,1759.154,1791.768,-5.41,1174873080.0,14277700000.0
4366,新能源车,2024-02-06,1748.751,1883.045,1726.529,1849.9,3.24,1216227670.0,15207289000.0
4367,新能源车,2024-02-07,1856.537,1922.966,1841.257,1874.653,1.34,1496225400.0,18562177000.0
4368,新能源车,2024-02-08,1887.589,1946.054,1874.763,1945.477,3.78,1331891570.0,16954444000.0
4369,新能源车,2024-02-19,1965.554,1995.335,1960.491,1987.751,2.17,1137124600.0,15640327000.0
4370,新能源车,2024-02-20,1987.385,1997.229,1958.658,1993.07,0.27,1003534900.0,13300466200.0
4371,新能源车,2024-02-21,1983.949,2103.797,1973.742,2066.32,3.68,1420942400.0,18114166000.0
4372,新能源车,2024-02-22,2052.293,2096.341,2048.115,2096.341,1.45,1053266570.0,12789986700.0
4373,新能源车,2024-02-23,2097.336,2163.054,2092.37,2160.979,3.08,1380719200.0,19698391000.0
4374,新能源车,2024-02-26,2175.793,2242.741,2175.793,2218.549,2.66,1689485900.0,23879447000.0
4375,新能源车,2024-02-27,2220.972,2324.497,2218.118,2324.497,4.78,1648109500.0,26483834000.0
4376,新能源车,2024-02-28,2325.189,2328.034,2187.241,2187.241,-5.9,2125618600.0,28799454000.0
4377,新能源车,2024-02-29,2144.408,2313.999,2144.408,2313.999,5.8,1947931200.0,25315565000.0
4378,新能源车,2024-03-01,2337.89,2341.251,2292.69,2319.764,0.25,1789576100.0,23329077000.0
4379,新能源车,2024-03-04,2300.072,2307.303,2239.991,2267.782,-2.24,1360907200.0,19200972000.0
4380,新能源车,2024-03-05,2246.953,2359.999,2228.793,2337.753,3.09,2056314100.0,28217367000.0
4381,新能源车,2024-03-06,2314.767,2333.678,2288.971,2306.315,-1.34,1561600600.0,24482356000.0
4382,新能源车,2024-03-07,2302.383,2336.71,2276.77,2276.77,-1.28,1394513800.0,21872976000.0
4383,新能源车,2024-03-08,2273.243,2284.509,2254.395,2275.415,-0.06,989357530.0,15283280000.0
4384,新能源车,2024-03-11,2275.191,2337.23,2275.191,2337.23,2.72,1532206400.0,26853698000.0
4385,新能源车,2024-03-12,2355.82,2381.919,2331.031,2360.904,1.01,1897008300.0,29180667000.0
4386,新能源车,2024-03-13,2358.02,2433.091,2356.643,2388.15,1.15,2010698600.0,28513571000.0
4387,新能源车,2024-03-14,2392.235,2424.611,2350.166,2371.655,-0.69,1880864400.0,26332832000.0
4388,新能源车,2024-03-15,2355.473,2427.062,2352.243,2426.108,2.3,1885264900.0,27170562000.0
4389,新能源车,2024-03-18,2451.099,2519.811,2451.099,2518.91,3.83,2129197300.0,33046748000.0
4390,新能源车,2024-03-19,2524.764,2531.564,2492.981,2496.467,-0.89,1800449400.0,25885924000.0
4391,新能源车,2024-03-20,2505.444,2565.977,2505.444,2558.395,2.48,1793370100.0,23115379000.0
4392,新能源车,2024-03-21,2569.6,2603.711,2554.486,2582.597,0.95,1846788900.0,25185520000.0
4393,新能源车,2024-03-22,2571.772,2571.772,2533.622,2543.637,-1.51,1475778500.0,21509741000.0
4394,新能源车,2024-03-25,2515.315,2546.097,2486.8,2486.8,-2.23,1437938900.0,20339078000.0
4395,新能源车,2024-03-26,2475.276,2513.741,2464.463,2491.439,0.19,1408782900.0,22765613000.0
4396,新能源车,2024-03-27,2486.432,2487.016,2380.083,2380.083,-4.47,1589215200.0,24498426000.0
4397,新能源车,2024-03-28,2373.043,2450.271,2373.043,2423.07,1.81,1317535200.0,20755809000.0
4398,新能源车,2024-03-29,2422.027,2430.848,2400.577,2429.163,0.25,1061098780.0,17856383000.0
4399,新能源车,2024-04-01,2429.273,2518.776,2429.206,2507.845,3.24,1624763500.0,24359701000.0
4400,新能源车,2024-04-02,2511.673,2528.217,2469.247,2480.129,-1.11,1228190970.0,18350640000.0
4401,新能源车,2024-04-03,2472.693,2472.693,2420.997,2439.306,-1.65,1047497890.0,15001271000.0
4402,新能源车,2024-04-08,2447.329,2491.168,2445.848,2452.914,0.56,1182961290.0,19665721000.0
4403,新能源车,2024-04-09,2455.025,2462.296,2420.477,2440.915,-0.49,1040972070.0,14871496000.0
4404,新能源车,2024-04-10,2445.431,2448.034,2381.335,2411.699,-1.2,1139843130.0,14531887000.0
4405,新能源车,2024-04-11,2398.064,2502.334,2387.454,2465.755,2.24,1397066400.0,20915359000.0
4406,新能源车,2024-04-12,2461.323,2494.11,2444.361,2445.244,-0.83,1196816550.0,20998031000.0
4407,新能源车,2024-04-15,2409.463,2427.345,2353.427,2404.008,-1.69,1165723430.0,17016371000.0
4408,新能源车,2024-04-16,2368.75,2370.204,2291.097,2292.391,-4.64,1374627700.0,19230778000.0
4409,新能源车,2024-04-17,2295.238,2401.165,2295.238,2400.581,4.72,1278346780.0,18606232000.0
4410,新能源车,2024-04-18,2394.264,2460.454,2381.772,2423.7,0.96,1436549500.0,23631357000.0
4411,新能源车,2024-04-19,2409.367,2443.817,2397.408,2426.096,0.1,1137436720.0,18679208000.0
4412,新能源车,2024-04-22,2418.523,2446.408,2389.932,2407.146,-0.78,999809060.0,14572589000.0
4413,新能源车,2024-04-23,2401.902,2417.629,2376.776,2381.478,-1.07,913165250.0,14414917000.0
4414,新能源车,2024-04-24,2385.043,2399.087,2363.142,2386.928,0.23,926874120.0,14713113000.0
4415,新能源车,2024-04-25,2394.998,2423.516,2377.229,2380.467,-0.27,1246650210.0,17613817000.0
4416,新能源车,2024-04-26,2364.8,2454.659,2364.8,2453.976,3.09,1488574200.0,25941486000.0
4417,新能源车,2024-04-29,2448.662,2462.371,2406.007,2447.547,-0.26,1716563100.0,27061996000.0
4418,新能源车,2024-04-30,2458.022,2459.049,2386.212,2386.277,-2.5,1732741100.0,29513045000.0
4419,新能源车,2024-05-06,2406.728,2456.006,2406.728,2446.564,2.53,1436551300.0,24757798000.0
4420,新能源车,2024-05-07,2450.827,2455.462,2413.163,2425.863,-0.85,1532563700.0,23993931000.0
4421,新能源车,2024-05-08,2410.039,2410.039,2380.934,2387.09,-1.6,1216596200.0,17618164000.0
4422,新能源车,2024-05-09,2383.587,2418.631,2382.877,2411.145,1.01,941821630.0,13371424700.0
4423,新能源车,2024-05-10,2412.864,2412.969,2376.061,2393.79,-0.72,814047660.0,12252716900.0
4424,新能源车,2024-05-13,2376.207,2423.73,2356.91,2405.127,0.47,914608310.0,13326532500.0
4425,新能源车,2024-05-14,2408.464,2485.89,2408.464,2477.619,3.01,1243704070.0,16925461000.0
4426,新能源车,2024-05-15,2477.763,2477.763,2423.748,2427.386,-2.03,1134963500.0,16154603000.0
4427,新能源车,2024-05-16,2424.803,2433.588,2395.84,2404.463,-0.94,904562180.0,12771901700.0
4428,新能源车,2024-05-17,2396.419,2414.923,2383.873,2408.524,0.17,890881440.0,14025947000.0
4429,新能源车,2024-05-20,2401.514,2434.124,2399.107,2423.392,0.62,1162401520.0,14526485000.0
4430,新能源车,2024-05-21,2416.174,2473.768,2390.555,2450.091,1.1,1394018500.0,18401128000.0
4431,新能源车,2024-05-22,2426.995,2453.525,2421.75,2426.468,-0.96,1268533930.0,17640674000.0
4432,新能源车,2024-05-23,2417.416,2417.453,2362.175,2372.915,-2.21,1021447000.0,13669169000.0
4433,新能源车,2024-05-24,2364.935,2375.718,2348.936,2355.026,-0.75,767106350.0,11870519100.0
4434,新能源车,2024-05-27,2358.415,2388.485,2353.158,2383.147,1.19,830789340.0,12317698600.0
4435,新能源车,2024-05-28,2380.191,2380.191,2340.277,2350.185,-1.38,1061664350.0,13564191000.0
4436,新能源车,2024-05-29,2340.362,2358.898,2338.907,2347.725,-0.1,839482990.0,16586343000.0
4437,新能源车,2024-05-30,2348.696,2384.41,2348.696,2359.264,0.49,1001045520.0,16418891000.0
4438,新能源车,2024-05-31,2351.206,2384.49,2348.846,2349.531,-0.41,949532150.0,17354135000.0
4439,新能源车,2024-06-03,2353.118,2358.08,2298.196,2315.469,-1.45,1080274290.0,20584802000.0
4440,新能源车,2024-06-04,2304.634,2324.43,2296.215,2322.532,0.31,900637090.0,15339040000.0
4441,新能源车,2024-06-05,2325.303,2334.168,2297.23,2297.23,-1.09,731155800.0,13285566000.0
4442,新能源车,2024-06-06,2287.158,2298.306,2230.307,2235.248,-2.7,969647380.0,14538110000.0
4443,新能源车,2024-06-07,2246.625,2269.243,2226.933,2263.144,1.25,726175130.0,12089372300.0
4444,新能源车,2024-06-11,2249.947,2257.174,2229.074,2250.114,-0.58,649133010.0,12642600600.0
4445,新能源车,2024-06-12,2240.801,2274.901,2236.375,2270.704,0.92,648233990.0,11395779800.0
4446,新能源车,2024-06-13,2264.15,2274.885,2247.575,2251.163,-0.86,781875390.0,16571781000.0
4447,新能源车,2024-06-14,2244.611,2274.647,2235.804,2271.204,0.89,766268500.0,14329036000.0
4448,新能源车,2024-06-17,2263.312,2316.456,2260.816,2300.427,1.29,1000107350.0,21374240000.0
4449,新能源车,2024-06-18,2295.78,2356.366,2295.388,2356.366,2.43,1218830420.0,21556088000.0
4450,新能源车,2024-06-19,2353.803,2354.201,2332.47,2332.47,-1.01,942379020.0,16011372000.0
4451,新能源车,2024-06-20,2328.66,2340.019,2286.805,2329.518,-0.13,994407530.0,16550385000.0
4452,新能源车,2024-06-21,2317.059,2363.031,2313.475,2331.085,0.07,993865360.0,15899875000.0
4453,新能源车,2024-06-24,2323.833,2324.451,2253.68,2253.68,-3.32,1037153970.0,16706907000.0
4454,新能源车,2024-06-25,2251.781,2287.44,2213.594,2234.126,-0.87,1114971900.0,23548463000.0
4455,新能源车,2024-06-26,2219.787,2263.078,2201.199,2259.781,1.15,944996440.0,16156096000.0
4456,新能源车,2024-06-27,2247.022,2253.882,2208.64,2208.64,-2.26,780044560.0,11304973800.0
4457,新能源车,2024-06-28,2201.398,2279.192,2199.821,2246.569,1.72,1120736970.0,17589860000.0
4458,新能源车,2024-07-01,2250.502,2295.594,2233.507,2286.569,1.78,1183221310.0,17756892000.0
4459,新能源车,2024-07-02,2291.196,2299.325,2261.161,2268.221,-0.8,1114697800.0,16131174000.0
4460,新能源车,2024-07-03,2270.421,2283.868,2254.666,2257.614,-0.47,998470510.0,14975729000.0
4461,新能源车,2024-07-04,2266.627,2277.463,2214.21,2216.056,-1.84,1061688830.0,14183942000.0
4462,新能源车,2024-07-05,2212.397,2246.107,2185.436,2234.42,0.83,1170474550.0,16567631000.0
4463,新能源车,2024-07-08,2225.717,2241.807,2196.559,2199.97,-1.54,1177675230.0,16785594000.0
4464,新能源车,2024-07-09,2196.452,2251.75,2178.308,2251.51,2.34,1230446620.0,19078518000.0
4465,新能源车,2024-07-10,2263.186,2316.557,2260.815,2294.795,1.92,1559107000.0,25147722000.0
4466,新能源车,2024-07-11,2318.287,2356.197,2317.214,2342.087,2.06,1825912100.0,26531497000.0
4467,新能源车,2024-07-12,2348.961,2394.379,2339.356,2383.994,1.79,1806904900.0,29057207000.0
4468,新能源车,2024-07-15,2390.105,2431.945,2355.531,2363.519,-0.86,1741966500.0,27452160000.0
4469,新能源车,2024-07-16,2357.51,2449.387,2357.51,2440.037,3.24,2006070800.0,27250211000.0
4470,新能源车,2024-07-17,2445.233,2445.233,2404.107,2420.757,-0.79,1743725200.0,25541949000.0
4471,新能源车,2024-07-18,2390.01,2439.521,2365.74,2428.587,0.32,1540363200.0,21221488000.0
4472,新能源车,2024-07-19,2417.197,2463.034,2391.682,2391.682,-1.52,1982027200.0,26813333000.0
4473,新能源车,2024-07-22,2379.86,2451.585,2379.86,2434.714,1.8,1875500600.0,26077388000.0
4474,新能源车,2024-07-23,2437.553,2497.941,2426.003,2446.352,0.48,2032163600.0,25506450000.0
4475,新能源车,2024-07-24,2424.279,2429.109,2342.478,2348.776,-3.99,1908422900.0,22881368000.0
4476,新能源车,2024-07-25,2338.471,2401.186,2323.934,2388.919,1.71,1544441200.0,18921472000.0
4477,新能源车,2024-07-26,2448.237,2493.04,2426.971,2490.053,4.23,2211229000.0,26074928000.0
4478,新能源车,2024-07-29,2498.893,2574.445,2498.893,2538.886,1.96,1979205700.0,23895200000.0
4479,新能源车,2024-07-30,2524.256,2532.752,2471.623,2517.605,-0.84,2020058600.0,24721863000.0
4480,新能源车,2024-07-31,2513.465,2596.875,2513.465,2581.364,2.53,2718007000.0,31099619000.0
4481,新能源车,2024-08-01,2577.294,2653.225,2557.843,2635.23,2.09,2653239000.0,27934505000.0
4482,新能源车,2024-08-02,2607.759,2627.387,2576.678,2582.877,-1.99,2387514500.0,27000969000.0
4483,新能源车,2024-08-05,2547.317,2569.329,2476.243,2476.603,-4.11,2170944400.0,24965291000.0
4484,新能源车,2024-08-06,2495.493,2505.74,2429.141,2448.306,-1.14,1888676000.0,18678118000.0
4485,新能源车,2024-08-07,2417.793,2489.648,2416.442,2462.345,0.57,1826745000.0,21418835000.0
4486,新能源车,2024-08-08,2431.89,2437.21,2398.838,2405.29,-2.32,1836416200.0,20419721000.0
4487,新能源车,2024-08-09,2411.847,2446.55,2395.828,2405.38,0.0,1577008900.0,17738725000.0
4488,新能源车,2024-08-12,2403.187,2403.412,2368.241,2380.134,-1.05,1285683970.0,15245873000.0
4489,新能源车,2024-08-13,2375.486,2412.478,2355.056,2412.478,1.36,1359665400.0,15097711000.0
4490,新能源车,2024-08-14,2406.141,2427.49,2395.953,2402.571,-0.41,1099647480.0,13060919800.0
4491,新能源车,2024-08-15,2397.054,2449.751,2378.853,2448.639,1.92,1384433900.0,19226899000.0
4492,新能源车,2024-08-16,2433.701,2462.271,2420.716,2420.836,-1.14,1286281220.0,20269494000.0
4493,新能源车,2024-08-19,2409.074,2444.679,2408.245,2410.312,-0.43,1172465280.0,17784583000.0
4494,新能源车,2024-08-20,2407.665,2408.443,2355.44,2363.982,-1.92,1401573200.0,18519577000.0
4495,新能源车,2024-08-21,2343.435,2354.069,2328.323,2344.978,-0.8,1048385160.0,14950432000.0
4496,新能源车,2024-08-22,2340.199,2348.325,2294.811,2297.394,-2.03,1051659950.0,15645745000.0
4497,新能源车,2024-08-23,2289.885,2341.529,2289.885,2329.771,1.41,1003725430.0,13435385000.0
4498,新能源车,2024-08-26,2334.915,2338.046,2304.357,2322.623,-0.31,1038801190.0,13805353000.0
4499,新能源车,2024-08-27,2314.962,2317.911,2281.976,2288.759,-1.46,987817490.0,12964734000.0
4500,新能源车,2024-08-28,2283.407,2295.18,2243.393,2248.595,-1.75,1023862640.0,14712939000.0
4501,新能源车,2024-08-29,2235.433,2278.148,2228.958,2265.841,0.77,817980150.0,10889250200.0
4502,新能源车,2024-08-30,2268.157,2359.807,2266.184,2331.15,2.88,1347301400.0,21420598000.0
4503,新能源车,2024-09-02,2327.016,2339.237,2280.193,2280.193,-2.19,1015346170.0,14265247000.0
4504,新能源车,2024-09-03,2280.705,2311.467,2273.157,2303.165,1.01,928746440.0,13147536000.0
4505,新能源车,2024-09-04,2291.304,2310.372,2277.693,2294.281,-0.39,889324900.0,11597711800.0
4506,新能源车,2024-09-05,2293.165,2341.261,2293.165,2332.128,1.65,1116811500.0,14741045000.0
4507,新能源车,2024-09-06,2339.517,2413.148,2339.517,2363.954,1.36,1563224200.0,19646899000.0
4508,新能源车,2024-09-09,2338.343,2338.343,2301.611,2310.836,-2.25,983213110.0,12423470400.0
4509,新能源车,2024-09-10,2300.782,2306.185,2267.645,2297.669,-0.57,708975840.0,9507426000.0
4510,新能源车,2024-09-11,2282.364,2317.069,2277.761,2298.161,0.02,704012160.0,12364785900.0
4511,新能源车,2024-09-12,2292.856,2326.292,2288.864,2290.128,-0.35,743512140.0,10807923000.0
4512,新能源车,2024-09-13,2288.027,2295.042,2265.824,2270.98,-0.84,692213910.0,9208827400.0
4513,新能源车,2024-09-18,2268.727,2291.56,2250.273,2283.268,0.54,661696470.0,9885136700.0
4514,新能源车,2024-09-19,2291.0,2337.183,2277.938,2323.398,1.76,863750830.0,12081445900.0
4515,新能源车,2024-09-20,2321.466,2342.254,2299.108,2311.862,-0.5,730783440.0,10997780800.0
4516,新能源车,2024-09-23,2304.361,2328.971,2301.083,2316.093,0.18,724082360.0,12071541900.0
4517,新能源车,2024-09-24,2322.758,2367.604,2286.691,2366.945,2.2,1321735500.0,19336809000.0
4518,新能源车,2024-09-25,2383.172,2453.1,2383.172,2394.419,1.16,1609925500.0,23821645000.0
4519,新能源车,2024-09-26,2387.263,2475.839,2385.72,2475.839,3.4,1458963400.0,21086900000.0
4520,新能源车,2024-09-27,2508.74,2588.382,2508.74,2572.757,3.91,1570764300.0,25872897000.0
4521,新能源车,2024-09-30,2668.766,2796.546,2638.571,2785.774,8.28,2895771300.0,46713501000.0
4522,新能源车,2024-10-08,3045.829,3048.041,2753.362,2903.618,4.23,3860591700.0,65576624000.0
4523,新能源车,2024-10-09,2825.563,2827.006,2665.781,2680.87,-7.67,2647850200.0,45573394000.0
4524,新能源车,2024-10-10,2683.698,2771.028,2634.895,2711.34,1.14,1978917900.0,33725980000.0
4525,新能源车,2024-10-11,2701.452,2701.452,2594.778,2627.586,-3.09,1604430800.0,28629631000.0
4526,新能源车,2024-10-14,2621.829,2669.148,2592.944,2663.842,1.38,1403058900.0,25177110000.0
4527,新能源车,2024-10-15,2647.184,2669.15,2597.6,2597.6,-2.49,1290295150.0,21651311000.0
4528,新能源车,2024-10-16,2565.978,2608.965,2558.999,2590.29,-0.28,1105482210.0,20252440000.0
4529,新能源车,2024-10-17,2604.466,2628.781,2577.383,2587.049,-0.13,1290034830.0,21782200000.0
4530,新能源车,2024-10-18,2582.634,2699.171,2563.25,2662.406,2.91,1911883700.0,32525700000.0
4531,新能源车,2024-10-21,2665.28,2673.671,2629.735,2648.073,-0.54,1682805200.0,29841847000.0
4532,新能源车,2024-10-22,2653.232,2740.171,2647.078,2727.928,3.02,2026409500.0,30767288000.0
4533,新能源车,2024-10-23,2741.606,2819.208,2717.074,2791.391,2.33,2430331000.0,36320253000.0
4534,新能源车,2024-10-24,2799.795,2799.795,2739.79,2754.646,-1.32,2108665800.0,28816399000.0
4535,新能源车,2024-10-25,2759.806,2808.822,2759.806,2789.777,1.28,1793958500.0,25732929000.0
4536,新能源车,2024-10-28,2784.729,2867.913,2766.734,2867.241,2.78,2091296900.0,29987622000.0
4537,新能源车,2024-10-29,2890.238,2912.603,2859.926,2862.549,-0.16,2192033800.0,35754309000.0
4538,新能源车,2024-10-30,2842.066,2912.732,2832.395,2907.439,1.57,2304615500.0,33153956000.0
4539,新能源车,2024-10-31,2902.76,2972.14,2892.121,2956.435,1.69,2573185000.0,44725236000.0
4540,新能源车,2024-11-01,2958.318,2965.815,2853.759,2864.003,-3.13,2674084000.0,39132176000.0
4541,新能源车,2024-11-04,2871.285,2991.013,2871.285,2987.444,4.31,2327693100.0,40124802000.0
4542,新能源车,2024-11-05,3007.517,3085.036,2985.011,3068.491,2.71,3075766600.0,50652815000.0
4543,新能源车,2024-11-06,3080.695,3183.756,3076.24,3126.734,1.9,3868833200.0,60226904000.0
4544,新能源车,2024-11-07,3083.49,3162.767,3071.148,3162.767,1.15,3155300400.0,43703190000.0
4545,新能源车,2024-11-08,3181.849,3218.574,3130.462,3134.405,-0.9,2853586700.0,44416880000.0
4546,新能源车,2024-11-11,3147.061,3237.086,3138.649,3236.567,3.26,2905047700.0,50634786000.0
4547,新能源车,2024-11-12,3278.028,3307.209,3222.225,3251.23,0.45,3466232000.0,60028500000.0
4548,新能源车,2024-11-13,3231.185,3232.145,3146.978,3213.68,-1.15,2684181300.0,47887385000.0
4549,新能源车,2024-11-14,3201.126,3204.216,3100.353,3103.25,-3.44,2379171000.0,42777344000.0
4550,新能源车,2024-11-15,3086.191,3147.97,3064.072,3067.005,-1.17,2355438500.0,44649908000.0
4551,新能源车,2024-11-18,3097.897,3123.812,3016.704,3029.344,-1.23,2496199000.0,44127613000.0
4552,新能源车,2024-11-19,3020.534,3043.074,2956.191,3043.074,0.45,2064596300.0,37549072000.0
4553,新能源车,2024-11-20,3030.325,3088.145,3020.575,3080.071,1.22,1776917200.0,28583690000.0
4554,新能源车,2024-11-21,3065.753,3153.021,3063.581,3133.402,1.73,1850643300.0,29257241000.0
4555,新能源车,2024-11-22,3118.955,3123.705,2992.424,2995.065,-4.41,2075435700.0,32926281000.0
4556,新能源车,2024-11-25,3026.251,3064.436,2963.649,3042.55,1.59,1995027800.0,34239784000.0
4557,新能源车,2024-11-26,3019.301,3041.953,2978.075,2979.11,-2.09,1355746500.0,21993840000.0
4558,新能源车,2024-11-27,2962.809,2990.302,2904.57,2989.472,0.35,1608626600.0,28815729000.0
4559,新能源车,2024-11-28,2986.815,2999.3,2952.008,2956.696,-1.1,1414987100.0,26102080000.0
4560,新能源车,2024-11-29,2969.389,3026.994,2965.376,3007.325,1.71,1528998000.0,28167384000.0
4561,新能源车,2024-12-02,3051.133,3154.257,3045.199,3150.4,4.76,2102123700.0,33690358000.0
4562,新能源车,2024-12-03,3185.964,3186.238,3129.756,3154.662,0.14,2053999500.0,34545808000.0
4563,新能源车,2024-12-04,3141.473,3161.433,3077.412,3087.761,-2.12,1686851500.0,26867340000.0
4564,新能源车,2024-12-05,3077.375,3119.645,3077.375,3119.445,1.03,1525275500.0,22264086000.0
4565,新能源车,2024-12-06,3115.362,3142.486,3087.511,3131.554,0.39,1749905000.0,22714600000.0
4566,新能源车,2024-12-09,3132.143,3205.747,3130.344,3170.183,1.23,1828975800.0,27589972000.0
4567,新能源车,2024-12-10,3244.124,3252.262,3158.461,3160.845,-0.29,2133374600.0,42549856000.0
4568,新能源车,2024-12-11,3144.269,3208.197,3142.774,3208.197,1.5,1996933800.0,30366291000.0
4569,新能源车,2024-12-12,3210.788,3227.828,3169.815,3225.281,0.53,1961512300.0,29351023000.0
4570,新能源车,2024-12-13,3198.659,3225.327,3171.384,3187.711,-1.16,2098958700.0,38707705000.0
4571,新能源车,2024-12-16,3174.05,3211.109,3152.671,3160.366,-0.86,1947128500.0,26124832000.0
4572,新能源车,2024-12-17,3155.038,3221.784,3155.038,3167.887,0.24,2134626700.0,26378132000.0
4573,新能源车,2024-12-18,3170.568,3211.798,3160.83,3183.649,0.5,1714998900.0,21754591000.0
4574,新能源车,2024-12-19,3141.265,3158.312,3113.711,3132.762,-1.6,1416918700.0,19150296000.0
4575,新能源车,2024-12-20,3123.812,3134.658,3100.434,3113.774,-0.61,1240895580.0,17639771000.0
4576,新能源车,2024-12-23,3106.06,3123.05,3035.132,3037.154,-2.46,1468883100.0,19766228000.0
4577,新能源车,2024-12-24,3040.404,3075.861,3030.148,3075.861,1.27,1140700500.0,19473869000.0
4578,新能源车,2024-12-25,3083.01,3083.163,3018.205,3033.075,-1.39,1099256440.0,16002456000.0
4579,新能源车,2024-12-26,3039.276,3112.122,3036.7,3102.454,2.29,1283935210.0,21956344000.0
4580,新能源车,2024-12-27,3103.019,3129.377,3082.548,3111.27,0.28,1250362140.0,20598049000.0
4581,新能源车,2024-12-30,3103.624,3107.32,3059.646,3090.456,-0.67,1179890260.0,18491214000.0
4582,新能源车,2024-12-31,3090.946,3098.036,3021.243,3027.466,-2.04,1241689970.0,19622213000.0
4583,新能源车,2025-01-02,3015.348,3020.863,2914.165,2931.502,-3.17,1306687310.0,22757100000.0
4584,新能源车,2025-01-03,2931.618,2941.165,2839.654,2840.398,-3.11,1248033390.0,18206077000.0
4585,新能源车,2025-01-06,2840.514,2879.276,2817.063,2844.816,0.16,1018940340.0,15981195000.0
4586,新能源车,2025-01-07,2851.151,2896.145,2837.324,2895.903,1.8,964601670.0,15670891000.0
4587,新能源车,2025-01-08,2874.95,2898.802,2806.176,2889.016,-0.24,1170699980.0,18267955000.0
4588,新能源车,2025-01-09,2870.78,2907.739,2866.983,2887.553,-0.05,902160410.0,14272858000.0
4589,新能源车,2025-01-10,2883.361,2897.064,2829.969,2829.969,-1.99,924287770.0,15738368000.0
4590,新能源车,2025-01-13,2804.89,2846.341,2801.024,2821.392,-0.3,894802650.0,16362057000.0
4591,新能源车,2025-01-14,2829.133,2966.922,2829.133,2966.129,5.13,1407593700.0,25728627000.0
4592,新能源车,2025-01-15,2956.751,2962.86,2926.751,2932.979,-1.12,992197060.0,17142280000.0
4593,新能源车,2025-01-16,2941.363,2993.158,2930.379,2954.718,0.74,1016711980.0,16505342000.0
4594,新能源车,2025-01-17,2940.675,2971.564,2921.761,2960.459,0.19,757703360.0,13239927700.0
4595,新能源车,2025-01-20,2984.259,3006.367,2981.73,2996.044,1.2,900599110.0,18080830000.0
4596,新能源车,2025-01-21,3003.759,3009.108,2961.371,2994.831,-0.04,803235870.0,16030445000.0
4597,新能源车,2025-01-22,2975.333,2979.482,2952.54,2968.088,-0.89,807846340.0,18666716000.0
4598,新能源车,2025-01-23,2992.1,3019.733,2933.094,2933.094,-1.18,956926020.0,17524492000.0
4599,新能源车,2025-01-24,2926.382,2967.9,2920.413,2963.774,1.05,841875690.0,14565253000.0
4600,新能源车,2025-01-27,2969.678,2992.374,2940.687,2940.687,-0.78,907853710.0,14760471000.0
4601,新能源车,2025-02-05,2954.115,2979.061,2932.431,2959.361,0.64,973297410.0,18734525000.0
4602,新能源车,2025-02-06,2951.357,3043.106,2927.614,3040.914,2.76,1339470030.0,29963446000.0
4603,新能源车,2025-02-07,3049.913,3136.626,3036.678,3121.665,2.66,1947780300.0,42984611000.0
4604,新能源车,2025-02-10,3168.836,3204.154,3155.122,3181.229,1.91,1835875200.0,34240202000.0
4605,新能源车,2025-02-11,3196.728,3200.788,3120.837,3133.571,-1.5,1701028100.0,35358185000.0
4606,新能源车,2025-02-12,3106.93,3146.315,3087.695,3146.315,0.41,1445267500.0,31434793000.0
4607,新能源车,2025-02-13,3156.798,3175.447,3122.564,3122.564,-0.75,1387927900.0,26006407000.0
4608,新能源车,2025-02-14,3119.497,3180.28,3119.497,3145.7,0.74,1434123300.0,26979603000.0
4609,新能源车,2025-02-17,3171.586,3174.402,3129.579,3146.626,0.03,1408316400.0,26373996000.0
4610,新能源车,2025-02-18,3142.827,3143.052,3058.83,3064.958,-2.6,1314924720.0,26100245000.0
4611,新能源车,2025-02-19,3064.927,3107.968,3064.927,3107.16,1.38,1012711720.0,20458585000.0
4612,新能源车,2025-02-20,3108.918,3115.075,3075.096,3096.837,-0.33,1037046080.0,22569182000.0
4613,新能源车,2025-02-21,3088.965,3090.233,3045.821,3077.203,-0.63,1321736390.0,29807424000.0
4614,新能源车,2025-02-24,3066.996,3104.939,3061.487,3082.388,0.17,1356375800.0,25743673000.0
4615,新能源车,2025-02-25,3050.783,3159.552,3043.198,3122.969,1.32,1697020400.0,26954181000.0
4616,新能源车,2025-02-26,3119.185,3156.137,3114.728,3143.967,0.67,1779370000.0,22841129000.0
4617,新能源车,2025-02-27,3152.235,3179.885,3129.889,3167.963,0.76,1769742600.0,24286007000.0
4618,新能源车,2025-02-28,3151.213,3155.051,3060.922,3066.515,-3.2,1442127600.0,25271674000.0
4619,新能源车,2025-03-03,3084.572,3133.854,3075.846,3092.641,0.85,1108809950.0,18785232000.0
4620,新能源车,2025-03-04,3069.802,3102.128,3060.347,3100.624,0.26,1319418470.0,19798323000.0
4621,新能源车,2025-03-05,3099.668,3120.125,3079.908,3111.585,0.35,1077601800.0,18221533000.0
4622,新能源车,2025-03-06,3121.425,3145.678,3118.323,3126.254,0.47,1173925020.0,23952820000.0
4623,新能源车,2025-03-07,3122.039,3145.683,3106.214,3120.072,-0.2,1152326870.0,18233788000.0
4624,新能源车,2025-03-10,3129.355,3141.331,3101.765,3117.994,-0.07,1064234900.0,15940171000.0
4625,新能源车,2025-03-11,3082.119,3115.716,3075.688,3115.716,-0.07,935669410.0,14934509000.0
4626,新能源车,2025-03-12,3142.474,3171.49,3136.493,3136.493,0.67,1087623170.0,18309158000.0
4627,新能源车,2025-03-13,3132.801,3134.209,3064.845,3089.895,-1.49,975449130.0,15531466000.0
4628,新能源车,2025-03-14,3091.722,3156.575,3088.62,3155.742,2.13,1104582070.0,22204578000.0
4629,新能源车,2025-03-17,3169.14,3181.166,3156.835,3167.22,0.36,963799540.0,15184682000.0
4630,新能源车,2025-03-18,3173.678,3174.639,3148.43,3169.491,0.07,839525270.0,16820552000.0
4631,新能源车,2025-03-19,3176.263,3212.179,3171.391,3182.17,0.4,1211521350.0,18968880000.0
4632,新能源车,2025-03-20,3175.971,3218.763,3162.56,3190.723,0.27,1157280730.0,18446385000.0
4633,新能源车,2025-03-21,3184.992,3188.563,3096.038,3111.876,-2.47,1282224870.0,25705331000.0
4634,新能源车,2025-03-24,3105.88,3107.799,3035.423,3078.491,-1.07,1040744030.0,16287170000.0
4635,新能源车,2025-03-25,3077.79,3093.337,3066.201,3073.279,-0.17,773700290.0,14197454000.0
4636,新能源车,2025-03-26,3066.014,3129.01,3065.377,3118.932,1.49,936177770.0,16302137000.0
4637,新能源车,2025-03-27,3106.606,3142.816,3101.024,3113.134,-0.19,873563060.0,18356692000.0
4638,新能源车,2025-03-28,3111.395,3152.684,3109.281,3123.147,0.32,1021470250.0,16785028000.0
4639,新能源车,2025-03-31,3163.115,3185.373,3111.308,3131.475,0.27,1314217700.0,20523824000.0
4640,新能源车,2025-04-01,3110.086,3168.064,3109.426,3126.954,-0.14,1195959800.0,20584401000.0
4641,新能源车,2025-04-02,3122.423,3146.542,3088.611,3132.504,0.18,1010857160.0,15380068000.0
4642,新能源车,2025-04-03,3095.658,3122.662,3074.268,3084.126,-1.54,828125670.0,13230613700.0
4643,新能源车,2025-04-07,2897.719,2911.294,2786.333,2805.944,-9.02,1233630610.0,25756221000.0
4644,新能源车,2025-04-08,2749.531,2807.21,2715.168,2771.314,-1.23,1472034700.0,27389709000.0
4645,新能源车,2025-04-09,2714.058,2809.713,2618.509,2799.119,1.0,1326543350.0,22411018000.0
4646,新能源车,2025-04-10,2849.112,2908.057,2848.41,2869.703,2.52,1156622500.0,20703065000.0
4647,新能源车,2025-04-11,2855.755,2919.653,2854.012,2904.387,1.21,849971300.0,16703416000.0
4648,新能源车,2025-04-14,2956.883,3022.718,2956.883,3001.801,3.35,1209743760.0,22180712000.0
4649,新能源车,2025-04-15,3010.241,3010.241,2967.327,2983.72,-0.6,763101890.0,14193916000.0
4650,新能源车,2025-04-16,2992.289,2993.101,2928.321,2962.129,-0.72,765179090.0,15968175000.0
4651,新能源车,2025-04-17,2946.666,2955.55,2928.967,2941.674,-0.69,818757180.0,14322235000.0
4652,新能源车,2025-04-18,2931.909,2943.538,2913.283,2938.155,-0.12,563019210.0,9277684500.0
4653,新能源车,2025-04-21,2929.37,2963.959,2927.73,2960.594,0.76,679715620.0,10806161700.0
4654,新能源车,2025-04-22,2953.697,3001.111,2953.697,2982.963,0.76,754182120.0,11874047200.0
4655,新能源车,2025-04-23,3007.074,3029.591,2991.0,3022.72,1.33,1049048090.0,19385749000.0
4656,新能源车,2025-04-24,3017.169,3036.786,2994.524,2999.982,-0.75,868064940.0,14156210000.0
4657,新能源车,2025-04-25,3006.504,3035.161,2990.309,3019.801,0.66,864029510.0,13593864000.0
4658,新能源车,2025-04-28,3001.035,3001.035,2946.483,2965.129,-1.81,1116569520.0,16789066000.0
4659,新能源车,2025-04-29,2959.866,2965.725,2936.086,2953.767,-0.38,951163300.0,12898000700.0
4660,新能源车,2025-04-30,2954.301,2986.728,2949.806,2973.592,0.67,1014391340.0,16942881000.0
4661,新能源车,2025-05-06,2992.481,3030.645,2992.481,3030.645,1.92,897155000.0,15393841000.0
4662,新能源车,2025-05-07,3070.652,3076.075,3026.299,3047.354,0.55,994780580.0,14563145000.0
4663,新能源车,2025-05-08,3040.238,3073.293,3039.284,3063.94,0.54,837675570.0,12046007900.0
4664,新能源车,2025-05-09,3067.207,3068.65,3015.601,3028.232,-1.17,735389930.0,12881873300.0
4665,新能源车,2025-05-12,3052.054,3067.052,3042.999,3066.731,1.27,772007250.0,14586416000.0
4666,新能源车,2025-05-13,3094.366,3095.38,3057.703,3061.641,-0.17,739376570.0,13334329800.0
4667,新能源车,2025-05-14,3062.93,3072.344,3037.541,3059.65,-0.07,665971480.0,13908752000.0
4668,新能源车,2025-05-15,3060.729,3060.729,3011.457,3015.113,-1.46,706314630.0,16051256000.0
4669,新能源车,2025-05-16,3011.812,3063.448,3009.486,3052.496,1.24,746715890.0,16789428000.0
4670,新能源车,2025-05-19,3054.725,3062.466,3026.713,3059.622,0.23,690444090.0,13508141000.0
4671,新能源车,2025-05-20,3067.659,3105.924,3055.393,3104.909,1.48,1017412660.0,17981575000.0
4672,新能源车,2025-05-21,3097.812,3152.023,3090.623,3142.311,1.2,1162080970.0,26314700000.0
4673,新能源车,2025-05-22,3135.224,3159.059,3118.094,3121.113,-0.67,1075319070.0,22051792000.0
4674,新能源车,2025-05-23,3117.257,3208.986,3117.257,3127.891,0.22,1480595400.0,36041420000.0
4675,新能源车,2025-05-26,3108.909,3127.157,3073.586,3087.383,-1.3,1102305360.0,30023330000.0
4676,新能源车,2025-05-27,3083.604,3114.053,3064.815,3076.511,-0.35,901576860.0,20457197000.0
4677,新能源车,2025-05-28,3093.191,3129.185,3062.813,3071.451,-0.16,1038996550.0,20863104000.0
4678,新能源车,2025-05-29,3068.396,3184.379,3068.396,3169.347,3.19,1413416100.0,23555248000.0
4679,新能源车,2025-05-30,3155.37,3155.37,3091.588,3094.696,-2.36,1133229580.0,20247442000.0
4680,新能源车,2025-06-03,3078.466,3078.466,3042.935,3055.882,-1.25,1184709110.0,22173768000.0
4681,新能源车,2025-06-04,3066.73,3073.248,3051.878,3059.569,0.12,813189950.0,14955543000.0
4682,新能源车,2025-06-05,3060.324,3060.929,3031.515,3041.453,-0.59,1047485710.0,15698294000.0
4683,新能源车,2025-06-06,3043.047,3043.047,3015.151,3026.565,-0.49,796954100.0,13164679900.0
4684,新能源车,2025-06-09,3030.151,3073.205,3028.907,3065.416,1.28,1293846260.0,22915680000.0
4685,新能源车,2025-06-10,3066.697,3079.644,3005.804,3031.227,-1.12,1115566460.0,20468834000.0
4686,新能源车,2025-06-11,3036.676,3087.715,3036.676,3071.518,1.33,1020296130.0,23697169000.0
4687,新能源车,2025-06-12,3066.879,3100.749,3052.642,3089.254,0.58,1038734610.0,21326610000.0
4688,新能源车,2025-06-13,3071.12,3071.12,3016.149,3028.069,-1.98,1148482980.0,23811791000.0
4689,新能源车,2025-06-16,3012.217,3016.428,3003.351,3016.093,-0.4,662306450.0,14042251000.0
4690,新能源车,2025-06-17,3018.61,3019.213,2998.639,3015.364,-0.02,665618610.0,11937870400.0
4691,新能源车,2025-06-18,3010.715,3010.715,2988.786,2999.174,-0.54,586778840.0,11918775700.0
4692,新能源车,2025-06-19,2996.111,2998.645,2949.257,2953.965,-1.51,643977260.0,11953639400.0
4693,新能源车,2025-06-20,2950.765,2961.557,2942.259,2947.266,-0.23,499523700.0,8811128100.0
4694,新能源车,2025-06-23,2926.007,2978.705,2914.921,2975.624,0.96,537451220.0,10175870600.0
4695,新能源车,2025-06-24,3012.001,3042.184,3012.001,3034.418,1.98,873538030.0,16110948000.0
4696,新能源车,2025-06-25,3038.539,3069.396,3035.864,3067.192,1.08,1029724680.0,16633118000.0
4697,新能源车,2025-06-26,3055.882,3056.738,3029.547,3030.5,-1.2,864037070.0,18185327000.0
4698,新能源车,2025-06-27,3038.531,3065.039,3038.531,3061.957,1.04,914517410.0,14898667000.0
4699,新能源车,2025-06-30,3056.086,3061.523,3048.053,3057.882,-0.13,767806240.0,13090507200.0
4700,新能源车,2025-07-01,3062.346,3089.227,3053.271,3066.62,0.29,830813660.0,14655204000.0
4701,新能源车,2025-07-02,3065.607,3071.941,3048.116,3063.524,-0.1,754268870.0,12661173400.0
4702,新能源车,2025-07-03,3063.787,3092.262,3063.787,3086.778,0.76,665163090.0,12271457200.0
4703,新能源车,2025-07-04,3080.061,3092.574,3070.673,3071.347,-0.5,807755460.0,13661350000.0
4704,新能源车,2025-07-07,3068.543,3092.971,3061.903,3087.034,0.51,682631820.0,13269462600.0
4705,新能源车,2025-07-08,3082.549,3105.767,3080.621,3105.669,0.6,794485750.0,15532092000.0
4706,新能源车,2025-07-09,3104.86,3107.873,3080.204,3083.589,-0.71,839566790.0,14579106000.0
4707,新能源车,2025-07-10,3078.181,3093.557,3064.787,3090.714,0.23,876177540.0,15878461000.0
4708,新能源车,2025-07-11,3083.639,3089.343,3071.889,3079.195,-0.37,915209180.0,20630105000.0
4709,新能源车,2025-07-14,3077.79,3077.79,3060.193,3067.764,-0.37,713435300.0,15928071000.0
4710,新能源车,2025-07-15,3062.919,3091.806,3051.74,3073.769,0.2,1044981080.0,17628461000.0
4711,新能源车,2025-07-16,3076.798,3103.539,3071.066,3096.448,0.74,907625850.0,15408606000.0
4712,新能源车,2025-07-17,3098.587,3132.609,3091.783,3129.603,1.07,1009962230.0,21250966000.0
4713,新能源车,2025-07-18,3135.185,3141.094,3117.2,3130.6,0.03,869824400.0,16856267000.0
4714,新能源车,2025-07-21,3136.148,3167.129,3133.584,3166.006,1.13,973846450.0,17184713000.0
4715,新能源车,2025-07-22,3163.162,3185.42,3150.119,3177.917,0.38,1079189370.0,19775054000.0
4716,新能源车,2025-07-23,3178.296,3191.248,3150.595,3152.583,-0.8,1119871750.0,18985383000.0
4717,新能源车,2025-07-24,3154.574,3185.699,3154.197,3183.753,0.99,1054673180.0,19640740000.0
4718,新能源车,2025-07-25,3181.962,3200.819,3170.369,3180.164,-0.11,1047883510.0,20266026000.0
4719,新能源车,2025-07-28,3186.066,3187.179,3160.83,3173.155,-0.22,969485860.0,18092053000.0
4720,新能源车,2025-07-29,3176.979,3176.979,3140.845,3164.616,-0.27,975466210.0,17358788000.0
4721,新能源车,2025-07-30,3157.984,3173.165,3130.932,3149.901,-0.46,991890440.0,19215965000.0
4722,新能源车,2025-07-31,3141.082,3146.209,3081.956,3088.952,-1.93,1015430100.0,19600623000.0
4723,新能源车,2025-08-01,3091.19,3128.002,3091.032,3122.404,1.08,1125037760.0,17385173000.0
4724,新能源车,2025-08-04,3106.899,3128.318,3091.384,3128.297,0.19,1048915410.0,17419108000.0
4725,新能源车,2025-08-05,3130.016,3170.66,3129.309,3170.66,1.35,1444018900.0,16797379000.0
4726,新能源车,2025-08-06,3170.424,3183.185,3152.836,3181.935,0.36,1437723400.0,16333952000.0
4727,新能源车,2025-08-07,3182.597,3190.322,3165.759,3181.957,0.0,1217982190.0,15751541000.0
4728,新能源车,2025-08-08,3177.115,3182.112,3163.509,3174.163,-0.24,1018834160.0,13506764000.0
4729,新能源车,2025-08-11,3177.919,3214.232,3176.558,3205.782,1.0,1122777000.0,15468179000.0
4730,新能源车,2025-08-12,3204.22,3225.349,3200.272,3218.181,0.39,1124830470.0,17363860000.0
4731,新能源车,2025-08-13,3218.662,3233.467,3209.598,3229.907,0.36,1154572180.0,17516670000.0
4732,新能源车,2025-08-14,3231.047,3231.073,3165.128,3165.128,-2.01,1360569400.0,17480977000.0
4733,新能源车,2025-08-15,3158.738,3224.624,3158.738,3220.565,1.75,1232780170.0,18489398000.0
4734,新能源车,2025-08-18,3228.401,3272.275,3225.25,3254.564,1.06,1646166300.0,27264125000.0
4735,新能源车,2025-08-19,3255.302,3262.631,3230.145,3251.809,-0.08,1231907820.0,22340142000.0
4736,新能源车,2025-08-20,3247.711,3333.57,3235.796,3333.57,2.51,1672042600.0,28297884000.0
4737,新能源车,2025-08-21,3327.655,3342.077,3306.003,3319.935,-0.41,1466514600.0,25846890000.0
4738,新能源车,2025-08-22,3324.106,3367.579,3311.367,3364.374,1.34,1548936200.0,29808074000.0
4739,新能源车,2025-08-25,3374.83,3379.694,3334.853,3368.241,0.11,1892612000.0,34147385000.0
4740,新能源车,2025-08-26,3360.75,3404.1,3339.043,3391.118,0.68,1661254200.0,30712651000.0
4741,新能源车,2025-08-27,3388.048,3419.576,3303.053,3303.664,-2.58,1807862400.0,33788796000.0
4742,新能源车,2025-08-28,3294.26,3336.865,3232.479,3318.67,0.45,1881889700.0,28351967000.0
4743,新能源车,2025-08-29,3308.879,3379.815,3298.9,3340.464,0.66,1664542100.0,39312273000.0
4744,新能源车,2025-09-01,3343.738,3384.265,3336.986,3383.436,1.29,1747755300.0,38187988000.0
4745,新能源车,2025-09-02,3379.15,3394.989,3351.015,3376.83,-0.2,1752070800.0,31570920000.0
4746,新能源车,2025-09-03,3390.153,3403.866,3321.32,3333.55,-1.28,1448155700.0,28728576000.0
4747,新能源车,2025-09-04,3331.175,3348.029,3253.768,3300.55,-0.99,1498219200.0,30411941000.0
4748,新能源车,2025-09-05,3300.528,3345.95,3295.09,3344.924,1.34,1254230140.0,30698610000.0
4749,新能源车,2025-09-08,3351.593,3379.291,3325.373,3368.917,0.72,1395314800.0,25488422000.0
4750,新能源车,2025-09-09,3365.742,3418.162,3361.789,3389.498,0.61,1461585600.0,24474175000.0
4751,新能源车,2025-09-10,3383.322,3418.681,3378.638,3381.635,-0.23,1631404900.0,21101346000.0
4752,新能源车,2025-09-11,3376.88,3402.201,3346.113,3402.201,0.61,1419737300.0,22954746000.0
4753,新能源车,2025-09-12,3401.948,3430.344,3384.269,3387.643,-0.43,1569580700.0,22491026000.0
4754,新能源车,2025-09-15,3400.189,3456.519,3400.189,3436.755,1.45,1721992600.0,34984994000.0
4755,新能源车,2025-09-16,3438.01,3438.01,3395.987,3431.321,-0.16,1727054800.0,25347081000.0
4756,新能源车,2025-09-17,3427.574,3447.771,3413.408,3433.438,0.06,1442815900.0,28467878000.0
4757,新能源车,2025-09-18,3434.442,3468.719,3368.283,3401.087,-0.94,1822391700.0,37495814000.0
4758,新能源车,2025-09-19,3398.719,3399.228,3349.652,3372.573,-0.84,1577134600.0,24555879000.0
4759,新能源车,2025-09-22,3373.413,3390.974,3357.743,3385.99,0.4,1519295800.0,25628939000.0
4760,新能源车,2025-09-23,3379.57,3379.57,3304.483,3363.487,-0.66,1562113500.0,27481079000.0
4761,新能源车,2025-09-24,3347.557,3387.01,3332.555,3385.31,0.65,1373590800.0,25401181000.0
4762,新能源车,2025-09-25,3383.59,3387.432,3348.594,3360.962,-0.72,1367092900.0,30716169000.0
4763,新能源车,2025-09-26,3359.659,3435.041,3353.789,3360.844,0.0,1598376400.0,39691344000.0
4764,新能源车,2025-09-29,3368.285,3394.402,3332.641,3389.682,0.86,1378732100.0,28509444000.0
4765,新能源车,2025-09-30,3400.988,3450.515,3398.995,3441.078,1.52,1709522900.0,31079906000.0
4766,新能源车,2025-10-09,3454.179,3455.04,3416.278,3442.723,0.05,1712611600.0,39664824000.0
4767,新能源车,2025-10-10,3445.04,3497.182,3444.622,3470.046,0.79,1472861800.0,31137231000.0
4768,新能源车,2025-10-13,3360.695,3451.925,3360.695,3440.023,-0.87,1703918200.0,30436823000.0
4769,新能源车,2025-10-14,3464.564,3521.712,3416.182,3424.145,-0.46,2244811000.0,30642928000.0
4770,新能源车,2025-10-15,3435.889,3543.104,3435.889,3542.715,3.46,2039409500.0,26958278000.0
4771,新能源车,2025-10-16,3544.998,3576.461,3516.679,3540.56,-0.06,2233881400.0,31325120000.0
4772,新能源车,2025-10-17,3527.002,3533.298,3407.762,3409.634,-3.7,2004234700.0,29144917000.0
4773,新能源车,2025-10-20,3440.41,3442.726,3402.224,3417.673,0.24,1350095100.0,18195743000.0
4774,新能源车,2025-10-21,3416.768,3459.301,3404.662,3458.93,1.21,1359497100.0,17162731000.0
4775,新能源车,2025-10-22,3442.883,3449.581,3415.181,3425.258,-0.97,1381282100.0,15930989000.0
4776,新能源车,2025-10-23,3418.178,3450.353,3397.117,3445.077,0.58,1242894380.0,17143146000.0
4777,新能源车,2025-10-24,3448.158,3476.155,3447.622,3465.125,0.58,1258061780.0,17504149000.0
4778,新能源车,2025-10-27,3479.091,3498.399,3471.978,3488.634,0.68,1249492860.0,20676420000.0
4779,新能源车,2025-10-28,3476.833,3498.977,3465.507,3477.434,-0.32,1307211000.0,18417471000.0
4780,新能源车,2025-10-29,3475.657,3477.722,3445.291,3475.912,-0.04,1316463990.0,19717765000.0
4781,新能源车,2025-10-30,3469.876,3488.295,3448.605,3469.161,-0.19,1279819580.0,20321137000.0
4782,新能源车,2025-10-31,3472.819,3532.42,3472.53,3502.821,0.97,1565752400.0,25719007000.0
4783,新能源车,2025-11-03,3523.054,3534.47,3494.18,3522.813,0.57,1339872150.0,20589587000.0
4784,新能源车,2025-11-04,3529.527,3543.134,3494.407,3514.275,-0.24,1208586150.0,18500727000.0
4785,新能源车,2025-11-05,3496.731,3538.941,3486.322,3526.776,0.36,957003070.0,19982060000.0
4786,新能源车,2025-11-06,3542.647,3545.641,3510.486,3535.086,0.24,1630163400.0,24981530000.0
4787,新能源车,2025-11-07,3544.638,3551.143,3526.462,3528.382,-0.19,1248031690.0,20242170000.0
4788,新能源车,2025-11-10,3538.551,3546.563,3523.973,3531.756,0.1,1522857600.0,24095258000.0
4789,新能源车,2025-11-11,3523.83,3532.852,3498.111,3503.772,-0.79,1418638300.0,21391083000.0
4790,新能源车,2025-11-12,3496.092,3496.092,3462.68,3470.86,-0.94,1262867840.0,20236653000.0
4791,新能源车,2025-11-13,3468.35,3545.445,3463.76,3544.524,2.12,1287786800.0,19655519000.0
4792,新能源车,2025-11-14,3535.173,3573.692,3533.415,3543.181,-0.04,1398891600.0,17961797000.0
4793,新能源车,2025-11-17,3544.284,3556.315,3521.138,3543.683,0.01,1411242100.0,19108716000.0
4794,新能源车,2025-11-18,3543.82,3561.037,3481.485,3497.119,-1.31,1524918700.0,19722021000.0
4795,新能源车,2025-11-19,3486.274,3504.968,3451.053,3463.506,-0.96,1161686820.0,17390136000.0
4796,新能源车,2025-11-20,3463.516,3467.23,3418.512,3421.24,-1.22,1185596650.0,17793627000.0
4797,新能源车,2025-11-21,3389.73,3403.511,3316.722,3316.722,-3.05,1217126990.0,18592888000.0
4798,新能源车,2025-11-24,3345.437,3375.423,3319.666,3353.713,1.12,1116996010.0,16382503000.0
4799,新能源车,2025-11-25,3381.16,3382.592,3359.106,3361.691,0.24,1270874800.0,16747345000.0
4800,新能源车,2025-11-26,3363.582,3378.645,3342.568,3348.079,-0.4,997416160.0,13392387500.0
4801,新能源车,2025-11-27,3343.722,3366.623,3335.672,3337.565,-0.31,1044743600.0,13092258200.0
4802,新能源车,2025-11-28,3345.337,3408.716,3332.191,3408.514,2.13,1222091880.0,15141789000.0
4803,新能源车,2025-12-01,3410.292,3439.85,3404.827,3431.27,0.67,1481163000.0,19487981000.0
4804,新能源车,2025-12-02,3433.654,3447.702,3419.388,3446.703,0.45,1143373640.0,16788632000.0
4805,新能源车,2025-12-03,3448.074,3451.252,3402.653,3406.279,-1.17,1159737960.0,14798313000.0
4806,新能源车,2025-12-04,3402.831,3411.444,3359.302,3376.39,-0.88,1012276570.0,12461531900.0
4807,新能源车,2025-12-05,3376.763,3420.388,3360.209,3419.933,1.29,933635550.0,12344794700.0
4808,新能源车,2025-12-08,3420.528,3428.143,3404.62,3416.854,-0.09,1101226810.0,14541977000.0
4809,新能源车,2025-12-09,3409.027,3415.724,3382.833,3383.23,-0.98,960655090.0,14013878000.0
4810,新能源车,2025-12-10,3377.71,3435.682,3370.849,3433.979,1.5,1312066570.0,14956402000.0
4811,新能源车,2025-12-11,3443.095,3463.803,3396.808,3396.808,-1.08,1359102500.0,19543860000.0
4812,新能源车,2025-12-12,3387.59,3413.708,3376.185,3397.896,0.03,1212118770.0,20306163000.0
4813,新能源车,2025-12-15,3380.642,3431.313,3376.93,3397.302,-0.02,1053678900.0,15335717000.0
4814,新能源车,2025-12-16,3444.481,3445.838,3370.383,3398.601,0.04,1640978900.0,22354379000.0
4815,新能源车,2025-12-17,3392.847,3403.488,3353.259,3391.002,-0.22,1382487500.0,17749410000.0
4816,新能源车,2025-12-18,3370.275,3383.502,3346.213,3352.288,-1.14,1071983670.0,13800579000.0
4817,新能源车,2025-12-19,3346.339,3409.8,3346.025,3398.445,1.38,1306786570.0,15103468000.0
4818,新能源车,2025-12-22,3418.433,3471.288,3418.433,3449.434,1.5,1529175500.0,18042094000.0
4819,新能源车,2025-12-23,3449.932,3449.932,3394.987,3401.911,-1.38,1436501000.0,17023639000.0
4820,新能源车,2025-12-24,3398.654,3411.293,3387.256,3406.831,0.14,1020296850.0,13827226000.0
4821,新能源车,2025-12-25,3408.01,3408.01,3391.528,3399.989,-0.2,859795570.0,11430457700.0
4822,新能源车,2025-12-26,3398.175,3440.573,3393.928,3412.861,0.38,1177300350.0,23325102000.0
4823,新能源车,2025-12-29,3410.426,3418.56,3382.277,3388.019,-0.73,989006800.0,16828774000.0
4824,新能源车,2025-12-30,3373.622,3391.523,3358.539,3374.37,-0.4,852850130.0,13103188300.0
4825,新能源车,2025-12-31,3389.932,3403.377,3358.356,3377.485,0.09,900501310.0,15061458000.0
4826,新能源车,2026-01-05,3376.236,3388.698,3361.728,3375.458,-0.06,1027492950.0,16707722000.0
4827,新能源车,2026-01-06,3379.173,3445.904,3377.176,3445.335,2.07,1361183400.0,23210285000.0
4828,新能源车,2026-01-07,3440.457,3460.485,3406.933,3419.885,-0.74,1245563250.0,25501993000.0
4829,新能源车,2026-01-08,3407.701,3421.198,3391.437,3413.646,-0.18,922670620.0,16276038000.0
4830,新能源车,2026-01-09,3411.9,3428.761,3396.869,3424.921,0.33,1147894830.0,17479362000.0
4831,新能源车,2026-01-12,3422.312,3433.834,3406.16,3433.834,0.26,1325241780.0,20554913000.0
4832,新能源车,2026-01-13,3435.199,3444.013,3389.922,3396.986,-1.07,1355267000.0,21942066000.0
4833,新能源车,2026-01-14,3389.539,3410.016,3343.959,3366.201,-0.91,1377902800.0,22087633000.0
4834,新能源车,2026-01-15,3359.586,3389.824,3356.271,3368.223,0.06,1071061700.0,14333913000.0
4835,新能源车,2026-01-16,3384.755,3389.359,3358.152,3368.586,0.01,1121958310.0,18929457000.0
4836,新能源车,2026-01-19,3371.59,3427.846,3371.478,3427.066,1.74,1228040020.0,20955487000.0
4837,新能源车,2026-01-20,3419.185,3437.563,3397.776,3410.788,-0.47,1057600850.0,17067405000.0
4838,新能源车,2026-01-21,3399.899,3413.516,3379.992,3404.587,-0.18,904892630.0,15071597000.0
4839,新能源车,2026-01-22,3408.034,3427.608,3395.291,3427.608,0.68,1119225350.0,17189278000.0
4840,新能源车,2026-01-23,3428.665,3450.664,3417.593,3445.464,0.52,1383653900.0,21611125000.0
4841,新能源车,2026-01-26,3452.08,3452.665,3393.735,3406.954,-1.12,1377897200.0,19678451000.0
4842,新能源车,2026-01-27,3398.363,3421.329,3360.66,3406.03,-0.03,1230547000.0,19538390000.0
4843,新能源车,2026-01-28,3408.741,3408.741,3345.094,3359.148,-1.38,1213090640.0,23311529000.0
4844,新能源车,2026-01-29,3345.734,3353.819,3319.003,3347.38,-0.35,1125903690.0,20238483000.0
4845,新能源车,2026-01-30,3340.347,3351.957,3278.49,3298.41,-1.46,1230289960.0,17460084000.0
4846,新能源车,2026-02-02,3284.563,3301.506,3237.443,3239.303,-1.79,1091560060.0,18328234000.0
4847,新能源车,2026-02-03,3257.407,3283.321,3243.296,3283.321,1.36,1014000940.0,14646514000.0
4848,新能源车,2026-02-04,3275.103,3331.819,3263.576,3330.453,1.44,1109799570.0,17336399000.0
4849,新能源车,2026-02-05,3324.801,3349.662,3322.084,3336.013,0.17,835077050.0,13527295000.0
4850,新能源车,2026-02-06,3324.06,3376.257,3319.532,3357.272,0.64,783756630.0,10992001300.0
4851,新能源车,2026-02-09,3381.891,3400.626,3373.17,3385.532,0.84,751808070.0,11476666600.0
4852,新能源车,2026-02-10,3388.664,3388.998,3369.762,3373.099,-0.37,657083690.0,11267399000.0
4853,新能源车,2026-02-11,3376.376,3403.073,3374.405,3383.087,0.3,746479240.0,16650403000.0
4854,新能源车,2026-02-12,3388.272,3398.438,3355.439,3375.816,-0.21,698133270.0,12513277700.0
4855,新能源车,2026-02-13,3375.367,3399.212,3367.162,3371.333,-0.13,734333040.0,11483818400.0
4856,新能源车,2026-02-24,3396.738,3427.11,3389.422,3423.033,1.53,866144020.0,12655992400.0
4857,新能源车,2026-02-25,3424.48,3452.138,3413.2,3421.641,-0.04,973183390.0,14475273000.0
4858,新能源车,2026-02-26,3417.965,3419.173,3361.673,3371.877,-1.45,872843490.0,13450719000.0
4859,新能源车,2026-02-27,3360.001,3374.608,3354.335,3368.122,-0.11,621104260.0,10300600600.0
4860,新能源车,2026-03-02,3320.981,3350.19,3293.279,3321.868,-1.37,1062718250.0,25844735000.0
4861,新能源车,2026-03-03,3329.986,3344.372,3204.677,3208.132,-3.42,1266140390.0,22584280000.0
4862,新能源车,2026-03-04,3176.815,3202.397,3152.637,3176.739,-0.98,852340790.0,16052160000.0
4863,新能源车,2026-03-05,3220.348,3249.288,3212.403,3223.155,1.46,780627850.0,14070554000.0
4864,新能源车,2026-03-06,3214.447,3250.919,3206.505,3247.328,0.75,678914630.0,12147298400.0
4865,新能源车,2026-03-09,3220.018,3221.287,3173.169,3211.617,-1.1,902140160.0,20778636000.0
4866,新能源车,2026-03-10,3233.831,3258.957,3233.831,3258.128,1.45,660143070.0,12814699400.0
4867,新能源车,2026-03-11,3261.657,3292.924,3248.7,3287.908,0.91,807970050.0,19117380000.0
4868,新能源车,2026-03-12,3282.35,3289.487,3264.979,3276.465,-0.35,745629950.0,13109115300.0
4869,新能源车,2026-03-13,3265.59,3295.086,3254.768,3259.63,-0.51,788325200.0,14425925000.0
4870,新能源车,2026-03-16,3256.497,3279.353,3235.943,3279.353,0.61,865693230.0,21277877000.0
4871,新能源车,2026-03-17,3293.007,3348.216,3286.969,3288.027,0.26,1014801490.0,19223987000.0
4872,新能源车,2026-03-18,3286.803,3287.852,3227.581,3259.27,-0.87,986547710.0,15545154000.0
4873,新能源车,2026-03-19,3234.301,3247.641,3180.068,3187.413,-2.2,885765530.0,13998688000.0
4874,新能源车,2026-03-20,3193.239,3201.31,3129.289,3129.289,-1.82,963017080.0,15672808000.0
4875,新能源车,2026-03-23,3093.522,3131.222,3020.702,3032.664,-3.09,1443248100.0,33329456000.0
4876,新能源车,2026-03-24,3077.511,3107.515,3030.19,3107.227,2.46,1125294170.0,22013006000.0
4877,新能源车,2026-03-25,3121.614,3166.755,3119.749,3162.649,1.78,917989310.0,16537753000.0
4878,新能源车,2026-03-26,3159.327,3199.056,3129.381,3134.632,-0.89,782150380.0,16796085000.0
4879,新能源车,2026-03-27,3106.208,3159.062,3104.371,3152.333,0.56,730648130.0,14371496000.0
4880,新能源车,2026-03-30,3119.624,3154.59,3108.759,3143.832,-0.27,760691550.0,15327369000.0
4881,新能源车,2026-03-31,3157.666,3244.979,3157.666,3177.699,1.08,1064739160.0,18279138000.0
4882,新能源车,2026-04-01,3213.422,3214.583,3173.94,3207.199,0.93,1024214910.0,19885346000.0
4883,新能源车,2026-04-02,3199.321,3201.801,3147.408,3163.987,-1.35,1001182530.0,16978126000.0
4884,新能源车,2026-04-03,3169.163,3169.249,3099.564,3107.039,-1.8,777995720.0,13464704000.0
4885,新能源车,2026-04-07,3109.318,3125.825,3098.44,3120.227,0.42,688716890.0,11694800100.0
4886,新能源车,2026-04-08,3156.73,3191.888,3145.258,3191.888,2.3,994554050.0,16911359000.0
4887,新能源车,2026-04-09,3167.018,3178.288,3146.168,3152.818,-1.22,731575490.0,11439123300.0
4888,新能源车,2026-04-10,3164.237,3212.198,3164.237,3196.501,1.39,1182503780.0,16129460000.0
4889,新能源车,2026-04-13,3176.336,3242.719,3170.065,3235.594,1.22,1404895900.0,17520414000.0
4890,新能源车,2026-04-14,3236.304,3237.62,3185.969,3208.696,-0.83,1314324520.0,15917332000.0
4891,新能源车,2026-04-15,3212.999,3215.199,3161.576,3167.048,-1.3,936308530.0,12855579300.0
4892,新能源车,2026-04-16,3171.304,3203.505,3168.615,3201.124,1.08,988533430.0,16682629000.0
4893,新能源车,2026-04-17,3191.739,3191.739,3155.726,3177.023,-0.75,967836980.0,13884737000.0
4894,新能源车,2026-04-20,3176.282,3210.686,3162.47,3198.662,0.68,1079706350.0,13385963900.0
4895,新能源车,2026-04-21,3198.776,3205.034,3185.814,3200.014,0.04,859402630.0,12155999000.0
4896,新能源车,2026-04-22,3195.654,3230.563,3189.128,3225.798,0.81,1381944200.0,13667171000.0
4897,新能源车,2026-04-23,3228.154,3257.188,3207.394,3220.306,-0.17,1529169100.0,18907869000.0
4898,新能源车,2026-04-24,3212.572,3212.572,3168.957,3190.878,-0.91,1078825570.0,13318183600.0
4899,新能源车,2026-04-27,3192.162,3230.302,3187.239,3225.146,1.07,1250994210.0,20603390000.0
4900,新能源车,2026-04-28,3215.519,3219.413,3180.421,3196.346,-0.89,996299680.0,14592416000.0
4901,新能源车,2026-04-29,3195.855,3229.001,3195.855,3226.001,0.93,1056409740.0,21647760000.0
4902,新能源车,2026-04-30,3226.368,3237.133,3198.606,3202.284,-0.74,1283890840.0,18184317000.0
4903,新能源车,2026-05-06,3206.956,3224.812,3202.361,3213.973,0.37,1417766300.0,20788240000.0
4904,新能源车,2026-05-07,3219.044,3245.243,3216.696,3230.69,0.52,1232029350.0,16165696000.0
4905,新能源车,2026-05-08,3223.908,3229.946,3205.288,3222.769,-0.25,988780670.0,15448467000.0
4906,新能源车,2026-05-11,3223.896,3229.121,3201.885,3219.688,-0.1,1357234400.0,18234305000.0
4907,新能源车,2026-05-12,3209.339,3210.756,3165.174,3167.575,-1.62,1090048760.0,15163356000.0
4908,新能源车,2026-05-13,3168.178,3200.052,3152.76,3192.858,0.8,1057218900.0,15896470000.0
4909,新能源车,2026-05-14,3198.551,3200.237,3134.966,3134.966,-1.81,1176704650.0,15765491000.0
4910,新能源车,2026-05-15,3134.373,3140.341,3083.123,3096.965,-1.21,1110325900.0,15603622000.0
4911,新能源车,2026-05-18,3081.472,3081.472,3011.733,3027.97,-2.23,1045928200.0,13848834000.0
4912,新能源车,2026-05-19,3030.083,3046.639,3013.495,3043.669,0.52,931846970.0,12880263400.0
4913,新能源车,2026-05-20,3032.363,3032.363,2977.119,2990.062,-1.76,853023770.0,12270698200.0
4914,新能源车,2026-05-21,2993.555,3065.443,2979.134,2982.783,-0.24,1214417370.0,18964872000.0
4915,新能源车,2026-05-22,2998.585,3020.012,2971.714,3009.042,0.88,926009400.0,12042522700.0
4916,新能源车,2026-05-25,3015.886,3034.251,2975.362,2989.953,-0.63,1037726890.0,15798838000.0
4917,新能源车,2026-05-26,2982.423,3013.047,2952.104,2981.577,-0.28,1288373430.0,17326949000.0
4918,新能源车,2026-05-27,2972.604,2984.125,2896.554,2906.505,-2.52,1062747360.0,15386601000.0
4919,新能源车,2026-05-28,2903.368,2917.086,2842.138,2875.107,-1.08,975131110.0,13723852000.0
4920,新能源车,2026-05-29,2881.802,2894.279,2848.743,2858.438,-0.58,1112092410.0,17796897000.0
4921,新能源车,2026-06-01,2850.848,2895.908,2830.342,2880.668,0.78,977865840.0,13431338000.0
4922,新能源车,2026-06-02,2885.433,2893.536,2860.755,2886.658,0.21,1066905760.0,16624614000.0
4923,新能源车,2026-06-03,2876.205,2887.378,2849.753,2862.313,-0.84,953250010.0,13513056000.0
4924,新能源车,2026-06-04,2849.69,2863.099,2779.929,2796.667,-2.29,887441500.0,13021318900.0
4925,新能源车,2026-06-05,2797.25,2828.322,2770.354,2797.3,0.02,964623680.0,13016551700.0
4926,新能源车,2026-06-08,2748.791,2807.693,2729.156,2750.361,-1.68,1084286320.0,14310847000.0
4927,新能源车,2026-06-09,2758.561,2760.771,2720.144,2750.508,0.01,889140790.0,11056090700.0
4928,新能源车,2026-06-10,2732.502,2734.911,2679.321,2706.584,-1.6,1004718050.0,11677728000.0
4929,新能源车,2026-06-11,2690.532,2693.439,2650.402,2671.142,-1.31,929092700.0,13006198200.0
4930,新能源车,2026-06-12,2688.284,2743.886,2668.58,2719.49,1.81,1290277310.0,15949490000.0
4931,新能源车,2026-06-15,2747.427,2816.234,2747.427,2767.515,1.77,1086590210.0,13682566000.0
4932,新能源车,2026-06-16,2758.085,2758.085,2707.955,2713.059,-1.97,1017092530.0,13231157800.0
4933,新能源车,2026-06-17,2702.757,2703.27,2654.969,2662.257,-1.87,1052729670.0,14091904000.0
4934,新能源车,2026-06-18,2653.744,2654.983,2601.811,2630.393,-1.2,1031473810.0,13931673000.0
4935,新能源车,2026-06-22,2623.309,2623.309,2546.32,2616.354,-0.53,1121457100.0,17228165000.0
4936,新能源车,2026-06-23,2606.163,2653.629,2578.859,2587.469,-1.1,885022500.0,12335500800.0
4937,新能源车,2026-06-24,2597.832,2598.494,2513.424,2522.112,-2.53,967875050.0,12028999600.0
4938,新能源车,2026-06-25,2511.254,2523.521,2478.743,2498.97,-0.92,986096030.0,13652679000.0
4939,新能源车,2026-06-26,2494.778,2494.778,2416.829,2416.829,-3.29,942454920.0,14076421000.0
4940,新能源车,2026-06-29,2403.676,2444.108,2334.4,2435.465,0.77,1186583640.0,15552266000.0
4941,银行,2021-06-01,1029.107,1029.963,1023.768,1029.232,,2035985200.0,17673575000.0
4942,银行,2021-06-02,1028.386,1031.592,1021.965,1028.937,-0.03,2319662700.0,17629757000.0
4943,银行,2021-06-03,1028.473,1035.791,1025.485,1025.485,-0.34,2139129100.0,17471337000.0
4944,银行,2021-06-04,1025.783,1039.916,1025.057,1032.402,0.67,2334480300.0,20161064000.0
4945,银行,2021-06-07,1031.478,1031.478,1025.536,1027.054,-0.52,1959417300.0,14461867000.0
4946,银行,2021-06-08,1026.251,1030.589,1021.888,1028.947,0.18,2118324600.0,17024128000.0
4947,银行,2021-06-09,1026.999,1029.694,1023.845,1024.91,-0.39,1750927500.0,14085187000.0
4948,银行,2021-06-10,1025.355,1034.143,1023.948,1024.236,-0.07,2084434900.0,17433986000.0
4949,银行,2021-06-11,1024.267,1024.698,1014.087,1016.07,-0.8,2498576800.0,22455597000.0
4950,银行,2021-06-15,1014.097,1014.142,1000.1,1003.209,-1.27,2184462700.0,18383758000.0
4951,银行,2021-06-16,1002.455,1012.091,1001.784,1007.885,0.47,1772498600.0,14950493000.0
4952,银行,2021-06-17,1006.952,1012.495,1004.368,1004.368,-0.35,1681233300.0,13096414100.0
4953,银行,2021-06-18,1004.423,1004.423,996.422,998.473,-0.59,1828450700.0,15966102000.0
4954,银行,2021-06-21,1000.784,1000.784,993.483,995.602,-0.29,1960160300.0,17311270000.0
4955,银行,2021-06-22,999.777,1008.536,998.571,1004.41,0.88,1975291700.0,18630865000.0
4956,银行,2021-06-23,1007.055,1007.055,1001.566,1003.997,-0.04,1786004500.0,15368351000.0
4957,银行,2021-06-24,1006.904,1010.831,1001.404,1010.831,0.68,1867890000.0,16068533000.0
4958,银行,2021-06-25,1011.874,1028.589,1011.874,1026.739,1.57,2237818300.0,19984393000.0
4959,银行,2021-06-28,1024.512,1024.512,1005.829,1007.683,-1.86,1993844100.0,19422799000.0
4960,银行,2021-06-29,1003.907,1008.479,1000.186,1000.317,-0.73,1965372800.0,18630768000.0
4961,银行,2021-06-30,1000.813,1005.572,999.571,1001.247,0.09,1593659000.0,15201195000.0
4962,银行,2021-07-01,1003.862,1013.773,1002.972,1009.739,0.85,2228477800.0,22706456000.0
4963,银行,2021-07-02,1003.065,1003.115,994.313,995.505,-1.41,2201559100.0,22147170000.0
4964,银行,2021-07-05,991.819,992.734,985.286,992.401,-0.31,1917091100.0,16814696000.0
4965,银行,2021-07-06,990.825,1002.606,989.172,1000.842,0.85,2067384100.0,18167730000.0
4966,银行,2021-07-07,998.347,1002.839,994.416,996.883,-0.4,1776363300.0,15132942000.0
4967,银行,2021-07-08,1001.831,1002.14,981.657,983.382,-1.35,2663553100.0,28592093000.0
4968,银行,2021-07-09,980.144,986.7,975.156,976.942,-0.65,2171266000.0,20057492000.0
4969,银行,2021-07-12,985.812,986.811,969.566,971.479,-0.56,2886982400.0,25127204000.0
4970,银行,2021-07-13,971.054,977.161,964.131,975.557,0.42,2183609800.0,17948183000.0
4971,银行,2021-07-14,974.789,974.789,959.921,961.066,-1.49,2489120300.0,20789966000.0
4972,银行,2021-07-15,961.537,983.321,961.078,980.871,2.06,2638819800.0,24003270000.0
4973,银行,2021-07-16,976.464,979.151,971.821,975.236,-0.57,1874382800.0,15690322000.0
4974,银行,2021-07-19,974.972,974.972,963.32,972.826,-0.25,1885246300.0,15498796000.0
4975,银行,2021-07-20,968.923,970.804,963.337,965.949,-0.71,1529340800.0,13467775000.0
4976,银行,2021-07-21,967.318,970.077,960.827,963.593,-0.24,1733752100.0,15404713000.0
4977,银行,2021-07-22,964.053,973.889,961.904,967.956,0.45,1649781900.0,15087480000.0
4978,银行,2021-07-23,966.16,970.612,958.282,964.039,-0.4,1617574000.0,13639269000.0
4979,银行,2021-07-26,960.492,960.492,940.762,941.429,-2.35,2426792100.0,21037168000.0
4980,银行,2021-07-27,941.424,944.089,922.752,923.517,-1.9,2415213200.0,21213778000.0
4981,银行,2021-07-28,923.816,935.678,923.816,929.423,0.64,2402416800.0,19620604000.0
4982,银行,2021-07-29,930.838,931.464,920.87,923.278,-0.66,1910109000.0,16025479000.0
4983,银行,2021-07-30,920.676,920.676,908.23,910.36,-1.4,1804928300.0,15100387000.0
4984,银行,2021-08-02,906.871,928.655,900.236,921.836,1.26,2395691900.0,19683973000.0
4985,银行,2021-08-03,917.778,920.014,911.489,918.47,-0.37,1657348800.0,13870907000.0
4986,银行,2021-08-04,917.687,918.996,910.318,911.978,-0.71,1466250200.0,12688496400.0
4987,银行,2021-08-05,910.624,917.957,909.413,910.881,-0.12,1367264600.0,11279270700.0
4988,银行,2021-08-06,908.867,913.33,902.46,912.31,0.16,1414332700.0,12166383600.0
4989,银行,2021-08-09,911.131,934.626,910.578,928.603,1.79,2261767800.0,21315634000.0
4990,银行,2021-08-10,927.389,942.384,923.69,941.652,1.41,2066414700.0,19461037000.0
4991,银行,2021-08-11,940.916,955.907,940.916,946.85,0.55,2689170000.0,21940740000.0
4992,银行,2021-08-12,944.249,948.485,941.265,941.843,-0.53,1382970300.0,12262747100.0
4993,银行,2021-08-13,940.979,942.709,937.142,940.09,-0.19,1235837950.0,11372731200.0
4994,银行,2021-08-16,942.943,945.139,937.056,942.994,0.31,1549593500.0,15134665000.0
4995,银行,2021-08-17,941.615,951.143,935.09,935.857,-0.76,1885555800.0,15524719000.0
4996,银行,2021-08-18,935.026,964.734,935.026,961.887,2.78,2768876100.0,26856361000.0
4997,银行,2021-08-19,958.776,959.82,942.742,945.743,-1.68,2423578800.0,23211794000.0
4998,银行,2021-08-20,941.786,945.953,930.7,938.552,-0.76,2115396500.0,19629281000.0
4999,银行,2021-08-23,935.758,941.571,934.682,936.496,-0.22,1861328600.0,16986119000.0
5000,银行,2021-08-24,936.415,942.697,932.768,937.178,0.07,1911265800.0,16891168000.0
5001,银行,2021-08-25,936.289,939.331,929.775,931.575,-0.6,1810225300.0,14938323000.0
5002,银行,2021-08-26,932.013,932.013,923.308,923.988,-0.81,1773810500.0,16749996000.0
5003,银行,2021-08-27,923.428,930.222,922.864,923.92,-0.01,1528775200.0,13334893300.0
5004,银行,2021-08-30,922.619,922.894,909.305,911.762,-1.32,2392948900.0,21679950000.0
5005,银行,2021-08-31,911.233,924.564,910.706,924.04,1.35,2407724900.0,19391624000.0
5006,银行,2021-09-01,922.709,944.498,919.393,942.485,2.0,3660045800.0,29435203000.0
5007,银行,2021-09-02,940.975,944.993,938.067,944.963,0.26,2427825300.0,22737883000.0
5008,银行,2021-09-03,946.715,955.265,937.135,947.339,0.25,2827099100.0,22402286000.0
5009,银行,2021-09-06,944.257,953.217,943.687,949.096,0.19,2206790300.0,17831793000.0
5010,银行,2021-09-07,949.927,962.206,944.83,960.312,1.18,2902863000.0,23876230000.0
5011,银行,2021-09-08,958.807,970.315,957.757,964.485,0.43,2635621800.0,20789023000.0
5012,银行,2021-09-09,961.118,966.948,956.868,964.387,-0.01,2246677500.0,16692327000.0
5013,银行,2021-09-10,963.529,991.708,963.407,979.376,1.55,3887848500.0,33625106000.0
5014,银行,2021-09-13,975.251,977.647,970.341,976.013,-0.34,2698219700.0,21839688000.0
5015,银行,2021-09-14,976.751,978.358,953.56,954.135,-2.24,3044095800.0,23492690000.0
5016,银行,2021-09-15,951.453,956.133,946.761,949.772,-0.46,2001546700.0,16219046000.0
5017,银行,2021-09-16,950.115,956.341,942.135,942.135,-0.8,2468770700.0,18621058000.0
5018,银行,2021-09-17,941.75,943.777,935.892,940.138,-0.21,1952584500.0,15158701000.0
5019,银行,2021-09-22,921.743,925.693,916.354,923.886,-1.73,2562444600.0,22283240000.0
5020,银行,2021-09-23,927.455,939.058,927.324,929.383,0.59,2078071400.0,17492992000.0
5021,银行,2021-09-24,929.708,930.079,920.319,920.701,-0.93,1800774400.0,14332014000.0
5022,银行,2021-09-27,919.894,921.429,912.508,917.041,-0.4,2049838200.0,16818844000.0
5023,银行,2021-09-28,916.624,933.072,916.624,930.443,1.46,2199751100.0,18249876000.0
5024,银行,2021-09-29,925.299,937.976,921.845,933.545,0.33,2336320100.0,19906084000.0
5025,银行,2021-09-30,931.713,931.713,922.126,925.649,-0.85,1752535300.0,14505795000.0
5026,银行,2021-10-08,928.897,941.393,928.897,939.354,1.48,2067015900.0,16877923000.0
5027,银行,2021-10-11,941.628,962.118,941.628,953.669,1.52,2538217600.0,23482442000.0
5028,银行,2021-10-12,948.905,958.126,945.971,950.441,-0.34,2123582500.0,18162376000.0
5029,银行,2021-10-13,949.515,956.917,941.695,954.305,0.41,1568297500.0,13479649000.0
5030,银行,2021-10-14,952.449,955.083,945.053,945.411,-0.93,1272206620.0,11029089000.0
5031,银行,2021-10-15,945.987,952.735,945.232,947.53,0.22,1661421600.0,14171458000.0
5032,银行,2021-10-18,946.096,948.334,941.101,946.572,-0.1,1719992600.0,14402702000.0
5033,银行,2021-10-19,945.285,955.303,945.285,951.313,0.5,1573623500.0,13130696300.0
5034,银行,2021-10-20,952.883,954.621,944.02,945.133,-0.65,1419536500.0,11576242000.0
5035,银行,2021-10-21,950.819,964.402,950.806,963.375,1.93,2504352200.0,22103566000.0
5036,银行,2021-10-22,965.38,973.018,958.811,961.094,-0.24,2031675800.0,18086009000.0
5037,银行,2021-10-25,956.022,959.548,949.462,958.534,-0.27,1690957400.0,15341705000.0
5038,银行,2021-10-26,957.979,963.726,955.069,958.479,-0.01,1820726300.0,16535748000.0
5039,银行,2021-10-27,955.808,956.193,942.608,947.087,-1.19,1774438900.0,14691516000.0
5040,银行,2021-10-28,944.78,947.763,937.477,938.771,-0.88,1524403500.0,12262806400.0
5041,银行,2021-10-29,940.781,941.453,933.546,936.638,-0.23,1925999000.0,16472665000.0
5042,银行,2021-11-01,936.114,948.606,932.216,944.225,0.81,2757618300.0,21113176000.0
5043,银行,2021-11-02,943.595,945.036,920.234,924.455,-2.09,3025903600.0,26712876000.0
5044,银行,2021-11-03,924.258,926.672,922.033,924.928,0.05,1659108500.0,14062655000.0
5045,银行,2021-11-04,925.703,926.015,919.584,921.489,-0.37,1444838200.0,12450591500.0
5046,银行,2021-11-05,920.289,920.463,915.082,915.281,-0.67,1430717100.0,12084585300.0
5047,银行,2021-11-08,914.407,917.24,911.492,913.849,-0.16,1491732800.0,12871950300.0
5048,银行,2021-11-09,915.486,916.747,909.774,913.596,-0.03,1265097240.0,11404646500.0
5049,银行,2021-11-10,912.871,914.194,906.815,913.429,-0.02,1517486100.0,13135067200.0
5050,银行,2021-11-11,912.437,929.089,911.535,928.68,1.67,2104650000.0,20586208000.0
5051,银行,2021-11-12,928.358,930.09,923.062,924.562,-0.44,1373065800.0,11605861700.0
5052,银行,2021-11-15,924.739,928.589,922.75,928.261,0.4,1207119760.0,10181025800.0
5053,银行,2021-11-16,927.523,930.172,921.39,922.366,-0.64,1242345110.0,9931050700.0
5054,银行,2021-11-17,921.06,922.832,917.265,918.286,-0.44,1246447810.0,9857176500.0
5055,银行,2021-11-18,917.655,917.901,913.387,913.683,-0.5,1201880050.0,9906876200.0
5056,银行,2021-11-19,913.749,923.716,913.163,923.336,1.06,1498015300.0,12549491800.0
5057,银行,2021-11-22,921.746,921.746,917.222,917.253,-0.66,1483044500.0,13537438000.0
5058,银行,2021-11-23,917.416,922.338,916.838,919.768,0.27,1361015400.0,12911898100.0
5059,银行,2021-11-24,919.711,924.259,916.774,921.324,0.17,1287424000.0,10576448000.0
5060,银行,2021-11-25,920.479,921.296,917.753,919.319,-0.22,1021868250.0,7585456600.0
5061,银行,2021-11-26,918.116,918.246,913.782,914.143,-0.56,1340849950.0,12214743100.0
5062,银行,2021-11-29,908.859,912.475,908.178,910.15,-0.44,1636919200.0,13239743400.0
5063,银行,2021-11-30,910.508,914.977,908.015,910.161,0.0,1529918400.0,11913833300.0
5064,银行,2021-12-01,909.433,916.413,909.271,916.391,0.68,1430455900.0,10986122600.0
5065,银行,2021-12-02,915.37,919.5,912.483,917.113,0.08,1667749900.0,14630279000.0
5066,银行,2021-12-03,918.208,921.546,912.765,921.546,0.48,1527408700.0,13442389000.0
5067,银行,2021-12-06,924.547,935.085,922.444,924.498,0.32,2336868600.0,20620453000.0
5068,银行,2021-12-07,931.094,932.137,922.746,929.593,0.55,2474751200.0,21893633000.0
5069,银行,2021-12-08,930.077,930.077,923.391,928.526,-0.11,1985708100.0,16333470000.0
5070,银行,2021-12-09,927.532,943.899,926.248,937.98,1.02,2876682300.0,23855083000.0
5071,银行,2021-12-10,932.642,937.905,929.851,932.848,-0.55,2820180700.0,20263254000.0
5072,银行,2021-12-13,932.708,939.18,927.491,927.788,-0.54,2398717500.0,20094822000.0
5073,银行,2021-12-14,926.598,926.598,918.704,920.309,-0.81,2170204800.0,19335180000.0
5074,银行,2021-12-15,919.241,922.154,918.037,919.929,-0.04,1562728700.0,12971800200.0
5075,银行,2021-12-16,920.218,924.418,918.511,924.372,0.48,1578690400.0,12761307600.0
5076,银行,2021-12-17,924.008,925.132,920.363,920.618,-0.41,1522588400.0,12502431700.0
5077,银行,2021-12-20,918.762,921.354,916.669,917.284,-0.36,1608501600.0,12846787100.0
5078,银行,2021-12-21,917.175,932.375,917.175,930.778,1.47,2343797200.0,15800196000.0
5079,银行,2021-12-22,932.6,932.6,923.277,923.31,-0.8,1767535500.0,13107126500.0
5080,银行,2021-12-23,923.884,926.095,920.751,922.538,-0.08,1461381600.0,13060513300.0
5081,银行,2021-12-24,922.939,922.939,919.82,920.197,-0.25,1305773970.0,10100963900.0
5082,银行,2021-12-27,920.597,921.858,915.457,917.119,-0.33,1347502800.0,12984266900.0
5083,银行,2021-12-28,917.179,920.136,916.634,919.68,0.28,1744616800.0,14482930000.0
5084,银行,2021-12-29,918.972,918.972,914.805,915.057,-0.5,1474726100.0,16672331000.0
5085,银行,2021-12-30,914.906,919.57,914.648,916.805,0.19,1547463700.0,14527891000.0
5086,银行,2021-12-31,916.779,918.749,915.257,917.869,0.12,1451623400.0,12692227000.0
5087,银行,2022-01-04,917.646,923.656,915.719,923.555,0.62,2202175200.0,17456123000.0
5088,银行,2022-01-05,924.061,936.748,923.367,933.393,1.07,3643852800.0,28807637000.0
5089,银行,2022-01-06,931.704,934.556,929.201,929.768,-0.39,2255719500.0,18164476000.0
5090,银行,2022-01-07,930.228,945.886,930.228,943.923,1.52,3382152600.0,23572515000.0
5091,银行,2022-01-10,946.717,953.782,942.092,949.169,0.56,2726407500.0,21427370000.0
5092,银行,2022-01-11,949.8,963.209,947.032,957.53,0.88,2936633700.0,25416659000.0
5093,银行,2022-01-12,959.689,959.752,950.714,957.248,-0.03,2735647200.0,21892255000.0
5094,银行,2022-01-13,955.895,971.264,955.503,961.755,0.47,2847793200.0,20388997000.0
5095,银行,2022-01-14,960.261,960.261,942.391,942.846,-1.97,3080795900.0,24085100000.0
5096,银行,2022-01-17,942.69,948.747,939.581,941.732,-0.12,2020500700.0,16048445000.0
5097,银行,2022-01-18,945.171,959.265,944.717,959.18,1.85,2665181000.0,21576396000.0
5098,银行,2022-01-19,959.68,967.974,959.516,966.528,0.77,2395165400.0,20371620000.0
5099,银行,2022-01-20,967.711,987.589,966.582,980.81,1.48,4228903400.0,37035869000.0
5100,银行,2022-01-21,977.028,979.295,971.766,974.195,-0.67,2852777700.0,24016346000.0
5101,银行,2022-01-24,969.886,973.351,961.182,967.869,-0.65,2316271800.0,18974460000.0
5102,银行,2022-01-25,963.263,963.263,946.44,946.44,-2.21,2653608700.0,20410528000.0
5103,银行,2022-01-26,946.91,949.728,941.656,947.159,0.08,2031141800.0,15697504000.0
5104,银行,2022-01-27,944.719,954.032,939.193,945.285,-0.2,2369744300.0,18129444000.0
5105,银行,2022-01-28,946.053,947.075,934.528,934.528,-1.14,2624503100.0,20552531000.0
5106,银行,2022-02-07,942.882,959.27,942.861,957.164,2.42,3043999600.0,24819537000.0
5107,银行,2022-02-08,956.32,976.826,955.814,976.818,2.05,4229286600.0,28971715000.0
5108,银行,2022-02-09,978.129,983.943,973.705,975.257,-0.16,3451156700.0,24646600000.0
5109,银行,2022-02-10,973.65,982.361,968.689,982.361,0.73,2665401300.0,18607545000.0
5110,银行,2022-02-11,980.585,997.214,980.585,990.805,0.86,3329819000.0,27262001000.0
5111,银行,2022-02-14,986.813,986.883,967.951,969.655,-2.13,3026565000.0,22961745000.0
5112,银行,2022-02-15,968.153,974.477,958.317,962.511,-0.74,2623593300.0,21224480000.0
5113,银行,2022-02-16,965.512,974.535,964.662,969.045,0.68,1810598100.0,14328130000.0
5114,银行,2022-02-17,968.896,973.237,965.329,966.011,-0.31,1984095200.0,16019147000.0
5115,银行,2022-02-18,963.089,977.633,962.785,977.633,1.2,2027094700.0,15649822000.0
5116,银行,2022-02-21,975.005,976.482,966.984,974.967,-0.27,1886999400.0,14316987000.0
5117,银行,2022-02-22,969.47,973.564,963.931,966.871,-0.83,1844626100.0,15268994000.0
5118,银行,2022-02-23,968.087,968.18,959.161,961.447,-0.56,2134096600.0,16535834000.0
5119,银行,2022-02-24,959.399,960.326,941.903,946.008,-1.61,2851783100.0,20329996000.0
5120,银行,2022-02-25,948.564,950.723,940.78,942.821,-0.34,2254938600.0,17015017000.0
5121,银行,2022-02-28,941.748,941.932,932.661,940.936,-0.2,2018968300.0,14756440000.0
5122,银行,2022-03-01,942.693,953.301,940.546,951.878,1.16,2133925400.0,16907719000.0
5123,银行,2022-03-02,947.257,955.707,946.784,952.535,0.07,1760131600.0,13648685000.0
5124,银行,2022-03-03,954.433,961.196,954.315,960.335,0.82,2059120700.0,15421216000.0
5125,银行,2022-03-04,958.459,958.459,947.587,952.999,-0.76,2088666100.0,16239907000.0
5126,银行,2022-03-07,949.268,951.71,938.906,940.877,-1.27,2475842000.0,20867757000.0
5127,银行,2022-03-08,939.023,940.466,920.759,921.764,-2.03,2723248700.0,20977383000.0
5128,银行,2022-03-09,923.907,924.801,887.086,906.984,-1.6,3882185500.0,26901465000.0
5129,银行,2022-03-10,917.562,919.316,911.316,911.365,0.48,2455148700.0,19342412000.0
5130,银行,2022-03-11,906.334,920.585,896.399,918.742,0.81,2778495400.0,20410244000.0
5131,银行,2022-03-14,908.767,917.428,899.797,899.797,-2.06,2465683800.0,19370091000.0
5132,银行,2022-03-15,896.317,896.317,863.904,864.381,-3.94,4257913800.0,30483207000.0
5133,银行,2022-03-16,871.074,892.917,855.392,888.965,2.84,3867581400.0,28912483000.0
5134,银行,2022-03-17,895.692,901.09,888.983,891.491,0.28,3317085500.0,26110910000.0
5135,银行,2022-03-18,889.783,911.977,888.793,907.573,1.8,3570882100.0,26471887000.0
5136,银行,2022-03-21,906.906,906.934,894.979,898.108,-1.04,2330305500.0,18543699000.0
5137,银行,2022-03-22,896.749,917.122,896.429,912.074,1.56,2794155700.0,19929145000.0
5138,银行,2022-03-23,909.061,910.019,901.238,906.536,-0.61,2387675300.0,20439290000.0
5139,银行,2022-03-24,903.582,909.968,901.019,904.868,-0.18,1814253800.0,14221280000.0
5140,银行,2022-03-25,904.547,912.384,902.042,904.654,-0.02,2012167200.0,14474474000.0
5141,银行,2022-03-28,900.649,918.524,891.55,913.556,0.98,2780817600.0,17480899000.0
5142,银行,2022-03-29,913.803,917.021,909.915,914.723,0.13,2115143600.0,13919511000.0
5143,银行,2022-03-30,916.127,927.01,913.332,926.74,1.31,2815167200.0,19185086000.0
5144,银行,2022-03-31,922.676,948.527,921.448,943.229,1.78,3843654300.0,25220296000.0
5145,银行,2022-04-01,937.417,968.193,937.417,968.193,2.65,3918579900.0,27494914000.0
5146,银行,2022-04-06,963.379,992.449,962.472,988.564,2.1,4611044400.0,32405458000.0
5147,银行,2022-04-07,986.837,995.588,971.732,972.028,-1.67,3898348800.0,26918866000.0
5148,银行,2022-04-08,971.389,981.622,964.307,979.78,0.8,2967981200.0,20886496000.0
5149,银行,2022-04-11,973.204,973.236,954.475,957.271,-2.3,2837478700.0,20470195000.0
5150,银行,2022-04-12,955.903,972.344,947.392,966.011,0.91,3072399100.0,22028167000.0
5151,银行,2022-04-13,961.796,971.963,960.35,962.418,-0.37,2454591900.0,17716362000.0
5152,银行,2022-04-14,970.664,974.248,961.894,962.426,0.0,2322447500.0,17467027000.0
5153,银行,2022-04-15,958.595,980.031,958.389,976.133,1.42,2728577400.0,20989062000.0
5154,银行,2022-04-18,964.054,964.054,950.669,952.36,-2.44,2907421200.0,28631136000.0
5155,银行,2022-04-19,950.811,959.974,943.928,957.368,0.53,2364485800.0,25282414000.0
5156,银行,2022-04-20,956.903,959.741,941.145,943.208,-1.48,2097286400.0,18456072000.0
5157,银行,2022-04-21,940.013,950.413,931.485,934.488,-0.92,2767962500.0,21058305000.0
5158,银行,2022-04-22,931.406,953.41,931.406,949.383,1.59,2953230800.0,23246407000.0
5159,银行,2022-04-25,938.846,945.944,917.056,917.234,-3.39,4175465400.0,34523956000.0
5160,银行,2022-04-26,918.755,923.862,901.211,902.509,-1.61,3276533100.0,24619413000.0
5161,银行,2022-04-27,895.937,905.439,890.623,905.113,0.29,3374440000.0,26190261000.0
5162,银行,2022-04-28,903.084,919.032,901.312,912.098,0.77,3060407000.0,24442112000.0
5163,银行,2022-04-29,913.399,920.942,901.666,917.372,0.58,3546934800.0,27620217000.0
5164,银行,2022-05-05,915.174,923.86,913.794,922.324,0.54,3228597900.0,22614902000.0
5165,银行,2022-05-06,912.206,912.879,900.437,901.767,-2.23,2283239800.0,17029776000.0
5166,银行,2022-05-09,899.2,901.694,890.569,894.182,-0.84,1885257200.0,16135193000.0
5167,银行,2022-05-10,888.717,902.573,881.93,901.334,0.8,2621626900.0,20024650000.0
5168,银行,2022-05-11,899.267,905.032,896.11,897.205,-0.46,2667610000.0,19112280000.0
5169,银行,2022-05-12,893.535,898.423,890.046,893.45,-0.42,1785100400.0,13049992000.0
5170,银行,2022-05-13,896.029,905.81,896.029,903.189,1.09,1926739300.0,15176518000.0
5171,银行,2022-05-16,903.924,903.924,893.428,898.24,-0.55,2059280600.0,15765664000.0
5172,银行,2022-05-17,898.915,903.818,893.489,900.469,0.25,2278852900.0,18308593000.0
5173,银行,2022-05-18,901.783,902.228,892.34,894.304,-0.68,1955536000.0,16219142000.0
5174,银行,2022-05-19,887.024,891.191,884.823,890.292,-0.45,1859316200.0,13236385800.0
5175,银行,2022-05-20,891.631,900.068,891.548,898.783,0.95,2414485800.0,20216369000.0
5176,银行,2022-05-23,898.915,899.262,893.814,895.931,-0.32,1879361800.0,14118462000.0
5177,银行,2022-05-24,897.302,898.331,882.876,882.892,-1.46,2247953100.0,15714945000.0
5178,银行,2022-05-25,882.666,889.033,881.609,888.811,0.67,1671148700.0,11537898100.0
5179,银行,2022-05-26,890.153,894.035,885.856,893.53,0.53,1917994500.0,14266076000.0
5180,银行,2022-05-27,894.765,896.762,889.979,893.863,0.04,1652926400.0,12689630300.0
5181,银行,2022-05-30,895.433,896.309,888.602,890.641,-0.36,2049987200.0,13994017000.0
5182,银行,2022-05-31,890.373,894.647,886.384,893.586,0.33,2185738600.0,15657974000.0
5183,白酒,2021-06-01,5354.515,5519.427,5308.205,5511.723,,461168660.0,40478204000.0
5184,白酒,2021-06-02,5489.018,5665.628,5458.971,5500.092,-0.21,493408210.0,38377438000.0
5185,白酒,2021-06-03,5460.854,5795.812,5460.748,5594.575,1.72,520729880.0,44923929000.0
5186,白酒,2021-06-04,5552.792,5821.95,5545.398,5821.95,4.06,471890880.0,41824867000.0
5187,白酒,2021-06-07,5844.961,6048.741,5778.979,6037.049,3.69,575306540.0,47608692000.0
5188,白酒,2021-06-08,6004.121,6004.121,5497.606,5542.733,-8.19,560763060.0,61640091000.0
5189,白酒,2021-06-09,5367.144,5605.207,5280.821,5476.794,-1.19,482688000.0,44113752000.0
5190,白酒,2021-06-10,5421.433,5533.254,5357.651,5401.138,-1.38,392286660.0,36331353000.0
5191,白酒,2021-06-11,5358.453,5415.186,5256.962,5271.79,-2.39,347730340.0,41838559000.0
5192,白酒,2021-06-15,5258.435,5366.07,5108.293,5363.217,1.73,367883560.0,40123247000.0
5193,白酒,2021-06-16,5339.864,5375.516,5247.026,5267.897,-1.78,295307580.0,32883635000.0
5194,白酒,2021-06-17,5243.878,5547.829,5243.878,5507.52,4.55,374567580.0,34003588000.0
5195,白酒,2021-06-18,5530.068,5590.886,5344.672,5463.918,-0.79,428488280.0,49606184000.0
5196,白酒,2021-06-21,5419.908,5544.473,5296.929,5385.554,-1.43,380654870.0,44628542000.0
5197,白酒,2021-06-22,5402.594,5423.485,5310.169,5421.198,0.66,302407290.0,36660271000.0
5198,白酒,2021-06-23,5398.402,5401.525,5207.158,5225.221,-3.62,314414670.0,40641861000.0
5199,白酒,2021-06-24,5186.377,5227.33,5022.444,5149.713,-1.45,304579380.0,36962431000.0
5200,白酒,2021-06-25,5120.868,5309.258,5032.881,5260.706,2.16,316060410.0,40146430000.0
5201,白酒,2021-06-28,5250.306,5338.58,5241.415,5313.246,1.0,228271580.0,28607364000.0
5202,白酒,2021-06-29,5303.848,5334.037,5189.203,5202.377,-2.09,210660600.0,29506876000.0
5203,白酒,2021-06-30,5214.144,5343.107,5211.229,5295.318,1.79,220362740.0,25303875000.0
5204,白酒,2021-07-01,5297.798,5393.957,5210.458,5384.135,1.68,270221960.0,32027319000.0
5205,白酒,2021-07-02,5333.108,5333.108,5116.333,5138.101,-4.57,270660820.0,36467711000.0
5206,白酒,2021-07-05,5081.232,5279.044,5040.271,5214.285,1.48,217940500.0,31297740000.0
5207,白酒,2021-07-06,5206.424,5223.403,5047.811,5189.891,-0.47,261338530.0,34962624000.0
5208,白酒,2021-07-07,5173.843,5345.539,5167.687,5287.459,1.88,268307420.0,30063093000.0
5209,白酒,2021-07-08,5253.637,5341.761,5153.626,5164.299,-2.33,291740280.0,40010951000.0
5210,白酒,2021-07-09,5170.228,5174.62,4892.37,4971.23,-3.74,286371320.0,34558476000.0
5211,白酒,2021-07-12,4962.132,5032.922,4857.098,5003.895,0.66,237455690.0,34802785000.0
5212,白酒,2021-07-13,5103.068,5211.009,5096.283,5151.178,2.94,264041590.0,33634173000.0
5213,白酒,2021-07-14,5101.699,5274.549,5046.9,5198.456,0.92,276929510.0,33667709000.0
5214,白酒,2021-07-15,5140.586,5394.498,5124.777,5370.27,3.31,344599700.0,39013004000.0
5215,白酒,2021-07-16,5372.296,5401.206,5270.739,5283.388,-1.62,262588990.0,34144824000.0
5216,白酒,2021-07-19,5240.342,5330.892,5211.638,5305.196,0.41,207342490.0,27389607000.0
5217,白酒,2021-07-20,5264.935,5423.692,5251.698,5393.102,1.66,329227210.0,27589451000.0
5218,白酒,2021-07-21,5370.894,5515.499,5367.641,5423.783,0.57,311075400.0,33353666000.0
5219,白酒,2021-07-22,5396.872,5500.753,5255.92,5272.411,-2.79,291691460.0,35009846000.0
5220,白酒,2021-07-23,5228.764,5228.764,5058.212,5077.156,-3.7,276782000.0,34798714000.0
5221,白酒,2021-07-26,4973.207,4973.207,4612.274,4704.466,-7.34,361282520.0,55300785000.0
5222,白酒,2021-07-27,4643.306,4709.031,4510.019,4515.351,-4.02,292742840.0,47637325000.0
5223,白酒,2021-07-28,4432.706,4595.101,4295.253,4594.173,1.75,335797620.0,48143152000.0
5224,白酒,2021-07-29,4657.436,4688.034,4498.377,4520.491,-1.6,283303500.0,41962259000.0
5225,白酒,2021-07-30,4463.626,4463.626,4199.642,4238.54,-6.24,328414250.0,48404049000.0
5226,白酒,2021-08-02,4131.216,4485.312,4101.368,4477.161,5.63,394800680.0,57720515000.0
5227,白酒,2021-08-03,4391.817,4534.0,4326.957,4474.606,-0.06,289699690.0,39347215000.0
5228,白酒,2021-08-04,4447.715,4505.661,4410.602,4434.158,-0.9,217502710.0,28217028000.0
5229,白酒,2021-08-05,4313.212,4497.822,4250.692,4357.49,-1.73,233719610.0,31606386000.0
5230,白酒,2021-08-06,4336.284,4394.206,4266.196,4351.211,-0.14,198058390.0,26552080000.0
5231,白酒,2021-08-09,4317.377,4497.684,4317.159,4451.401,2.3,248734660.0,31340650000.0
5232,白酒,2021-08-10,4487.162,4762.068,4454.224,4754.177,6.8,430466520.0,55581684000.0
5233,白酒,2021-08-11,4700.332,4804.598,4637.011,4692.985,-1.29,291949310.0,34164865000.0
5234,白酒,2021-08-12,4665.46,4754.592,4619.328,4637.4,-1.18,231645310.0,30925306000.0
5235,白酒,2021-08-13,4633.643,4725.498,4610.638,4677.128,0.86,188898750.0,23839018000.0
5236,白酒,2021-08-16,4660.3,4769.708,4639.356,4685.848,0.19,168686490.0,20689445000.0
5237,白酒,2021-08-17,4669.978,4669.978,4445.313,4450.852,-5.02,219941740.0,32476325000.0
5238,白酒,2021-08-18,4437.196,4526.955,4383.643,4499.6,1.1,191540610.0,29645391000.0
5239,白酒,2021-08-19,4491.473,4562.891,4424.017,4454.021,-1.01,187391120.0,26896816000.0
5240,白酒,2021-08-20,4312.972,4347.784,4144.515,4187.99,-5.97,321128910.0,52353693000.0
5241,白酒,2021-08-23,4203.88,4333.13,4157.821,4301.901,2.72,261372370.0,37992269000.0
5242,白酒,2021-08-24,4321.417,4452.882,4280.815,4423.246,2.82,270389780.0,37777427000.0
5243,白酒,2021-08-25,4471.442,4613.789,4471.442,4574.637,3.42,292793390.0,35017889000.0
5244,白酒,2021-08-26,4540.879,4540.879,4395.596,4416.642,-3.45,264951410.0,31559791000.0
5245,白酒,2021-08-27,4380.122,4524.293,4377.28,4395.325,-0.48,230121370.0,27780495000.0
5246,白酒,2021-08-30,4372.469,4522.427,4275.472,4432.929,0.86,271289560.0,34134931000.0
5247,白酒,2021-08-31,4418.416,4464.29,4316.02,4346.656,-1.95,212874790.0,27759971000.0
5248,白酒,2021-09-01,4327.321,4589.291,4225.362,4540.777,4.47,343093160.0,46275053000.0
5249,白酒,2021-09-02,4529.982,4611.325,4474.94,4505.158,-0.78,272422640.0,32302808000.0
5250,白酒,2021-09-03,4445.91,4616.287,4377.2,4565.611,1.34,349955460.0,34898910000.0
5251,白酒,2021-09-06,4525.814,4803.484,4497.303,4755.608,4.16,399063850.0,44406205000.0
5252,白酒,2021-09-07,4726.612,4843.278,4699.493,4784.496,0.61,284442260.0,29734409000.0
5253,白酒,2021-09-08,4778.673,4792.77,4677.012,4721.446,-1.32,238075130.0,25124928000.0
5254,白酒,2021-09-09,4703.795,4764.524,4659.865,4703.565,-0.38,209933940.0,19444781000.0
5255,白酒,2021-09-10,4706.856,4796.967,4669.421,4769.056,1.39,257423430.0,30156545000.0
5256,白酒,2021-09-13,4738.667,4817.729,4650.131,4685.409,-1.75,225049850.0,25055030000.0
5257,白酒,2021-09-14,4695.064,4792.631,4650.776,4661.811,-0.5,230523460.0,24327364000.0
5258,白酒,2021-09-15,4609.224,4614.377,4513.783,4541.9,-2.57,236604650.0,30263645000.0
5259,白酒,2021-09-16,4512.37,4648.592,4477.248,4572.335,0.67,277805030.0,30299853000.0
5260,白酒,2021-09-17,4545.019,4816.024,4523.185,4753.114,3.95,357487850.0,37789383000.0
5261,白酒,2021-09-22,4680.052,4707.349,4578.511,4606.677,-3.08,279305260.0,26485863000.0
5262,白酒,2021-09-23,4609.594,4755.832,4586.404,4656.201,1.08,266854500.0,27898064000.0
5263,白酒,2021-09-24,4619.817,4850.118,4619.28,4766.975,2.38,337284940.0,40401516000.0
5264,白酒,2021-09-27,4830.231,5186.69,4830.231,5083.311,6.64,623223590.0,74972855000.0
5265,白酒,2021-09-28,4993.925,5015.125,4781.075,4917.374,-3.26,467878430.0,47915998000.0
5266,白酒,2021-09-29,4886.303,5012.044,4820.534,4902.022,-0.31,370742300.0,36912682000.0
5267,白酒,2021-09-30,4883.93,4984.304,4841.167,4905.535,0.07,303195990.0,34782059000.0
5268,白酒,2021-10-08,4921.771,5136.559,4878.388,5068.739,3.33,357076170.0,43495626000.0
5269,白酒,2021-10-11,5092.021,5222.968,5009.961,5039.912,-0.57,302139940.0,32667416000.0
5270,白酒,2021-10-12,5006.078,5111.444,4930.643,5047.981,0.16,280100650.0,27963937000.0
5271,白酒,2021-10-13,5036.941,5317.262,5022.461,5236.14,3.73,421206620.0,44566395000.0
5272,白酒,2021-10-14,5194.775,5303.054,5084.664,5177.363,-1.12,327349480.0,32838787000.0
5273,白酒,2021-10-15,5093.508,5168.526,5038.165,5122.543,-1.06,276684950.0,30340106000.0
5274,白酒,2021-10-18,5031.136,5031.136,4697.531,4720.167,-7.86,433694330.0,51502150000.0
5275,白酒,2021-10-19,4678.169,4853.796,4678.169,4831.055,2.35,298226240.0,33249580000.0
5276,白酒,2021-10-20,4865.277,4908.969,4791.808,4878.36,0.98,208480970.0,22869816000.0
5277,白酒,2021-10-21,4886.738,4938.85,4843.599,4933.725,1.13,213270790.0,21209952000.0
5278,白酒,2021-10-22,4936.646,5026.976,4904.348,4955.288,0.44,243679890.0,26763381000.0
5279,白酒,2021-10-25,4931.141,4959.061,4862.895,4911.68,-0.88,192148770.0,23770868000.0
5280,白酒,2021-10-26,4893.937,4991.562,4857.038,4941.439,0.61,223119210.0,22194905000.0
5281,白酒,2021-10-27,4906.363,4906.363,4762.14,4798.32,-2.9,233012770.0,25615188000.0
5282,白酒,2021-10-28,4842.428,4911.012,4812.393,4831.585,0.69,240395410.0,26378452000.0
5283,白酒,2021-10-29,4850.509,4941.444,4850.509,4864.841,0.69,255408290.0,29820746000.0
5284,白酒,2021-11-01,4800.582,4941.989,4663.619,4887.127,0.46,366877440.0,40908606000.0
5285,白酒,2021-11-02,4857.952,4899.14,4709.496,4761.557,-2.57,319237700.0,31744010000.0
5286,白酒,2021-11-03,4753.466,4795.218,4697.498,4719.939,-0.87,216895890.0,21932458000.0
5287,白酒,2021-11-04,4741.158,4938.31,4731.82,4906.103,3.94,308527470.0,32036359000.0
5288,白酒,2021-11-05,4883.294,5009.233,4869.825,4923.213,0.35,283722060.0,28260034000.0
5289,白酒,2021-11-08,4900.202,4963.051,4861.326,4907.268,-0.32,176711450.0,19013636000.0
5290,白酒,2021-11-09,4897.372,4966.026,4881.689,4895.018,-0.25,214532140.0,20111549000.0
5291,白酒,2021-11-10,4904.271,4930.54,4781.949,4817.251,-1.59,186539190.0,21567095000.0
5292,白酒,2021-11-11,4809.416,4827.686,4764.567,4823.743,0.13,197620380.0,18487095000.0
5293,白酒,2021-11-12,4835.061,4859.146,4752.263,4755.123,-1.42,190096320.0,19819485000.0
5294,白酒,2021-11-15,4749.198,4808.463,4731.087,4755.906,0.02,163744600.0,18935951000.0
5295,白酒,2021-11-16,4765.383,4992.204,4765.383,4946.444,4.01,306013020.0,31851004000.0
5296,白酒,2021-11-17,4903.77,4918.944,4826.36,4886.684,-1.21,190202660.0,20203660000.0
5297,白酒,2021-11-18,4869.693,4941.143,4837.304,4906.322,0.4,151137750.0,15762681000.0
5298,白酒,2021-11-19,4892.576,5040.537,4888.767,4965.066,1.2,207382800.0,25179160000.0
5299,白酒,2021-11-22,4965.867,5139.542,4965.867,5045.018,1.61,274763380.0,36037623000.0
5300,白酒,2021-11-23,5034.779,5120.752,5000.928,5084.302,0.78,236420450.0,30847235000.0
5301,白酒,2021-11-24,5097.488,5237.043,5097.488,5192.725,2.13,340990650.0,46342028000.0
5302,白酒,2021-11-25,5225.083,5273.886,5135.281,5143.281,-0.95,250546170.0,32745105000.0
5303,白酒,2021-11-26,5148.648,5156.633,5083.838,5116.456,-0.52,186181370.0,23564620000.0
5304,白酒,2021-11-29,5063.284,5167.738,5063.284,5166.458,0.98,211577370.0,28704019000.0
5305,白酒,2021-11-30,5172.067,5187.259,5074.439,5096.703,-1.35,189317720.0,27042230000.0
5306,白酒,2021-12-01,5148.728,5180.044,5091.176,5137.338,0.8,159308600.0,21273228000.0
5307,白酒,2021-12-02,5172.954,5252.926,5164.065,5189.193,1.01,174967850.0,21543123000.0
5308,白酒,2021-12-03,5182.795,5367.114,5182.795,5334.076,2.79,345381190.0,40090573000.0
5309,白酒,2021-12-06,5352.588,5379.372,5268.711,5312.509,-0.4,301051540.0,33685686000.0
5310,白酒,2021-12-07,5338.872,5439.142,5323.504,5345.185,0.62,381850930.0,36358638000.0
5311,白酒,2021-12-08,5326.718,5577.636,5292.778,5567.279,4.16,514689730.0,53253271000.0
5312,白酒,2021-12-09,5576.097,5763.745,5538.701,5661.475,1.69,646100250.0,61222252000.0
5313,白酒,2021-12-10,5598.558,5734.224,5551.63,5676.673,0.27,480705580.0,46071995000.0
5314,白酒,2021-12-13,5710.2,5818.685,5678.476,5721.139,0.78,488751170.0,52022512000.0
5315,白酒,2021-12-14,5678.277,5866.448,5655.802,5798.112,1.35,400109070.0,39075997000.0
5316,白酒,2021-12-15,5756.972,5778.99,5645.684,5749.981,-0.83,388542960.0,33582478000.0
5317,白酒,2021-12-16,5727.978,5789.177,5588.164,5646.932,-1.79,370613120.0,41141009000.0
5318,白酒,2021-12-17,5615.869,5622.435,5521.78,5529.655,-2.08,316883010.0,35893774000.0
5319,白酒,2021-12-20,5498.099,5627.166,5496.144,5509.288,-0.37,264368510.0,27920551000.0
5320,白酒,2021-12-21,5501.154,5573.957,5427.169,5492.943,-0.3,241682880.0,26001691000.0
5321,白酒,2021-12-22,5499.728,5534.234,5466.237,5502.921,0.18,214816960.0,20979764000.0
5322,白酒,2021-12-23,5522.216,5636.609,5433.312,5636.609,2.43,349168320.0,35702041000.0
5323,白酒,2021-12-24,5635.179,5732.347,5568.308,5590.079,-0.83,367094710.0,41581548000.0
5324,白酒,2021-12-27,5578.036,5610.127,5478.53,5504.764,-1.53,255165430.0,29516409000.0
5325,白酒,2021-12-28,5511.639,5599.195,5508.31,5590.349,1.55,241888030.0,25940120000.0
5326,白酒,2021-12-29,5602.949,5602.949,5305.039,5305.039,-5.1,315262800.0,41100654000.0
5327,白酒,2021-12-30,5311.459,5400.45,5295.441,5336.017,0.58,240148230.0,28558949000.0
5328,白酒,2021-12-31,5338.813,5339.72,5243.047,5299.313,-0.69,217243500.0,26416584000.0
5329,白酒,2022-01-04,5291.442,5296.493,5175.108,5283.911,-0.29,254689250.0,26766003000.0
5330,白酒,2022-01-05,5262.709,5329.38,5183.291,5225.643,-1.1,252227270.0,25047297000.0
5331,白酒,2022-01-06,5207.334,5279.026,5144.736,5186.643,-0.75,211375480.0,28799331000.0
5332,白酒,2022-01-07,5172.476,5191.393,5028.861,5035.89,-2.91,215846380.0,23044517000.0
5333,白酒,2022-01-10,4996.096,5043.327,4887.96,5009.378,-0.53,195704220.0,24052344000.0
5334,白酒,2022-01-11,5006.558,5044.951,4948.286,4955.501,-1.08,148320360.0,17656066000.0
5335,白酒,2022-01-12,4966.495,5007.043,4949.968,4997.729,0.85,164606310.0,20318253000.0
5336,白酒,2022-01-13,4993.201,4994.013,4806.458,4809.009,-3.78,225423800.0,32374971000.0
5337,白酒,2022-01-14,4789.561,4849.56,4774.699,4777.219,-0.66,163028790.0,19886519000.0
5338,白酒,2022-01-17,4760.484,4794.364,4686.164,4789.447,0.26,161085890.0,19045478000.0
5339,白酒,2022-01-18,4787.633,4931.213,4753.015,4885.35,2.0,235317760.0,25189831000.0
5340,白酒,2022-01-19,4873.012,4873.012,4750.554,4788.249,-1.99,183658310.0,20941799000.0
5341,白酒,2022-01-20,4777.79,4874.718,4772.362,4860.342,1.51,193607790.0,24356363000.0
5342,白酒,2022-01-21,4829.069,5008.428,4805.445,4933.357,1.5,227372880.0,27225793000.0
5343,白酒,2022-01-24,4892.517,4980.562,4865.125,4907.883,-0.52,158501290.0,19119264000.0
5344,白酒,2022-01-25,4864.677,4887.726,4722.221,4722.677,-3.77,227876600.0,21559031000.0
5345,白酒,2022-01-26,4715.203,4809.085,4640.073,4730.787,0.17,203958700.0,23865461000.0
5346,白酒,2022-01-27,4761.346,4788.388,4621.935,4625.074,-2.23,181322800.0,25204418000.0
5347,白酒,2022-01-28,4612.568,4622.545,4480.104,4480.104,-3.13,173819970.0,25090045000.0
5348,白酒,2022-02-07,4497.169,4628.523,4458.769,4480.109,0.0,184731910.0,25322654000.0
5349,白酒,2022-02-08,4457.202,4457.202,4330.013,4409.697,-1.57,204698590.0,26124405000.0
5350,白酒,2022-02-09,4381.149,4620.044,4372.291,4613.48,4.62,232272660.0,25913104000.0
5351,白酒,2022-02-10,4603.648,4625.342,4544.009,4578.692,-0.75,168113820.0,18038347000.0
5352,白酒,2022-02-11,4557.981,4721.812,4525.715,4566.119,-0.27,204546590.0,25563078000.0
5353,白酒,2022-02-14,4527.494,4644.936,4519.489,4603.666,0.82,157099740.0,19145795000.0
5354,白酒,2022-02-15,4616.771,4747.971,4596.041,4717.682,2.48,173722890.0,21050638000.0
5355,白酒,2022-02-16,4719.845,4813.014,4677.136,4779.752,1.32,189395730.0,15209058000.0
5356,白酒,2022-02-17,4830.489,4866.572,4757.332,4773.756,-0.13,161347580.0,15222410000.0
5357,白酒,2022-02-18,4772.061,4862.594,4744.308,4847.016,1.53,135995920.0,13867784000.0
5358,白酒,2022-02-21,4849.144,4918.836,4847.712,4889.471,0.88,249992850.0,17240564000.0
5359,白酒,2022-02-22,4861.989,4869.521,4774.513,4818.711,-1.45,236877350.0,23907385000.0
5360,白酒,2022-02-23,4824.396,4887.542,4767.786,4873.866,1.14,264024990.0,19109208000.0
5361,白酒,2022-02-24,4840.265,4866.731,4617.026,4677.045,-4.04,313692120.0,31868817000.0
5362,白酒,2022-02-25,4709.202,4762.603,4686.877,4702.066,0.53,221605790.0,19548598000.0
5363,白酒,2022-02-28,4690.044,4756.101,4630.117,4756.101,1.15,220653760.0,17114448000.0
5364,白酒,2022-03-01,4766.788,4912.829,4766.788,4874.689,2.49,304783460.0,26883087000.0
5365,白酒,2022-03-02,4819.682,4858.974,4777.724,4839.367,-0.72,200022020.0,16184787000.0
5366,白酒,2022-03-03,4851.508,4860.521,4676.268,4676.484,-3.37,226467130.0,23633489000.0
5367,白酒,2022-03-04,4640.971,4744.715,4605.42,4643.969,-0.7,251205590.0,21507447000.0
5368,白酒,2022-03-07,4594.47,4594.47,4450.921,4468.481,-3.78,268175090.0,29733201000.0
5369,白酒,2022-03-08,4537.621,4613.993,4422.718,4444.251,-0.54,278380400.0,28986994000.0
5370,白酒,2022-03-09,4443.63,4546.322,4270.185,4455.546,0.25,333664760.0,31646043000.0
5371,白酒,2022-03-10,4586.852,4645.652,4537.46,4624.301,3.79,273096880.0,28845595000.0
5372,白酒,2022-03-11,4606.23,4696.342,4558.347,4691.969,1.46,338175170.0,31895680000.0
5373,白酒,2022-03-14,4611.067,4611.067,4425.122,4425.309,-5.68,294615550.0,28789003000.0
5374,白酒,2022-03-15,4298.307,4390.064,4194.904,4197.31,-5.15,353682080.0,36747490000.0
5375,白酒,2022-03-16,4249.021,4264.55,4010.048,4234.712,0.89,374668960.0,37320955000.0
5376,白酒,2022-03-17,4289.718,4450.648,4278.726,4375.016,3.31,355082620.0,36135697000.0
5377,白酒,2022-03-18,4354.621,4410.635,4319.19,4378.787,0.09,239921660.0,21054636000.0
5378,白酒,2022-03-21,4417.002,4430.21,4354.084,4404.577,0.59,217051850.0,17898154000.0
5379,白酒,2022-03-22,4405.77,4418.583,4316.401,4330.951,-1.67,216745440.0,14685436000.0
5380,白酒,2022-03-23,4335.363,4466.326,4321.597,4424.781,2.17,234380900.0,23962651000.0
5381,白酒,2022-03-24,4374.844,4374.844,4278.021,4286.918,-3.12,210071510.0,17739325000.0
5382,白酒,2022-03-25,4292.645,4306.466,4144.905,4152.556,-3.13,220566380.0,19911540000.0
5383,白酒,2022-03-28,4057.084,4079.388,3966.045,4037.753,-2.76,215084470.0,26025842000.0
5384,白酒,2022-03-29,4053.773,4102.086,3980.183,3983.03,-1.36,178037170.0,16472418000.0
5385,白酒,2022-03-30,4033.809,4122.91,4026.35,4122.91,3.51,204632800.0,22521031000.0
5386,白酒,2022-03-31,4092.985,4130.618,4064.216,4091.212,-0.77,210537480.0,16222324000.0
5387,白酒,2022-04-01,4058.63,4241.839,4053.534,4180.025,2.17,253242350.0,24232157000.0
5388,白酒,2022-04-06,4141.017,4199.019,4116.126,4139.584,-0.97,176480610.0,16012408000.0
5389,白酒,2022-04-07,4121.965,4254.459,4121.91,4175.061,0.86,218146470.0,15062942000.0
5390,白酒,2022-04-08,4183.818,4220.961,4130.299,4135.131,-0.96,204660320.0,15543167000.0
5391,白酒,2022-04-11,4094.318,4094.318,3905.862,3934.829,-4.84,227337530.0,22554235000.0
5392,白酒,2022-04-12,3924.161,4173.622,3924.161,4173.453,6.06,261945570.0,25452078000.0
5393,白酒,2022-04-13,4146.462,4266.862,4125.991,4195.873,0.54,286515540.0,22347411000.0
5394,白酒,2022-04-14,4231.499,4471.044,4231.499,4434.108,5.68,393894770.0,33174688000.0
5395,白酒,2022-04-15,4402.291,4482.546,4350.699,4366.25,-1.53,312880200.0,21239904000.0
5396,白酒,2022-04-18,4302.931,4380.457,4297.125,4379.7,0.31,268706640.0,17644720000.0
5397,白酒,2022-04-19,4374.465,4460.3,4319.514,4343.355,-0.83,237592910.0,17086457000.0
5398,白酒,2022-04-20,4339.791,4476.39,4265.472,4391.394,1.11,272238960.0,19760431000.0
5399,白酒,2022-04-21,4345.84,4418.581,4255.709,4277.937,-2.58,242559240.0,18548300000.0
5400,白酒,2022-04-22,4257.677,4307.624,4186.276,4250.779,-0.63,225228680.0,18640023000.0
5401,白酒,2022-04-25,4111.419,4118.063,3927.094,3930.732,-7.53,251253390.0,25662557000.0
5402,白酒,2022-04-26,3955.325,4147.973,3921.089,4032.982,2.6,298855730.0,26471025000.0
5403,白酒,2022-04-27,4019.8,4140.242,4005.523,4140.242,2.66,308631250.0,28795053000.0
5404,白酒,2022-04-28,4101.078,4252.482,4088.876,4212.994,1.76,277206400.0,26956388000.0
5405,白酒,2022-04-29,4262.829,4311.841,4162.919,4242.35,0.7,352685310.0,32873882000.0
5406,白酒,2022-05-05,4213.235,4357.657,4212.66,4264.676,0.53,311383770.0,26648465000.0
5407,白酒,2022-05-06,4156.999,4164.978,4046.512,4075.736,-4.43,233696900.0,20304584000.0
5408,白酒,2022-05-09,4017.482,4027.847,3966.669,4015.663,-1.47,177057800.0,18007842000.0
5409,白酒,2022-05-10,3938.823,4089.07,3915.998,4079.883,1.6,235056370.0,21029485000.0
5410,白酒,2022-05-11,4081.622,4219.927,4076.742,4156.837,1.89,261848030.0,22173875000.0
5411,白酒,2022-05-12,4133.643,4291.384,4127.93,4225.229,1.65,279583160.0,18721199000.0
5412,白酒,2022-05-13,4239.803,4265.452,4175.623,4205.92,-0.46,223395630.0,15509512000.0
5413,白酒,2022-05-16,4229.91,4250.99,4167.469,4205.549,-0.01,236969470.0,17547389000.0
5414,白酒,2022-05-17,4201.911,4271.18,4180.207,4269.805,1.53,243034160.0,15293721000.0
5415,白酒,2022-05-18,4262.909,4264.326,4174.065,4225.346,-1.04,219070110.0,16741446000.0
5416,白酒,2022-05-19,4158.304,4191.1,4154.094,4188.014,-0.88,171768330.0,13412850900.0
5417,白酒,2022-05-20,4205.464,4378.06,4205.464,4365.244,4.23,333736740.0,31188539000.0
5418,白酒,2022-05-23,4358.014,4383.69,4307.662,4340.747,-0.56,270282380.0,20467863000.0
5419,白酒,2022-05-24,4349.403,4352.096,4221.336,4223.563,-2.7,240643170.0,18284368000.0
5420,白酒,2022-05-25,4228.187,4264.372,4150.827,4240.373,0.4,211872800.0,18192265000.0
5421,白酒,2022-05-26,4233.387,4353.758,4189.304,4305.707,1.54,286999930.0,20149450000.0
5422,白酒,2022-05-27,4317.837,4376.933,4268.054,4284.877,-0.48,258613360.0,20096474000.0
5423,白酒,2022-05-30,4306.602,4433.365,4306.602,4423.654,3.24,325498700.0,30150245000.0
5424,白酒,2022-05-31,4412.264,4595.498,4385.239,4568.892,3.28,395226110.0,36318255000.0
5425,半导体,2021-06-01,6734.448,6925.211,6705.671,6860.986,,1593702900.0,52434799000.0
5426,半导体,2021-06-02,6849.588,6859.945,6735.358,6759.364,-1.48,1375400600.0,43173418000.0
5427,半导体,2021-06-03,6764.407,6809.951,6706.052,6707.921,-0.76,1249490340.0,36671346000.0
5428,半导体,2021-06-04,6684.661,6891.948,6683.88,6861.24,2.29,1523877700.0,46884125000.0
5429,半导体,2021-06-07,6990.343,7133.958,6990.343,7100.179,3.48,2088407900.0,63271355000.0
5430,半导体,2021-06-08,7129.9,7129.9,7013.617,7041.188,-0.83,2021051100.0,55358336000.0
5431,半导体,2021-06-09,7039.758,7144.071,7017.995,7068.383,0.39,1508111000.0,47531905000.0
5432,半导体,2021-06-10,7057.325,7193.154,7053.497,7193.154,1.77,1636990800.0,51377408000.0
5433,半导体,2021-06-11,7194.253,7194.253,6996.297,6997.725,-2.72,1728625800.0,54616105000.0
5434,半导体,2021-06-15,6997.1,7138.416,6997.1,7074.713,1.1,1534914700.0,52832629000.0
5435,半导体,2021-06-16,7108.212,7278.324,7047.818,7051.7,-0.33,1686458900.0,56099480000.0
5436,半导体,2021-06-17,7044.228,7537.146,7041.851,7508.893,6.48,2603215200.0,89934042000.0
5437,半导体,2021-06-18,7523.491,7576.014,7433.393,7540.507,0.42,2314697500.0,87207016000.0
5438,半导体,2021-06-21,7506.302,7672.198,7490.752,7652.884,1.49,2044218200.0,74426844000.0
5439,半导体,2021-06-22,7677.003,7688.995,7521.215,7612.564,-0.53,1966293900.0,67787968000.0
5440,半导体,2021-06-23,7602.585,7948.184,7602.585,7880.855,3.52,2599040300.0,95100707000.0
5441,半导体,2021-06-24,7861.392,7904.987,7752.071,7774.028,-1.36,2268144700.0,77085214000.0
5442,半导体,2021-06-25,7754.17,7868.798,7685.838,7821.982,0.62,2490558800.0,79643894000.0
5443,半导体,2021-06-28,7827.409,8028.146,7801.331,7945.942,1.58,2296901400.0,79775631000.0
5444,半导体,2021-06-29,7925.138,7962.651,7805.529,7855.25,-1.14,1985066000.0,70784190000.0
5445,半导体,2021-06-30,7940.52,8257.746,7940.52,8190.756,4.27,2350039400.0,90107541000.0
5446,半导体,2021-07-01,8198.091,8198.091,7921.692,7921.692,-3.28,2168032300.0,80353505000.0
5447,半导体,2021-07-02,7905.169,7994.762,7835.413,7913.177,-0.11,1956322000.0,76808577000.0
5448,半导体,2021-07-05,8000.354,8178.562,7959.845,8178.562,3.35,2101554200.0,84393369000.0
5449,半导体,2021-07-06,8196.482,8308.894,7960.48,8118.824,-0.73,2435198600.0,97091588000.0
5450,半导体,2021-07-07,8007.632,8247.593,7925.707,8239.076,1.48,2016088900.0,78620408000.0
5451,半导体,2021-07-08,8245.949,8509.269,8245.949,8480.982,2.94,2517027300.0,95492427000.0
5452,半导体,2021-07-09,8409.404,8473.579,8272.465,8438.88,-0.5,2202829600.0,81363920000.0
5453,半导体,2021-07-12,8453.129,8604.152,8347.689,8573.032,1.59,2407465500.0,91627276000.0
5454,半导体,2021-07-13,8533.949,8533.949,8244.238,8311.391,-3.05,2227574100.0,94173494000.0
5455,半导体,2021-07-14,8260.865,8340.752,8171.72,8199.713,-1.34,1689137900.0,67745109000.0
5456,半导体,2021-07-15,8171.667,8234.159,8050.949,8182.606,-0.21,1513413900.0,60510534000.0
5457,半导体,2021-07-16,8195.649,8317.021,8157.824,8158.427,-0.3,1620362200.0,68043046000.0
5458,半导体,2021-07-19,8094.06,8155.213,8029.307,8111.839,-0.57,1548928800.0,62137038000.0
5459,半导体,2021-07-20,8051.404,8288.052,8043.697,8287.961,2.17,1480694500.0,60219651000.0
5460,半导体,2021-07-21,8320.442,8623.392,8299.63,8552.754,3.19,2095492900.0,86364027000.0
5461,半导体,2021-07-22,8573.799,8811.8,8479.818,8787.315,2.74,2275581000.0,96786713000.0
5462,半导体,2021-07-23,8778.106,8870.364,8722.67,8755.194,-0.37,2081291000.0,86051116000.0
5463,半导体,2021-07-26,8755.614,8948.547,8550.432,8839.682,0.97,2254022000.0,98744747000.0
5464,半导体,2021-07-27,8904.596,9515.236,8904.596,9015.04,1.98,3769073000.0,165031160000.0
5465,半导体,2021-07-28,8864.862,8952.765,8400.066,8708.001,-3.41,3088716800.0,119829202000.0
5466,半导体,2021-07-29,8891.025,9361.217,8847.833,9321.292,7.04,3126072800.0,126832649000.0
5467,半导体,2021-07-30,9287.943,9521.787,9263.248,9387.787,0.71,2967600900.0,124582816000.0
5468,半导体,2021-08-02,9352.691,9477.666,9133.739,9370.529,-0.18,2771980000.0,124438324000.0
5469,半导体,2021-08-03,9325.075,9325.075,8816.541,8848.855,-5.57,2600148800.0,110433154000.0
5470,半导体,2021-08-04,8842.566,9178.379,8841.874,9178.379,3.72,2226495800.0,97351515000.0
5471,半导体,2021-08-05,9145.131,9245.35,9000.124,9157.027,-0.23,2172385300.0,91641743000.0
5472,半导体,2021-08-06,9205.777,9266.399,9024.659,9140.162,-0.18,2261182600.0,91886600000.0
5473,半导体,2021-08-09,9024.361,9031.158,8825.326,9020.485,-1.31,2023785900.0,82605589000.0
5474,半导体,2021-08-10,9010.56,9118.058,8861.558,9012.855,-0.08,2029647000.0,82773497000.0
5475,半导体,2021-08-11,8997.576,9078.375,8887.673,9062.645,0.55,1904301200.0,72838431000.0
5476,半导体,2021-08-12,9023.726,9333.112,9023.726,9220.874,1.75,2052735800.0,79386343000.0
5477,半导体,2021-08-13,9126.83,9127.667,8900.282,8927.624,-3.18,2089033600.0,80448090000.0
5478,半导体,2021-08-16,8873.687,9115.318,8759.533,8982.742,0.62,1839025100.0,79664867000.0
5479,半导体,2021-08-17,8970.92,8998.83,8602.381,8626.393,-3.97,2021746700.0,76419711000.0
5480,半导体,2021-08-18,8619.665,8700.714,8531.982,8597.486,-0.34,1616087300.0,64836917000.0
5481,半导体,2021-08-19,8579.119,8759.214,8557.169,8680.299,0.96,1443623200.0,64009127000.0
5482,半导体,2021-08-20,8641.521,8796.955,8554.97,8701.253,0.24,1542804500.0,69145270000.0
5483,半导体,2021-08-23,8720.008,8915.436,8691.969,8909.823,2.4,1536327300.0,70321611000.0
5484,半导体,2021-08-24,8915.118,9044.867,8803.003,8989.547,0.89,1853082900.0,81741156000.0
5485,半导体,2021-08-25,8987.363,9037.092,8859.957,8927.602,-0.69,1649802100.0,70220266000.0
5486,半导体,2021-08-26,8940.737,8999.98,8787.703,8795.162,-1.48,1688162000.0,70541849000.0
5487,半导体,2021-08-27,8738.215,8772.506,8639.047,8735.282,-0.68,1595143400.0,64905237000.0
5488,半导体,2021-08-30,8778.001,8928.631,8665.61,8696.304,-0.45,1827930700.0,76289906000.0
5489,半导体,2021-08-31,8659.759,8659.759,8419.863,8504.397,-2.21,1790952100.0,75904097000.0
5490,半导体,2021-09-01,8500.654,8500.654,8237.556,8406.253,-1.15,1780698500.0,69154250000.0
5491,半导体,2021-09-02,8358.593,8379.528,8289.594,8333.051,-0.87,1474176100.0,60162315000.0
5492,半导体,2021-09-03,8320.124,8472.615,8230.38,8410.54,0.93,1672011800.0,63943381000.0
5493,半导体,2021-09-06,8410.305,8614.048,8346.986,8610.103,2.37,1575554700.0,58799701000.0
5494,半导体,2021-09-07,8591.669,8671.774,8559.457,8614.316,0.05,1391214900.0,50150635000.0
5495,半导体,2021-09-08,8620.204,8641.916,8546.361,8580.989,-0.39,1539276600.0,53943060000.0
5496,半导体,2021-09-09,8553.603,8557.75,8394.18,8436.222,-1.69,1482714900.0,50944176000.0
5497,半导体,2021-09-10,8432.726,8730.613,8380.073,8660.828,2.66,1825510300.0,73252039000.0
5498,半导体,2021-09-13,8628.973,8628.973,8397.51,8407.82,-2.92,1551421000.0,62331659000.0
5499,半导体,2021-09-14,8391.142,8552.89,8347.129,8375.708,-0.38,1447775000.0,56899976000.0
5500,半导体,2021-09-15,8358.299,8390.727,8241.026,8338.95,-0.44,1158294210.0,48608802000.0
5501,半导体,2021-09-16,8313.046,8332.095,8074.483,8076.055,-3.15,1289303680.0,49694563000.0
5502,半导体,2021-09-17,8087.682,8174.967,7949.138,8081.462,0.07,1085371350.0,39255342000.0
5503,半导体,2021-09-22,7966.799,8142.35,7956.978,8099.851,0.23,1011656030.0,39524437000.0
5504,半导体,2021-09-23,8137.443,8293.427,8094.501,8234.779,1.67,1275852330.0,51953199000.0
5505,半导体,2021-09-24,8214.3,8254.236,8118.805,8121.557,-1.37,1196299770.0,45896408000.0
5506,半导体,2021-09-27,8162.665,8263.014,7942.407,7986.739,-1.66,1226862350.0,48199522000.0
5507,半导体,2021-09-28,7961.083,8136.268,7909.418,8020.611,0.42,936092230.0,41559813000.0
5508,半导体,2021-09-29,7942.405,7963.309,7781.852,7801.162,-2.74,1039800870.0,41807931000.0
5509,半导体,2021-09-30,7831.047,8002.17,7831.047,7983.884,2.34,847932000.0,37553976000.0
5510,半导体,2021-10-08,8087.798,8176.094,8001.624,8022.954,0.49,964242030.0,45041209000.0
5511,半导体,2021-10-11,8045.188,8089.089,7978.642,7999.06,-0.3,911093660.0,42630062000.0
5512,半导体,2021-10-12,7981.658,8002.332,7709.159,7774.479,-2.81,1038315390.0,43103425000.0
5513,半导体,2021-10-13,7786.426,7950.734,7786.426,7949.331,2.25,973337600.0,40044702000.0
5514,半导体,2021-10-14,7922.549,7943.725,7861.142,7913.168,-0.45,823211570.0,34451597000.0
5515,半导体,2021-10-15,7900.78,8149.798,7860.349,8100.337,2.37,1325311050.0,57868423000.0
5516,半导体,2021-10-18,8076.807,8076.807,7957.595,8036.78,-0.78,1119420060.0,51006212000.0
5517,半导体,2021-10-19,8042.555,8116.067,8028.106,8075.796,0.49,987110230.0,41106332000.0
5518,半导体,2021-10-20,8075.738,8108.52,8026.362,8055.036,-0.26,995390630.0,37390792000.0
5519,半导体,2021-10-21,8048.168,8048.168,7899.988,7924.214,-1.62,972587170.0,36978534000.0
5520,半导体,2021-10-22,7964.273,8116.254,7958.386,8029.454,1.33,1182554640.0,55014766000.0
5521,半导体,2021-10-25,8032.028,8081.339,7930.554,8081.339,0.65,961068090.0,45051361000.0
5522,半导体,2021-10-26,8071.109,8141.174,8011.899,8094.707,0.17,1341869440.0,57154448000.0
5523,半导体,2021-10-27,8067.526,8067.526,7859.528,7888.7,-2.54,1250574740.0,50075472000.0
5524,半导体,2021-10-28,7873.216,7955.814,7729.532,7745.179,-1.82,1186168280.0,52262987000.0
5525,半导体,2021-10-29,7757.099,7967.544,7757.099,7948.004,2.62,1318587590.0,58315701000.0
5526,半导体,2021-11-01,7971.424,8211.256,7968.464,8190.799,3.05,1679537100.0,65507366000.0
5527,半导体,2021-11-02,8230.164,8453.061,8230.164,8311.774,1.48,2172613200.0,86028414000.0
5528,半导体,2021-11-03,8330.045,8441.333,8230.409,8328.795,0.2,1459757800.0,62541271000.0
5529,半导体,2021-11-04,8358.387,8506.396,8358.243,8482.486,1.85,1501915700.0,62591177000.0
5530,半导体,2021-11-05,8582.85,8693.505,8527.621,8533.594,0.6,1972734300.0,71856271000.0
5531,半导体,2021-11-08,8460.404,8460.861,8288.188,8414.282,-1.4,1558652800.0,58873554000.0
5532,半导体,2021-11-09,8411.793,8646.84,8398.144,8634.993,2.62,1719027900.0,66010970000.0
5533,半导体,2021-11-10,8594.688,8743.929,8576.66,8743.929,1.26,1756848600.0,65751433000.0
5534,半导体,2021-11-11,8696.037,9056.07,8679.99,8940.215,2.24,2067314400.0,89781812000.0
5535,半导体,2021-11-12,8899.576,9036.883,8877.332,9016.022,0.85,1961563200.0,77408442000.0
5536,半导体,2021-11-15,9142.046,9267.413,9111.966,9116.158,1.11,1708683000.0,67126910000.0
5537,半导体,2021-11-16,9085.171,9170.455,8938.614,8946.034,-1.87,1713277200.0,61775474000.0
5538,半导体,2021-11-17,8947.932,9108.008,8903.453,9108.008,1.81,1489177400.0,54235263000.0
5539,半导体,2021-11-18,9083.734,9151.228,9011.849,9012.048,-1.05,1514012800.0,57566131000.0
5540,半导体,2021-11-19,9012.855,9158.121,9009.736,9148.825,1.52,1522824200.0,57314739000.0
5541,半导体,2021-11-22,9173.718,9552.806,9173.718,9545.674,4.34,2225686100.0,93112094000.0
5542,半导体,2021-11-23,9523.965,9646.286,9519.883,9583.899,0.4,2002819900.0,83642380000.0
5543,半导体,2021-11-24,9578.566,9724.93,9560.263,9586.842,0.03,1759371700.0,75578217000.0
5544,半导体,2021-11-25,9571.904,9770.345,9543.388,9642.048,0.58,1733258200.0,78802794000.0
5545,半导体,2021-11-26,9596.768,9612.46,9452.893,9493.421,-1.54,1644509700.0,69326479000.0
5546,半导体,2021-11-29,9343.657,9538.972,9329.105,9529.975,0.39,1528443400.0,61702407000.0
5547,半导体,2021-11-30,9590.335,9692.588,9504.914,9577.442,0.5,1696255100.0,70326438000.0
5548,半导体,2021-12-01,9548.966,9688.003,9546.063,9587.297,0.1,1442455300.0,63566904000.0
5549,半导体,2021-12-02,9578.599,9611.525,9405.368,9418.361,-1.76,1472625800.0,63896240000.0
5550,半导体,2021-12-03,9455.688,9621.893,9455.663,9559.975,1.5,1556599400.0,74368863000.0
5551,半导体,2021-12-06,9553.23,9553.23,9268.739,9282.885,-2.9,1461645600.0,61689584000.0
5552,半导体,2021-12-07,9327.834,9332.516,8955.514,9024.575,-2.78,1504572800.0,60935262000.0
5553,半导体,2021-12-08,9075.097,9234.298,9074.404,9234.298,2.32,1393110500.0,59187381000.0
5554,半导体,2021-12-09,9221.887,9277.736,9193.851,9261.849,0.3,1391126900.0,58448672000.0
5555,半导体,2021-12-10,9222.594,9259.944,9160.689,9242.935,-0.2,1381620000.0,64118326000.0
5556,半导体,2021-12-13,9251.686,9294.533,9172.981,9268.715,0.28,1178421670.0,51811062000.0
5557,半导体,2021-12-14,9246.13,9308.27,9189.298,9294.168,0.27,1013559680.0,44917313000.0
5558,半导体,2021-12-15,9300.19,9346.194,9215.233,9225.196,-0.74,1233306870.0,49286522000.0
5559,半导体,2021-12-16,9249.187,9308.504,9221.689,9247.403,0.24,1165766400.0,47789214000.0
5560,半导体,2021-12-17,9210.41,9210.41,8983.276,8983.339,-2.86,1276769890.0,51796425000.0
5561,半导体,2021-12-20,8961.267,9008.733,8792.037,8792.101,-2.13,1040365900.0,41820654000.0
5562,半导体,2021-12-21,8791.073,8888.765,8782.117,8884.287,1.05,838794140.0,35172717000.0
5563,半导体,2021-12-22,8913.337,9041.937,8890.72,8988.257,1.17,1148628880.0,47173424000.0
5564,半导体,2021-12-23,8991.536,9049.099,8927.171,9005.016,0.19,1101113900.0,42522310000.0
5565,半导体,2021-12-24,9006.921,9056.553,8891.983,8903.714,-1.12,1075720060.0,42729645000.0
5566,半导体,2021-12-27,8888.104,8942.537,8851.111,8878.146,-0.29,903077420.0,35872884000.0
5567,半导体,2021-12-28,8906.368,8983.321,8887.343,8963.231,0.96,895132400.0,36588244000.0
5568,半导体,2021-12-29,8957.078,8957.078,8811.002,8851.434,-1.25,967362110.0,37103567000.0
5569,半导体,2021-12-30,8855.144,9094.542,8848.422,9049.09,2.23,1159874230.0,47492618000.0
5570,半导体,2021-12-31,9055.998,9066.242,8988.646,9051.113,0.02,986305110.0,41348823000.0
5571,半导体,2022-01-04,9064.909,9091.542,8865.787,8931.713,-1.32,1100336880.0,48100422000.0
5572,半导体,2022-01-05,8912.607,8923.816,8594.58,8660.011,-3.04,1184624070.0,52235492000.0
5573,半导体,2022-01-06,8606.615,8708.925,8548.372,8662.562,0.03,934794450.0,40801256000.0
5574,半导体,2022-01-07,8659.54,8720.863,8515.782,8515.782,-1.69,958081290.0,39192649000.0
5575,半导体,2022-01-10,8492.04,8558.195,8343.814,8521.912,0.07,926632680.0,37765844000.0
5576,半导体,2022-01-11,8510.264,8521.735,8350.633,8369.404,-1.79,810329050.0,35619562000.0
5577,半导体,2022-01-12,8416.994,8512.603,8416.079,8512.587,1.71,867883230.0,40853794000.0
5578,半导体,2022-01-13,8511.663,8511.663,8359.378,8361.571,-1.77,803744950.0,33602444000.0
5579,半导体,2022-01-14,8322.447,8516.657,8310.686,8456.182,1.13,879680040.0,41549841000.0
5580,半导体,2022-01-17,8452.09,8659.804,8452.09,8647.618,2.26,1029896640.0,44390489000.0
5581,半导体,2022-01-18,8651.968,8776.804,8601.619,8649.189,0.02,1052671570.0,44985702000.0
5582,半导体,2022-01-19,8609.972,8624.403,8487.059,8528.059,-1.4,796458680.0,35130398000.0
5583,半导体,2022-01-20,8524.869,8540.604,8309.81,8315.154,-2.5,892636300.0,34641639000.0
5584,半导体,2022-01-21,8285.984,8299.411,8140.706,8149.214,-2.0,787938810.0,32697437000.0
5585,半导体,2022-01-24,8105.636,8256.608,8101.68,8208.475,0.73,697908110.0,33124653000.0
5586,半导体,2022-01-25,8182.49,8231.603,7926.411,7926.411,-3.44,886479590.0,36733184000.0
5587,半导体,2022-01-26,7959.389,8018.627,7884.015,8002.282,0.96,739006220.0,32078763000.0
5588,半导体,2022-01-27,7997.285,8033.105,7719.375,7719.447,-3.53,849184630.0,34775104000.0
5589,半导体,2022-01-28,7764.808,7824.002,7620.41,7696.685,-0.29,798999520.0,33538859000.0
5590,半导体,2022-02-07,7831.788,7868.289,7727.541,7749.702,0.69,729456070.0,31351822000.0
5591,半导体,2022-02-08,7745.516,7745.851,7532.622,7659.806,-1.16,764151220.0,35238986000.0
5592,半导体,2022-02-09,7660.271,7769.066,7590.851,7769.052,1.43,777722200.0,32560147000.0
5593,半导体,2022-02-10,7788.174,7814.676,7681.103,7707.976,-0.79,735261850.0,31368480000.0
5594,半导体,2022-02-11,7669.705,7669.705,7504.736,7521.937,-2.41,819412260.0,30082631000.0
5595,半导体,2022-02-14,7453.074,7568.899,7363.713,7487.556,-0.46,626795410.0,26669122000.0
5596,半导体,2022-02-15,7516.039,7707.158,7515.83,7706.529,2.92,849779960.0,33667903000.0
5597,半导体,2022-02-16,7751.381,7760.029,7676.52,7704.433,-0.03,725835850.0,27149188000.0
5598,半导体,2022-02-17,7690.918,7838.008,7660.021,7742.309,0.49,778467010.0,30341463000.0
5599,半导体,2022-02-18,7678.452,7707.935,7641.375,7705.895,-0.47,576415960.0,22571857000.0
5600,半导体,2022-02-21,7689.373,7741.777,7687.617,7729.213,0.3,750990810.0,25422215000.0
5601,半导体,2022-02-22,7681.569,7752.072,7539.188,7708.877,-0.26,785729800.0,31673230000.0
5602,半导体,2022-02-23,7709.307,8134.173,7709.307,8128.71,5.45,1325369920.0,56572665000.0
5603,半导体,2022-02-24,8099.128,8144.639,7834.579,7955.925,-2.13,1381713400.0,54658126000.0
5604,半导体,2022-02-25,8074.148,8151.62,8024.544,8044.69,1.12,905611880.0,39779518000.0
5605,半导体,2022-02-28,8030.617,8086.364,7980.332,8059.7,0.19,751414000.0,33154753000.0
5606,半导体,2022-03-01,8075.902,8092.967,8000.357,8072.284,0.16,728961670.0,29540978000.0
5607,半导体,2022-03-02,8018.695,8018.695,7920.151,7989.538,-1.03,650917350.0,28464809000.0
5608,半导体,2022-03-03,8029.438,8048.08,7819.018,7822.061,-2.1,771308480.0,30002238000.0
5609,半导体,2022-03-04,7767.449,8002.982,7752.276,7837.116,0.19,790775760.0,36875008000.0
5610,半导体,2022-03-07,7793.314,7793.314,7558.66,7592.571,-3.12,890266320.0,36219686000.0
5611,半导体,2022-03-08,7601.198,7733.407,7444.622,7547.407,-0.59,993998800.0,43072592000.0
5612,半导体,2022-03-09,7581.728,7702.044,7272.066,7559.333,0.16,1137086110.0,49722234000.0
5613,半导体,2022-03-10,7745.545,7773.538,7581.354,7581.422,0.29,979339160.0,48096731000.0
5614,半导体,2022-03-11,7469.664,7588.534,7367.932,7588.534,0.09,922529180.0,39537500000.0
5615,半导体,2022-03-14,7503.092,7503.092,7338.489,7338.489,-3.3,729288000.0,30731130000.0
5616,半导体,2022-03-15,7282.624,7386.32,7015.21,7015.21,-4.41,1025776520.0,42726686000.0
5617,半导体,2022-03-16,7147.777,7304.371,6870.182,7295.954,4.0,1215359680.0,51844008000.0
5618,半导体,2022-03-17,7396.531,7586.014,7396.51,7457.463,2.21,1245061260.0,57814042000.0
5619,半导体,2022-03-18,7421.413,7484.912,7366.102,7436.812,-0.28,793218850.0,34046464000.0
5620,半导体,2022-03-21,7440.529,7557.975,7402.86,7538.087,1.36,819099920.0,35515201000.0
5621,半导体,2022-03-22,7521.874,7525.861,7420.444,7443.788,-1.25,669957060.0,29186441000.0
5622,半导体,2022-03-23,7461.309,7508.699,7395.036,7486.644,0.58,697891610.0,29421122000.0
5623,半导体,2022-03-24,7444.872,7444.889,7296.118,7310.868,-2.35,668819480.0,26958183000.0
5624,半导体,2022-03-25,7347.961,7411.551,7223.587,7223.604,-1.19,658991240.0,28112741000.0
5625,半导体,2022-03-28,7157.182,7232.403,7096.695,7168.376,-0.76,586329480.0,23677865000.0
5626,半导体,2022-03-29,7192.695,7208.504,6979.094,6990.537,-2.48,684333640.0,28548286000.0
5627,半导体,2022-03-30,7038.721,7155.806,7034.039,7155.806,2.36,690337030.0,29379413000.0
5628,半导体,2022-03-31,7131.184,7131.184,7048.782,7056.599,-1.39,738356220.0,29326561000.0
5629,半导体,2022-04-01,7027.839,7123.235,6971.511,7062.336,0.08,736028520.0,27616659000.0
5630,半导体,2022-04-06,7038.327,7038.327,6886.333,6919.489,-2.02,798581870.0,31438279000.0
5631,半导体,2022-04-07,6887.739,6922.313,6739.592,6740.073,-2.59,818136980.0,27535962000.0
5632,半导体,2022-04-08,6758.87,6785.862,6612.901,6718.402,-0.32,781557030.0,27841198000.0
5633,半导体,2022-04-11,6692.299,6692.299,6386.172,6411.237,-4.57,850245820.0,30719126000.0
5634,半导体,2022-04-12,6405.858,6504.32,6328.651,6504.208,1.45,759753080.0,27714918000.0
5635,半导体,2022-04-13,6470.289,6470.685,6340.725,6340.821,-2.51,646414870.0,22831918000.0
5636,半导体,2022-04-14,6379.704,6499.472,6313.205,6456.296,1.82,729318220.0,31120892000.0
5637,半导体,2022-04-15,6385.377,6457.479,6307.723,6408.566,-0.74,696477140.0,27741801000.0
5638,半导体,2022-04-18,6361.782,6612.335,6348.738,6607.956,3.11,847676850.0,32633879000.0
5639,半导体,2022-04-19,6569.88,6609.055,6469.917,6494.426,-1.72,742410620.0,28169633000.0
5640,半导体,2022-04-20,6500.137,6559.492,6425.846,6445.959,-0.75,726507540.0,26362456000.0
5641,半导体,2022-04-21,6409.88,6546.303,6271.297,6284.849,-2.5,844414290.0,28548864000.0
5642,半导体,2022-04-22,6245.523,6265.907,6102.439,6116.153,-2.68,863428580.0,32348035000.0
5643,半导体,2022-04-25,5972.037,5972.037,5605.313,5605.313,-8.35,1067578540.0,32797329000.0
5644,半导体,2022-04-26,5618.205,5664.186,5372.073,5381.146,-4.0,966344100.0,29497800000.0
5645,半导体,2022-04-27,5289.665,5693.245,5273.928,5691.828,5.77,1091178920.0,35151315000.0
5646,半导体,2022-04-28,5634.148,5670.508,5514.011,5571.327,-2.12,937730090.0,31016116000.0
5647,半导体,2022-04-29,5627.342,5853.042,5603.714,5828.821,4.62,1132978460.0,36929900000.0
5648,半导体,2022-05-05,5820.817,5957.605,5800.734,5884.792,0.96,958007010.0,33513538000.0
5649,半导体,2022-05-06,5725.043,5871.679,5703.251,5791.88,-1.58,784792730.0,24271225000.0
5650,半导体,2022-05-09,5775.335,5871.717,5762.467,5797.448,0.1,644840940.0,20993899000.0
5651,半导体,2022-05-10,5720.68,6047.934,5699.0,5995.585,3.42,980533140.0,36136744000.0
5652,半导体,2022-05-11,6007.414,6309.529,6002.386,6157.297,2.7,1360404900.0,48247285000.0
5653,半导体,2022-05-12,6121.559,6279.449,6111.566,6219.672,1.01,953603040.0,32800926000.0
5654,半导体,2022-05-13,6248.306,6290.688,6173.386,6243.876,0.39,761653680.0,26075912000.0
5655,半导体,2022-05-16,6294.675,6356.413,6184.835,6207.319,-0.59,751901010.0,24551201000.0
5656,半导体,2022-05-17,6205.556,6341.288,6164.522,6339.28,2.13,900332900.0,34463433000.0
5657,半导体,2022-05-18,6351.346,6430.422,6327.539,6370.406,0.49,853873350.0,30561682000.0
5658,半导体,2022-05-19,6270.138,6481.732,6257.45,6480.879,1.73,968190060.0,34567670000.0
5659,半导体,2022-05-20,6491.159,6537.7,6412.696,6497.325,0.25,868442730.0,30327473000.0
5660,半导体,2022-05-23,6516.536,6568.559,6468.504,6568.542,1.1,785456730.0,29224851000.0
5661,半导体,2022-05-24,6553.643,6590.239,6257.03,6257.03,-4.74,1044366990.0,34095014000.0
5662,半导体,2022-05-25,6257.378,6344.328,6227.073,6300.38,0.69,714614040.0,25047265000.0
5663,半导体,2022-05-26,6310.343,6316.09,6140.184,6263.101,-0.59,840979260.0,28231796000.0
5664,半导体,2022-05-27,6296.836,6368.901,6175.251,6221.396,-0.67,775490790.0,25177174000.0
5665,半导体,2022-05-30,6239.685,6337.187,6197.823,6315.985,1.52,789110020.0,27199842000.0
5666,半导体,2022-05-31,6313.637,6519.73,6217.503,6519.107,3.22,1175478110.0,40260099000.0
5667,医药,2021-06-01,23345.525,23810.393,23208.051,23769.229,,582223100.0,19255498000.0
5668,医药,2021-06-02,23643.706,23790.02,23025.935,23084.534,-2.88,569308990.0,16418790000.0
5669,医药,2021-06-03,22986.134,23203.088,22722.798,22914.313,-0.74,427959930.0,13173368200.0
5670,医药,2021-06-04,22835.589,23296.34,22730.071,23220.576,1.34,415081160.0,13947462000.0
5671,医药,2021-06-07,23232.913,23549.074,22916.187,23530.279,1.33,396290800.0,14403753000.0
5672,医药,2021-06-08,23515.24,23980.559,23123.292,23325.504,-0.87,435036510.0,16871321000.0
5673,医药,2021-06-09,23235.311,23489.694,23038.123,23381.421,0.24,378027980.0,14165069000.0
5674,医药,2021-06-10,23364.925,23548.0,23157.673,23445.739,0.28,378967740.0,14395908000.0
5675,医药,2021-06-11,23448.123,23546.195,23027.48,23167.55,-1.19,414635090.0,14140786000.0
5676,医药,2021-06-15,23100.555,23257.04,22868.436,23154.198,-0.06,459133000.0,15607281000.0
5677,医药,2021-06-16,23165.308,23275.999,22396.977,22424.11,-3.15,420057960.0,16372849000.0
5678,医药,2021-06-17,22385.732,22879.354,22301.224,22698.131,1.22,389259660.0,13383827700.0
5679,医药,2021-06-18,22782.598,23236.307,22633.078,23130.595,1.91,503974020.0,14997214000.0
5680,医药,2021-06-21,23125.585,23901.852,23009.33,23797.763,2.88,484325180.0,16050692000.0
5681,医药,2021-06-22,23812.092,24256.261,23579.013,24200.074,1.69,460870630.0,19256990000.0
5682,医药,2021-06-23,24226.936,24390.931,24049.693,24103.888,-0.4,417349400.0,17200262000.0
5683,医药,2021-06-24,24087.805,24191.374,23304.488,23375.434,-3.02,390277340.0,16726320000.0
5684,医药,2021-06-25,23483.817,23935.792,23301.486,23856.703,2.06,435709390.0,16256335000.0
5685,医药,2021-06-28,23862.35,24379.293,23713.291,24271.16,1.74,457319730.0,15967009000.0
5686,医药,2021-06-29,24307.454,24451.08,23903.477,24016.666,-1.05,462232560.0,13607626000.0
5687,医药,2021-06-30,24030.057,24188.569,23728.337,23870.52,-0.61,373712300.0,13185038600.0
5688,医药,2021-07-01,23891.373,24344.101,23735.287,24045.18,0.73,349779450.0,15826727000.0
5689,医药,2021-07-02,23928.917,24038.114,23054.969,23137.69,-3.77,357407990.0,20169616000.0
5690,医药,2021-07-05,22916.22,23199.511,22666.754,22861.178,-1.2,320868050.0,20409272000.0
5691,医药,2021-07-06,22785.31,22916.24,21483.896,21864.972,-4.36,480482870.0,30160214000.0
5692,医药,2021-07-07,21729.325,22493.612,21574.447,22372.098,2.32,363588620.0,23169216000.0
5693,医药,2021-07-08,22375.778,22463.511,21643.216,21680.224,-3.09,401556850.0,18643291000.0
5694,医药,2021-07-09,21522.271,21948.988,21232.929,21878.339,0.91,336588680.0,17583328000.0
5695,医药,2021-07-12,21885.969,22745.665,21564.709,22585.415,3.23,428860750.0,21855647000.0
5696,医药,2021-07-13,22573.004,22776.884,22304.087,22538.773,-0.21,376716250.0,15243115000.0
5697,医药,2021-07-14,22453.489,23011.443,22266.906,22843.534,1.35,480895720.0,18578321000.0
5698,医药,2021-07-15,22740.678,22844.945,22416.699,22715.645,-0.56,381458010.0,13124614000.0
5699,医药,2021-07-16,22504.415,22661.07,22166.48,22222.523,-2.17,324260980.0,17276409000.0
5700,医药,2021-07-19,22142.156,22588.324,22027.586,22380.411,0.71,313858300.0,13604453000.0
5701,医药,2021-07-20,22366.126,22715.896,22290.161,22570.196,0.85,367972800.0,13437818000.0
5702,医药,2021-07-21,22697.619,22972.0,22610.213,22932.489,1.61,322473050.0,13330228900.0
5703,医药,2021-07-22,22968.701,23048.079,22405.031,22466.425,-2.03,356088870.0,13940654000.0
5704,医药,2021-07-23,22393.815,22499.427,21769.957,21906.171,-2.49,341644650.0,16283428000.0
5705,医药,2021-07-26,21751.267,21814.98,20588.851,20959.822,-4.32,511581350.0,23180498000.0
5706,医药,2021-07-27,20909.727,21346.312,20776.53,20822.538,-0.65,447571410.0,22607999000.0
5707,医药,2021-07-28,20677.241,21261.391,20208.333,21228.085,1.95,450955320.0,22792780000.0
5708,医药,2021-07-29,21393.313,21841.273,21317.288,21804.648,2.72,383826720.0,20360210000.0
5709,医药,2021-07-30,21618.883,21734.628,21081.411,21395.61,-1.88,347604190.0,16499983000.0
5710,医药,2021-08-02,21315.229,21945.711,20838.974,21928.617,2.49,436487850.0,22537374000.0
5711,医药,2021-08-03,21794.044,22662.492,21649.857,22569.41,2.92,410023530.0,21531503000.0
5712,医药,2021-08-04,22487.54,22773.619,22214.023,22735.952,0.74,345546030.0,18339594000.0
5713,医药,2021-08-05,22675.833,23200.361,22532.801,22859.846,0.54,361565040.0,18467876000.0
5714,医药,2021-08-06,22807.876,22921.339,22219.758,22374.622,-2.12,332984290.0,20239024000.0
5715,医药,2021-08-09,22184.403,22652.052,22045.624,22508.386,0.6,346948860.0,15275750000.0
5716,医药,2021-08-10,22464.842,22594.336,22038.771,22436.405,-0.32,338376870.0,16730442000.0
5717,医药,2021-08-11,22500.176,22629.514,22252.211,22340.897,-0.43,332130390.0,13645891000.0
5718,医药,2021-08-12,22273.397,22391.358,21998.653,22159.15,-0.81,321400130.0,16099175000.0
5719,医药,2021-08-13,22177.174,22427.81,22087.134,22314.815,0.7,282862730.0,15850557000.0
5720,医药,2021-08-16,22224.205,22364.465,22042.783,22121.826,-0.86,226266730.0,12495669800.0
5721,医药,2021-08-17,22127.344,22210.253,21026.806,21109.545,-4.58,354159160.0,20321318000.0
5722,医药,2021-08-18,21201.995,21539.609,21154.634,21303.423,0.92,251639070.0,15117857000.0
5723,医药,2021-08-19,21330.002,21706.265,21222.353,21632.489,1.54,260940330.0,13426550000.0
5724,医药,2021-08-20,21596.291,21650.658,20792.656,20970.937,-3.06,421928620.0,22144255000.0
5725,医药,2021-08-23,21025.681,21177.329,20650.141,21115.045,0.69,363978630.0,19457393000.0
5726,医药,2021-08-24,21188.846,21826.365,21071.69,21741.75,2.97,348138190.0,22641985000.0
5727,医药,2021-08-25,21556.789,21819.41,21440.097,21745.153,0.02,310761070.0,16597051000.0
5728,医药,2021-08-26,21708.551,21771.732,21042.732,21079.184,-3.06,311870860.0,14425415000.0
5729,医药,2021-08-27,21045.537,21365.045,20842.516,20885.588,-0.92,320115140.0,15844373000.0
5730,医药,2021-08-30,20881.154,21046.104,20579.413,20677.815,-0.99,341591760.0,15687446000.0
5731,医药,2021-08-31,20703.007,20807.344,20221.797,20430.884,-1.19,362007900.0,15869609000.0
5732,医药,2021-09-01,20391.191,20639.6,19930.366,20562.94,0.65,395665600.0,16890828000.0
5733,医药,2021-09-02,20514.82,20728.431,20111.622,20150.123,-2.01,305379120.0,15077867000.0
5734,医药,2021-09-03,20223.665,20418.023,19976.132,20301.487,0.75,296711030.0,13758178000.0
5735,医药,2021-09-06,20351.557,21573.921,20172.299,21394.168,5.38,451860280.0,21378516000.0
5736,医药,2021-09-07,21432.724,21567.312,21179.139,21395.769,0.01,322773850.0,15309209000.0
5737,医药,2021-09-08,21444.208,21479.117,21079.906,21330.089,-0.31,435602730.0,13061946200.0
5738,医药,2021-09-09,21318.434,21584.006,21186.537,21318.063,-0.06,308574690.0,10531796600.0
5739,医药,2021-09-10,21276.806,21384.986,21058.459,21211.419,-0.5,317523110.0,11420751200.0
5740,医药,2021-09-13,21278.411,21588.901,21111.964,21204.155,-0.03,361915820.0,12671252600.0
5741,医药,2021-09-14,21191.827,21764.598,21127.969,21494.669,1.37,354526150.0,16854104000.0
5742,医药,2021-09-15,21420.372,21864.953,21158.467,21655.024,0.75,314607290.0,16352100000.0
5743,医药,2021-09-16,21556.383,22001.918,21491.516,21771.817,0.54,389640270.0,17835781000.0
5744,医药,2021-09-17,21775.304,22673.111,21539.489,22547.23,3.56,492466620.0,24306298000.0
5745,医药,2021-09-22,22375.861,23196.659,22246.48,22813.915,1.18,423829600.0,18207868000.0
5746,医药,2021-09-23,22768.357,23153.545,22555.741,22772.407,-0.18,408401560.0,16731379000.0
5747,医药,2021-09-24,22610.686,23185.047,22513.579,23029.559,1.13,442209390.0,14182890000.0
5748,医药,2021-09-27,23020.075,23455.507,22883.155,22987.145,-0.18,586244650.0,21353958000.0
5749,医药,2021-09-28,22880.695,23135.384,22651.563,22764.43,-0.97,357760530.0,14635392000.0
5750,医药,2021-09-29,22606.274,22732.432,22239.809,22244.972,-2.28,378203500.0,14632641000.0
5751,医药,2021-09-30,22303.58,22871.054,22303.58,22824.95,2.61,279714600.0,12444090800.0
5752,医药,2021-10-08,22918.203,23352.142,22843.418,23098.162,1.2,407176790.0,16513116000.0
5753,医药,2021-10-11,23064.726,23325.466,22675.861,22737.391,-1.56,400497040.0,19436807000.0
5754,医药,2021-10-12,22771.328,23168.273,22644.089,22813.331,0.33,485271360.0,15516178000.0
5755,医药,2021-10-13,22716.593,23296.027,22716.593,23267.579,1.99,495087030.0,13502157000.0
5756,医药,2021-10-14,23222.468,23227.188,22662.539,22772.086,-2.13,500219680.0,16527938000.0
5757,医药,2021-10-15,22541.39,22573.502,22345.344,22447.412,-1.43,500771220.0,16125193000.0
5758,医药,2021-10-18,22396.626,22396.626,21913.385,22051.342,-1.76,411741740.0,16912973000.0
5759,医药,2021-10-19,22057.76,22546.701,22037.637,22482.627,1.96,314201540.0,14769734000.0
5760,医药,2021-10-20,22441.692,22451.583,21853.305,22150.745,-1.48,429630910.0,17560913000.0
5761,医药,2021-10-21,22108.186,22272.09,21945.598,22215.313,0.29,492960380.0,13057276000.0
5762,医药,2021-10-22,22130.83,22130.83,21805.531,21924.633,-1.31,416181980.0,13235399200.0
5763,医药,2021-10-25,21914.78,22348.437,21902.027,22345.412,1.92,351377480.0,13233983000.0
5764,医药,2021-10-26,22265.364,22462.652,22145.894,22167.694,-0.8,400940390.0,16879093000.0
5765,医药,2021-10-27,22217.844,22220.44,21661.461,21705.334,-2.09,357152060.0,15161985000.0
5766,医药,2021-10-28,21517.236,21668.013,21316.206,21367.698,-1.56,327529580.0,14269664000.0
5767,医药,2021-10-29,21279.768,21918.535,21228.697,21858.062,2.29,372841670.0,17005932000.0
5768,医药,2021-11-01,21862.773,21864.113,21385.833,21440.265,-1.91,412879610.0,20920567000.0
5769,医药,2021-11-02,21426.409,21492.686,20857.476,20952.169,-2.28,388506590.0,16571929000.0
5770,医药,2021-11-03,21004.033,21212.21,20993.812,21143.493,0.91,361939560.0,14250212000.0
5771,医药,2021-11-04,21120.71,21244.699,20991.921,21145.211,0.01,440677980.0,20476295000.0
5772,医药,2021-11-05,21072.242,21200.028,20918.557,20931.37,-1.01,363387250.0,15190392000.0
5773,医药,2021-11-08,20945.709,20945.893,20559.47,20712.72,-1.04,333097140.0,18470869000.0
5774,医药,2021-11-09,20732.785,21170.214,20702.522,21168.767,2.2,305601650.0,16017438000.0
5775,医药,2021-11-10,21179.75,21361.537,20911.894,21340.284,0.81,312197380.0,15245706000.0
5776,医药,2021-11-11,21311.582,21681.04,21267.055,21466.87,0.59,326084810.0,14972776000.0
5777,医药,2021-11-12,21444.063,21604.756,21409.695,21530.494,0.3,311364060.0,10373288500.0
5778,医药,2021-11-15,21571.062,21880.606,21557.117,21874.867,1.6,380526120.0,12182754800.0
5779,医药,2021-11-16,21829.719,22296.577,21812.621,22215.706,1.56,406311400.0,17926438000.0
5780,医药,2021-11-17,22385.973,22578.593,22267.167,22408.673,0.87,386799490.0,17655314000.0
5781,医药,2021-11-18,22328.926,22367.237,22085.94,22096.695,-1.39,437125640.0,15626298000.0
5782,医药,2021-11-19,22046.826,22238.887,22014.521,22214.087,0.53,347276440.0,12791603900.0
5783,医药,2021-11-22,22174.454,22252.392,22099.732,22208.924,-0.02,343993780.0,12849962900.0
5784,医药,2021-11-23,22209.676,22443.048,22167.799,22435.89,1.02,358636890.0,12972001200.0
5785,医药,2021-11-24,22475.255,22880.472,22329.062,22879.46,1.98,514202130.0,16792629000.0
5786,医药,2021-11-25,22933.99,23293.8,22913.551,23196.515,1.39,550909890.0,15895780000.0
5787,医药,2021-11-26,23153.454,23414.424,23145.831,23293.831,0.42,485026470.0,18296523000.0
5788,医药,2021-11-29,23397.859,23681.63,23070.519,23209.095,-0.36,504218460.0,21812263000.0
5789,医药,2021-11-30,23137.862,23288.793,22992.698,23279.524,0.3,418867230.0,16151965000.0
5790,医药,2021-12-01,23250.259,23267.299,23003.489,23030.309,-1.07,370943850.0,15880931000.0
5791,医药,2021-12-02,23030.806,23146.987,22730.445,22761.406,-1.17,422481350.0,14404948000.0
5792,医药,2021-12-03,22768.745,22952.249,22717.858,22768.493,0.03,326202760.0,12654507000.0
5793,医药,2021-12-06,22706.022,22727.537,22333.715,22354.935,-1.82,351451080.0,13211877300.0
5794,医药,2021-12-07,22346.656,22476.946,22181.185,22286.491,-0.31,399914400.0,11564386100.0
5795,医药,2021-12-08,22336.835,22547.241,22191.204,22546.064,1.16,407936160.0,12978072400.0
5796,医药,2021-12-09,22548.974,22929.373,22448.621,22810.089,1.17,616758820.0,20184862000.0
5797,医药,2021-12-10,22697.338,22787.793,22615.64,22647.885,-0.71,397002460.0,15676765000.0
5798,医药,2021-12-13,22671.882,22690.9,22412.644,22420.618,-1.0,337374690.0,15163763000.0
5799,医药,2021-12-14,22425.941,22787.671,22425.941,22640.843,0.98,361505810.0,12637545800.0
5800,医药,2021-12-15,22593.746,22642.084,21959.744,21985.985,-2.89,430859710.0,21214029000.0
5801,医药,2021-12-16,21935.055,22194.504,21914.878,22018.715,0.15,383975640.0,23475870000.0
5802,医药,2021-12-17,22140.426,22227.331,21779.708,21870.174,-0.67,347046710.0,18744753000.0
5803,医药,2021-12-20,21794.671,21970.709,21473.275,21486.867,-1.75,495507600.0,22745043000.0
5804,医药,2021-12-21,21486.421,21673.353,21477.043,21627.902,0.66,385419960.0,13892031000.0
5805,医药,2021-12-22,21719.326,21859.515,21648.617,21761.454,0.62,490262450.0,12853189000.0
5806,医药,2021-12-23,21746.676,21750.964,21494.557,21514.006,-1.14,397962630.0,12048193700.0
5807,医药,2021-12-24,21476.956,21482.35,21187.42,21234.529,-1.3,373128660.0,11546951500.0
5808,医药,2021-12-27,21147.459,21471.076,21147.459,21471.076,1.11,364971170.0,11406122900.0
5809,医药,2021-12-28,21455.308,21942.158,21337.341,21827.047,1.66,389922190.0,20079868000.0
5810,医药,2021-12-29,21794.819,22355.611,21794.819,22206.6,1.74,524516770.0,19170420000.0
5811,医药,2021-12-30,22099.492,22431.249,21967.709,22325.952,0.54,507864000.0,15409863000.0
5812,医药,2021-12-31,22278.077,22410.387,22207.47,22241.025,-0.38,489459290.0,15892194000.0
5813,医药,2022-01-04,22114.152,22114.152,21754.007,21814.115,-1.92,626292830.0,24346220000.0
5814,医药,2022-01-05,21751.931,21751.931,21179.834,21272.207,-2.48,514891590.0,17474372000.0
5815,医药,2022-01-06,21190.865,21347.536,21020.269,21319.389,0.22,588013700.0,17995212000.0
5816,医药,2022-01-07,21295.898,21355.753,21003.043,21046.351,-1.28,480913110.0,17125612000.0
5817,医药,2022-01-10,20972.539,21430.283,20887.934,21359.303,1.49,522494480.0,17439472000.0
5818,医药,2022-01-11,21328.867,21543.596,21288.069,21332.239,-0.13,513577970.0,16265830000.0
5819,医药,2022-01-12,21293.901,21673.719,21258.709,21613.96,1.32,552193080.0,17155029000.0
5820,医药,2022-01-13,21548.326,21685.078,21374.297,21374.567,-1.11,743190350.0,18784351000.0
5821,医药,2022-01-14,21229.856,21825.804,21201.442,21661.193,1.34,646492450.0,18232549000.0
5822,医药,2022-01-17,21694.328,21877.876,21567.498,21872.308,0.97,567015270.0,17761953000.0
5823,医药,2022-01-18,21836.468,21836.468,21161.148,21172.842,-3.2,556818380.0,16904886000.0
5824,医药,2022-01-19,20935.161,21094.241,20789.89,20928.032,-1.16,430896270.0,16328185000.0
5825,医药,2022-01-20,20943.783,21086.27,20541.113,20578.489,-1.67,685080110.0,17078717000.0
5826,医药,2022-01-21,20358.364,20364.683,19748.44,19753.009,-4.01,534120770.0,16820171000.0
5827,医药,2022-01-24,19606.36,19817.668,19568.047,19695.253,-0.29,401207790.0,13272001000.0
5828,医药,2022-01-25,19628.124,19655.35,18993.332,18996.178,-3.55,400016160.0,11708465000.0
5829,医药,2022-01-26,19021.919,19180.771,18579.062,18667.677,-1.73,374813780.0,14071880000.0
5830,医药,2022-01-27,18685.486,18710.898,18126.606,18128.087,-2.89,337433710.0,12107360800.0
5831,医药,2022-01-28,18221.176,18524.827,18068.253,18294.812,0.92,336955460.0,11399742700.0
5832,医药,2022-02-07,18498.656,18598.84,18328.066,18375.797,0.44,334718240.0,10601463400.0
5833,医药,2022-02-08,18197.151,18305.921,17969.981,18297.989,-0.42,394497270.0,15709042000.0
5834,医药,2022-02-09,18311.177,18431.703,18116.49,18431.703,0.73,368824030.0,15549898000.0
5835,医药,2022-02-10,18414.51,18414.74,17977.882,18004.924,-2.32,414841560.0,19412719000.0
5836,医药,2022-02-11,17900.352,17900.352,17395.549,17451.595,-3.07,400214610.0,15535512000.0
5837,医药,2022-02-14,17550.414,17856.766,17548.16,17786.608,1.92,345899540.0,13761651000.0
5838,医药,2022-02-15,17905.824,18542.583,17805.945,18511.367,4.07,522602210.0,23035484000.0
5839,医药,2022-02-16,18584.912,18830.151,18532.813,18720.07,1.13,438671700.0,20434300000.0
5840,医药,2022-02-17,18716.278,18812.066,18598.795,18661.364,-0.31,383674530.0,14840483000.0
5841,医药,2022-02-18,18561.918,18855.169,18511.703,18838.122,0.95,357340920.0,12912570000.0
5842,医药,2022-02-21,18812.333,19003.151,18678.125,18990.511,0.81,442383160.0,15674539000.0
5843,医药,2022-02-22,18839.935,18844.279,18500.638,18586.97,-2.12,481075550.0,12604088600.0
5844,医药,2022-02-23,18593.562,18968.573,18593.513,18944.527,1.92,442252320.0,12663699100.0
5845,医药,2022-02-24,18779.224,19058.353,18143.758,18363.28,-3.07,555891020.0,16736059000.0
5846,医药,2022-02-25,18554.011,19392.186,18554.011,19184.191,4.47,507088460.0,21498797000.0
5847,医药,2022-02-28,19216.764,19373.049,19009.104,19214.652,0.16,385729890.0,16130258000.0
5848,医药,2022-03-01,19203.73,19515.836,19169.236,19462.211,1.29,300351310.0,14174787000.0
5849,医药,2022-03-02,19370.282,19370.282,19110.766,19325.996,-0.7,354543930.0,11953669100.0
5850,医药,2022-03-03,19350.057,19544.169,19205.456,19495.115,0.88,361709980.0,11762672800.0
5851,医药,2022-03-04,19425.605,20003.701,19417.803,19635.64,0.72,497355960.0,15276474000.0
5852,医药,2022-03-07,19600.486,19643.178,19258.745,19345.698,-1.48,584522780.0,15450881000.0
5853,医药,2022-03-08,19276.781,19295.574,18570.392,18586.117,-3.93,629347520.0,15870245000.0
5854,医药,2022-03-09,18460.557,18586.737,17488.495,18120.441,-2.51,584212890.0,18568319000.0
5855,医药,2022-03-10,18550.801,18913.073,18541.299,18867.997,4.13,540351370.0,18202429000.0
5856,医药,2022-03-11,18636.271,19328.622,18590.991,19304.174,2.31,537439110.0,19053161000.0
5857,医药,2022-03-14,19468.718,19574.167,19114.304,19117.215,-0.97,564528560.0,19691940000.0
5858,医药,2022-03-15,18793.723,19076.072,18323.238,18328.386,-4.13,720558170.0,23137966000.0
5859,医药,2022-03-16,18505.66,18566.223,17526.92,18367.253,0.21,760253920.0,25149399000.0
5860,医药,2022-03-17,18440.75,19421.513,18434.917,18974.216,3.3,727974710.0,27051897000.0
5861,医药,2022-03-18,18882.322,19145.271,18831.446,19077.917,0.55,488582280.0,17280600000.0
5862,医药,2022-03-21,19177.527,19612.463,19177.527,19595.917,2.72,473503670.0,16546705000.0
5863,医药,2022-03-22,19549.09,19549.542,19033.351,19095.916,-2.55,454048450.0,14840268000.0
5864,医药,2022-03-23,19131.828,19800.912,19003.408,19612.218,2.7,572856110.0,21518227000.0
5865,医药,2022-03-24,19483.374,20075.046,19257.063,19898.81,1.46,595265420.0,25571632000.0
5866,医药,2022-03-25,19781.204,19845.596,19325.125,19325.815,-2.88,499185800.0,18718583000.0
5867,医药,2022-03-28,19243.058,19395.309,19025.507,19156.901,-0.87,439112090.0,14798920000.0
5868,医药,2022-03-29,19183.854,19471.044,19028.509,19182.736,0.13,442394420.0,13640660000.0
5869,医药,2022-03-30,19214.771,19623.673,18880.153,19623.437,2.3,579140990.0,16357248000.0
5870,医药,2022-03-31,19573.475,20016.94,19500.115,19530.263,-0.47,662184160.0,18092686000.0
5871,医药,2022-04-01,19289.162,19310.996,19059.706,19231.281,-1.53,522091690.0,15247581000.0
5872,医药,2022-04-06,19371.704,19380.606,18997.529,19119.051,-0.58,447169240.0,12616283300.0
5873,医药,2022-04-07,18995.137,19042.034,18594.81,18631.526,-2.55,402040480.0,11220790900.0
5874,医药,2022-04-08,18629.195,18631.057,18025.876,18074.637,-2.99,379088020.0,11655031600.0
5875,医药,2022-04-11,17954.089,18003.892,17515.146,17591.165,-2.67,368077880.0,11319068500.0
5876,医药,2022-04-12,17574.736,17831.893,17350.345,17821.267,1.31,365609690.0,12691653200.0
5877,医药,2022-04-13,17706.377,17722.31,17297.536,17462.222,-2.01,399636670.0,13695701000.0
5878,医药,2022-04-14,17507.76,18033.624,17505.822,17892.613,2.46,417642050.0,13887475000.0
5879,医药,2022-04-15,17767.405,17951.892,17618.006,17745.545,-0.82,313304980.0,11875014800.0
5880,医药,2022-04-18,17625.218,17794.639,17423.999,17734.914,-0.06,351967560.0,9602395100.0
5881,医药,2022-04-19,17680.115,17754.268,17237.351,17292.744,-2.49,294006570.0,9671772700.0
5882,医药,2022-04-20,17305.584,17331.503,17001.203,17071.108,-1.28,290984010.0,9919212300.0
5883,医药,2022-04-21,16972.021,17140.935,16474.802,16518.831,-3.24,367195660.0,11741388400.0
5884,医药,2022-04-22,16408.368,16671.505,16198.035,16515.147,-0.02,313431650.0,10374194400.0
5885,医药,2022-04-25,16305.373,16351.953,15481.691,15481.691,-6.26,417108380.0,11122506300.0
5886,医药,2022-04-26,15470.235,15695.92,15147.123,15174.453,-1.98,446664100.0,13373482000.0
5887,医药,2022-04-27,14900.922,15569.548,14791.369,15569.548,2.6,448523230.0,14436898000.0
5888,医药,2022-04-28,15420.08,15466.89,15125.563,15233.229,-2.16,433669710.0,13496110000.0
5889,医药,2022-04-29,15248.823,15978.143,15247.775,15950.25,4.71,490042540.0,15445320000.0
5890,医药,2022-05-05,15935.91,16296.623,15846.353,16256.376,1.92,434540920.0,15855296000.0
5891,医药,2022-05-06,15930.665,16406.148,15889.122,16225.459,-0.19,433508570.0,13629546000.0
5892,医药,2022-05-09,16195.932,16397.474,16158.669,16385.83,0.99,382395530.0,11567130500.0
5893,医药,2022-05-10,16151.531,16507.776,16089.113,16459.864,0.45,437035860.0,13065997900.0
5894,医药,2022-05-11,16441.947,17023.939,16367.622,16637.47,1.08,457992230.0,16169731000.0
5895,医药,2022-05-12,16486.612,16909.823,16476.495,16813.201,1.06,359675390.0,11621727500.0
5896,医药,2022-05-13,16830.071,16989.095,16569.649,16717.227,-0.57,297294100.0,8912366600.0
5897,医药,2022-05-16,16793.987,16914.631,16505.223,16548.063,-1.01,324463860.0,10359292900.0
5898,医药,2022-05-17,16565.684,16580.014,16229.204,16413.388,-0.81,321568480.0,9816192300.0
5899,医药,2022-05-18,16388.433,16517.528,16250.536,16285.373,-0.78,383836730.0,10637802100.0
5900,医药,2022-05-19,16054.958,16316.853,15987.718,16315.495,0.18,359413950.0,8535106200.0
5901,医药,2022-05-20,16351.162,16635.195,16326.708,16491.627,1.08,380812630.0,11004707200.0
5902,医药,2022-05-23,16610.293,16729.625,16520.305,16724.218,1.41,312230960.0,8712820500.0
5903,医药,2022-05-24,16747.477,16747.477,15800.546,15809.575,-5.47,406727300.0,12753339100.0
5904,医药,2022-05-25,15771.317,15959.201,15757.296,15938.01,0.81,268085360.0,7826694400.0
5905,医药,2022-05-26,15972.934,15972.934,15577.117,15763.979,-1.09,251031890.0,9091692200.0
5906,医药,2022-05-27,15860.641,16265.988,15860.641,16023.708,1.65,354048340.0,14680335000.0
5907,医药,2022-05-30,16052.748,16120.309,15854.291,16114.693,0.57,317227050.0,10699723400.0
5908,医药,2022-05-31,16097.009,16481.629,15904.066,16452.063,2.09,405869050.0,14539713000.0
5909,新能源车,2021-06-01,2093.307,2131.966,2082.72,2116.269,,1098176920.0,27631007000.0
5910,新能源车,2021-06-02,2112.962,2165.82,2103.01,2134.931,0.88,1231625030.0,22990957000.0
5911,新能源车,2021-06-03,2136.888,2138.496,2090.413,2090.413,-2.09,1152824830.0,20567796000.0
5912,新能源车,2021-06-04,2075.813,2102.362,2066.008,2083.265,-0.34,926859960.0,18624898000.0
5913,新能源车,2021-06-07,2078.655,2090.546,2061.579,2072.177,-0.53,892192880.0,16861602000.0
5914,新能源车,2021-06-08,2080.245,2127.065,2080.245,2117.411,2.18,1026395910.0,24277445000.0
5915,新能源车,2021-06-09,2111.968,2123.841,2093.297,2119.543,0.1,885873640.0,17952773000.0
5916,新能源车,2021-06-10,2115.365,2178.701,2114.412,2166.987,2.24,1226292290.0,26101437000.0
5917,新能源车,2021-06-11,2161.932,2190.069,2121.331,2173.745,0.31,1300018790.0,31477408000.0
5918,新能源车,2021-06-15,2182.233,2215.649,2171.366,2171.54,-0.1,1194188350.0,32311371000.0
5919,新能源车,2021-06-16,2155.864,2155.864,2070.914,2073.509,-4.51,1181048350.0,30620035000.0
5920,新能源车,2021-06-17,2061.705,2086.09,2061.449,2084.534,0.53,871523080.0,23502539000.0
5921,新能源车,2021-06-18,2089.073,2197.113,2074.837,2176.919,4.43,1412016600.0,33936019000.0
5922,新能源车,2021-06-21,2176.859,2206.603,2156.919,2186.78,0.45,1076181930.0,27997897000.0
5923,新能源车,2021-06-22,2202.269,2265.936,2190.016,2231.822,2.06,1500905100.0,29801484000.0
5924,新能源车,2021-06-23,2243.937,2337.954,2243.937,2316.669,3.8,1689073900.0,34699142000.0
5925,新能源车,2021-06-24,2344.073,2383.713,2308.235,2331.751,0.65,1569341100.0,30393902000.0
5926,新能源车,2021-06-25,2338.906,2355.949,2300.372,2327.124,-0.2,1531301100.0,29161794000.0
5927,新能源车,2021-06-28,2322.469,2374.145,2319.502,2330.855,0.16,1513868600.0,29514907000.0
5928,新能源车,2021-06-29,2336.926,2340.244,2277.331,2284.52,-1.99,1378860800.0,28350998000.0
5929,新能源车,2021-06-30,2282.108,2282.108,2239.177,2263.031,-0.94,1100268410.0,22586011000.0
5930,新能源车,2021-07-01,2266.889,2278.415,2234.89,2237.694,-1.12,1254824420.0,27402076000.0
5931,新能源车,2021-07-02,2224.563,2237.591,2212.061,2215.365,-1.0,1064485680.0,23540510000.0
5932,新能源车,2021-07-05,2217.446,2247.859,2213.361,2244.831,1.33,1130860450.0,24363618000.0
5933,新能源车,2021-07-06,2243.637,2262.638,2203.665,2239.052,-0.26,1221580540.0,30686835000.0
5934,新能源车,2021-07-07,2214.329,2295.086,2205.328,2285.29,2.07,1391882500.0,28735924000.0
5935,新能源车,2021-07-08,2287.988,2288.418,2246.794,2248.288,-1.62,1291832730.0,27938067000.0
5936,新能源车,2021-07-09,2231.203,2317.287,2220.124,2307.642,2.64,1421969100.0,30355054000.0
5937,新能源车,2021-07-12,2330.68,2391.782,2323.617,2346.353,1.68,1684335800.0,40844528000.0
5938,新能源车,2021-07-13,2347.084,2357.211,2323.133,2341.137,-0.22,1377278300.0,27884572000.0
5939,新能源车,2021-07-14,2334.855,2335.071,2261.852,2282.168,-2.52,1473580000.0,36565111000.0
5940,新能源车,2021-07-15,2260.171,2264.042,2202.924,2242.01,-1.76,1299569780.0,31101880000.0
5941,新能源车,2021-07-16,2230.248,2259.329,2223.203,2231.973,-0.45,1173956390.0,29490360000.0
5942,新能源车,2021-07-19,2219.625,2223.694,2194.338,2203.553,-1.27,1003268760.0,22679171000.0
5943,新能源车,2021-07-20,2177.404,2215.465,2177.404,2213.17,0.44,835804180.0,17698658000.0
5944,新能源车,2021-07-21,2225.726,2302.792,2225.726,2292.414,3.58,1361591100.0,29243979000.0
5945,新能源车,2021-07-22,2313.191,2324.16,2307.819,2318.001,1.12,1356577800.0,28752338000.0
5946,新能源车,2021-07-23,2328.009,2375.797,2309.417,2352.092,1.47,1527017000.0,32437657000.0
5947,新能源车,2021-07-26,2349.981,2349.981,2241.241,2281.333,-3.01,1567592100.0,31865432000.0
5948,新能源车,2021-07-27,2277.541,2320.893,2229.657,2229.657,-2.27,1612723500.0,29770405000.0
5949,新能源车,2021-07-28,2205.938,2222.45,2130.79,2174.67,-2.47,1480204700.0,26485713000.0
5950,新能源车,2021-07-29,2210.612,2252.816,2193.646,2235.907,2.82,1588809400.0,30226060000.0
5951,新能源车,2021-07-30,2215.335,2278.403,2204.723,2250.8,0.67,1411500900.0,30831765000.0
5952,新能源车,2021-08-02,2278.28,2347.022,2278.28,2343.987,4.14,1682014800.0,40439464000.0
5953,新能源车,2021-08-03,2350.052,2360.44,2297.927,2303.955,-1.71,1442165500.0,32430529000.0
5954,新能源车,2021-08-04,2301.15,2428.615,2301.15,2417.35,4.92,1569509500.0,36385975000.0
5955,新能源车,2021-08-05,2413.798,2447.577,2387.351,2429.764,0.51,1672293600.0,31387679000.0
5956,新能源车,2021-08-06,2442.247,2468.433,2415.65,2435.586,0.24,1444013600.0,32855154000.0
5957,新能源车,2021-08-09,2417.74,2420.648,2373.268,2419.429,-0.66,1206131330.0,26169214000.0
5958,新能源车,2021-08-10,2416.14,2447.045,2387.048,2416.202,-0.13,1329365460.0,28222698000.0
5959,新能源车,2021-08-11,2418.343,2438.002,2398.249,2431.315,0.63,1116255800.0,22000636000.0
5960,新能源车,2021-08-12,2431.399,2557.936,2408.101,2528.159,3.98,1991042900.0,39014061000.0
5961,新能源车,2021-08-13,2507.16,2514.601,2468.582,2479.017,-1.94,1592277900.0,27561940000.0
5962,新能源车,2021-08-16,2460.27,2501.038,2445.465,2473.261,-0.23,1342223100.0,26534162000.0
5963,新能源车,2021-08-17,2480.873,2526.18,2401.152,2407.683,-2.65,1528821100.0,27028223000.0
5964,新能源车,2021-08-18,2398.047,2420.955,2371.632,2393.173,-0.6,1091712470.0,20590893000.0
5965,新能源车,2021-08-19,2390.611,2450.31,2379.042,2422.108,1.21,1321628430.0,29986294000.0
5966,新能源车,2021-08-20,2408.305,2408.305,2357.677,2393.63,-1.18,1133531140.0,23692807000.0
5967,新能源车,2021-08-23,2394.876,2449.623,2393.582,2443.185,2.07,1192469040.0,27677422000.0
5968,新能源车,2021-08-24,2454.868,2494.122,2447.164,2455.157,0.49,1355661800.0,29757624000.0
5969,新能源车,2021-08-25,2453.121,2482.236,2418.413,2481.552,1.08,1137634720.0,22827591000.0
5970,新能源车,2021-08-26,2477.318,2484.217,2416.84,2417.757,-2.57,1048834190.0,21862905000.0
5971,新能源车,2021-08-27,2421.625,2513.028,2421.625,2495.282,3.21,1357287000.0,28231587000.0
5972,新能源车,2021-08-30,2474.747,2528.652,2458.58,2503.495,0.33,1380326800.0,33394427000.0
5973,新能源车,2021-08-31,2496.954,2513.242,2452.864,2475.815,-1.11,1173101720.0,26284021000.0
5974,新能源车,2021-09-01,2475.01,2490.581,2414.261,2462.821,-0.52,1227941110.0,24603365000.0
5975,新能源车,2021-09-02,2460.666,2519.081,2459.23,2514.622,2.1,1464246500.0,21482177000.0
5976,新能源车,2021-09-03,2503.806,2512.6,2457.507,2481.442,-1.32,1508497300.0,24897801000.0
5977,新能源车,2021-09-06,2479.052,2510.609,2449.022,2507.923,1.07,1123852250.0,25149256000.0
5978,新能源车,2021-09-07,2508.744,2560.651,2503.581,2551.338,1.73,1279317300.0,24244837000.0
5979,新能源车,2021-09-08,2545.058,2565.245,2519.179,2533.571,-0.7,1058996580.0,19447343000.0
5980,新能源车,2021-09-09,2521.377,2542.539,2496.838,2526.05,-0.3,1107301190.0,21156650000.0
5981,新能源车,2021-09-10,2534.034,2535.335,2492.743,2505.549,-0.81,1047025600.0,20702158000.0
5982,新能源车,2021-09-13,2507.475,2507.475,2459.821,2475.305,-1.21,1323210360.0,22166040000.0
5983,新能源车,2021-09-14,2469.075,2494.84,2443.933,2456.088,-0.78,1259297530.0,25318767000.0
5984,新能源车,2021-09-15,2447.112,2451.331,2428.819,2449.506,-0.27,775442210.0,16029221000.0
5985,新能源车,2021-09-16,2443.007,2443.936,2361.322,2361.322,-3.6,1136351680.0,20770161000.0
5986,新能源车,2021-09-17,2368.905,2384.057,2311.096,2342.257,-0.81,833479000.0,14410988000.0
5987,新能源车,2021-09-22,2310.147,2331.096,2298.762,2329.634,-0.54,638067980.0,12667291800.0
5988,新能源车,2021-09-23,2340.74,2358.016,2325.785,2335.308,0.24,706072220.0,13234341100.0
5989,新能源车,2021-09-24,2339.088,2342.724,2293.871,2297.842,-1.6,686574370.0,12431444800.0
5990,新能源车,2021-09-27,2314.454,2326.315,2240.833,2259.11,-1.69,650407320.0,13888094000.0
5991,新能源车,2021-09-28,2271.403,2271.595,2235.763,2242.134,-0.75,656153000.0,14080561000.0
5992,新能源车,2021-09-29,2222.39,2230.485,2182.975,2182.975,-2.64,899206740.0,17726969000.0
5993,新能源车,2021-09-30,2188.182,2215.728,2187.352,2213.427,1.39,675509370.0,14662993000.0
5994,新能源车,2021-10-08,2242.995,2279.681,2238.178,2269.842,2.55,677301020.0,14375720000.0
5995,新能源车,2021-10-11,2265.769,2287.314,2239.097,2266.339,-0.15,624935430.0,14717136000.0
5996,新能源车,2021-10-12,2269.194,2296.183,2227.929,2248.483,-0.79,665879360.0,15866957000.0
5997,新能源车,2021-10-13,2253.089,2323.07,2246.973,2319.87,3.17,746513420.0,20293797000.0
5998,新能源车,2021-10-14,2316.303,2325.072,2289.648,2314.674,-0.22,722889570.0,15697495000.0
5999,新能源车,2021-10-15,2309.52,2335.716,2299.435,2316.046,0.06,692854380.0,18844156000.0
6000,新能源车,2021-10-18,2314.992,2351.728,2310.889,2342.184,1.13,700968190.0,17270062000.0
6001,新能源车,2021-10-19,2346.26,2372.702,2326.831,2327.497,-0.63,724793540.0,16566825000.0
6002,新能源车,2021-10-20,2323.762,2386.868,2313.711,2372.458,1.93,980156390.0,21721798000.0
6003,新能源车,2021-10-21,2370.235,2370.235,2326.493,2333.911,-1.62,742240820.0,16219167000.0
6004,新能源车,2021-10-22,2337.63,2363.633,2330.187,2340.265,0.27,718347640.0,20592185000.0
6005,新能源车,2021-10-25,2332.027,2382.807,2323.298,2380.134,1.7,804538270.0,23174550000.0
6006,新能源车,2021-10-26,2403.729,2423.461,2365.611,2366.353,-0.58,862013050.0,24186127000.0
6007,新能源车,2021-10-27,2363.181,2388.785,2331.973,2339.22,-1.15,880863080.0,20036239000.0
6008,新能源车,2021-10-28,2317.843,2333.726,2255.661,2269.694,-2.97,981265860.0,22466750000.0
6009,新能源车,2021-10-29,2274.403,2313.597,2260.716,2313.113,1.91,804557630.0,22222925000.0
6010,新能源车,2021-11-01,2293.209,2305.746,2276.78,2289.303,-1.03,947241810.0,23738787000.0
6011,新能源车,2021-11-02,2286.023,2315.856,2237.691,2262.624,-1.17,837821030.0,21549250000.0
6012,新能源车,2021-11-03,2252.821,2258.096,2220.278,2246.076,-0.73,597519240.0,15281774000.0
6013,新能源车,2021-11-04,2261.439,2346.787,2261.439,2338.74,4.13,897281250.0,24087528000.0
6014,新能源车,2021-11-05,2330.975,2376.305,2324.354,2339.193,0.02,911491050.0,20374140000.0
6015,新能源车,2021-11-08,2351.373,2399.351,2348.179,2383.885,1.91,879247120.0,19484959000.0
6016,新能源车,2021-11-09,2377.329,2401.723,2365.691,2381.915,-0.08,623092900.0,16037850000.0
6017,新能源车,2021-11-10,2367.37,2376.595,2320.136,2348.61,-1.4,639619340.0,18738274000.0
6018,新能源车,2021-11-11,2341.062,2361.293,2336.059,2349.126,0.02,656540640.0,14965324000.0
6019,新能源车,2021-11-12,2351.335,2363.239,2330.55,2361.056,0.51,703579940.0,15787656000.0
6020,新能源车,2021-11-15,2359.999,2370.622,2323.668,2333.294,-1.18,840623770.0,19731886000.0
6021,新能源车,2021-11-16,2325.699,2325.699,2290.47,2291.888,-1.77,760635040.0,16052311000.0
6022,新能源车,2021-11-17,2302.915,2321.889,2302.613,2321.889,1.31,726775950.0,15301900000.0
6023,新能源车,2021-11-18,2316.519,2320.195,2301.621,2302.348,-0.84,693000060.0,13133848200.0
6024,新能源车,2021-11-19,2300.502,2349.372,2274.522,2339.78,1.63,949551790.0,18669092000.0
6025,新能源车,2021-11-22,2348.622,2395.169,2347.591,2390.609,2.17,1129912870.0,26642991000.0
6026,新能源车,2021-11-23,2394.481,2421.555,2379.982,2402.683,0.51,1032408730.0,20331221000.0
6027,新能源车,2021-11-24,2405.933,2405.933,2378.363,2380.387,-0.93,744936800.0,15453037000.0
6028,新能源车,2021-11-25,2381.378,2382.383,2348.78,2354.665,-1.08,744867870.0,15475334000.0
6029,新能源车,2021-11-26,2351.772,2374.914,2348.455,2365.232,0.45,753152010.0,13509663000.0
6030,新能源车,2021-11-29,2321.433,2353.178,2311.549,2338.164,-1.14,691630500.0,15345000000.0
6031,新能源车,2021-11-30,2355.298,2401.527,2355.298,2381.855,1.87,759361560.0,15278320000.0
6032,新能源车,2021-12-01,2387.674,2398.486,2378.102,2395.51,0.57,700456880.0,13089753700.0
6033,新能源车,2021-12-02,2395.018,2470.565,2384.768,2460.373,2.71,1147854970.0,21022757000.0
6034,新能源车,2021-12-03,2462.42,2485.543,2449.973,2460.121,-0.01,967239780.0,21320935000.0
6035,新能源车,2021-12-06,2448.918,2455.557,2416.48,2420.991,-1.59,774337210.0,17252656000.0
6036,新能源车,2021-12-07,2431.974,2448.757,2408.563,2427.545,0.27,864334740.0,20174700000.0
6037,新能源车,2021-12-08,2424.035,2449.516,2407.222,2448.622,0.87,810654740.0,17158766000.0
6038,新能源车,2021-12-09,2449.761,2465.221,2442.407,2452.878,0.17,1022891730.0,19023199000.0
6039,新能源车,2021-12-10,2430.761,2464.672,2417.59,2460.523,0.31,939162850.0,18150816000.0
6040,新能源车,2021-12-13,2459.899,2489.035,2449.314,2478.278,0.72,931976520.0,18840049000.0
6041,新能源车,2021-12-14,2473.397,2473.397,2421.034,2426.178,-2.1,1055169940.0,20703882000.0
6042,新能源车,2021-12-15,2417.397,2437.205,2408.126,2426.673,0.02,759254720.0,14423308000.0
6043,新能源车,2021-12-16,2418.525,2424.401,2390.35,2423.13,-0.15,780345580.0,18346470000.0
6044,新能源车,2021-12-17,2412.686,2417.66,2401.065,2401.065,-0.91,640146960.0,12513670300.0
6045,新能源车,2021-12-20,2384.932,2385.723,2342.738,2343.272,-2.41,814344260.0,17209230000.0
6046,新能源车,2021-12-21,2340.733,2383.515,2340.733,2379.137,1.53,630055250.0,12288656700.0
6047,新能源车,2021-12-22,2393.373,2406.976,2361.093,2371.941,-0.3,579776620.0,11893426600.0
6048,新能源车,2021-12-23,2370.726,2384.711,2361.357,2376.644,0.2,702591730.0,14286192000.0
6049,新能源车,2021-12-24,2383.042,2383.042,2294.523,2295.294,-3.42,805210270.0,17456416000.0
6050,新能源车,2021-12-27,2282.021,2289.35,2255.076,2276.3,-0.83,554539000.0,11691722700.0
6051,新能源车,2021-12-28,2297.209,2305.944,2281.366,2305.943,1.3,499744320.0,11275602900.0
6052,新能源车,2021-12-29,2307.266,2307.806,2280.517,2295.956,-0.43,461986370.0,10480101900.0
6053,新能源车,2021-12-30,2297.133,2320.449,2295.069,2304.135,0.36,462332410.0,9624513100.0
6054,新能源车,2021-12-31,2322.253,2323.212,2310.741,2320.237,0.7,480418220.0,10329900000.0
6055,新能源车,2022-01-04,2332.883,2351.838,2322.833,2349.838,1.28,618454470.0,14871519000.0
6056,新能源车,2022-01-05,2354.98,2354.98,2304.023,2317.726,-1.37,586772320.0,15991996000.0
6057,新能源车,2022-01-06,2308.237,2318.034,2291.418,2304.923,-0.55,723592850.0,13538061000.0
6058,新能源车,2022-01-07,2305.296,2328.634,2296.911,2301.12,-0.16,803573210.0,13959947000.0
6059,新能源车,2022-01-10,2295.044,2304.28,2263.878,2302.609,0.06,630039870.0,12171182000.0
6060,新能源车,2022-01-11,2294.246,2309.055,2275.048,2281.437,-0.92,680427990.0,14380327000.0
6061,新能源车,2022-01-12,2291.357,2315.03,2291.357,2313.604,1.41,722453080.0,17773337000.0
6062,新能源车,2022-01-13,2314.785,2323.407,2295.61,2295.61,-0.78,758146660.0,14416186000.0
6063,新能源车,2022-01-14,2273.976,2278.092,2240.832,2241.486,-2.36,678893770.0,11598933300.0
6064,新能源车,2022-01-17,2234.983,2265.454,2233.628,2264.17,1.01,561621960.0,13143808000.0
6065,新能源车,2022-01-18,2255.317,2269.601,2243.081,2258.382,-0.26,493873090.0,10240155400.0
6066,新能源车,2022-01-19,2260.411,2268.185,2237.395,2249.069,-0.41,637826310.0,14502998000.0
6067,新能源车,2022-01-20,2248.557,2248.557,2200.683,2201.877,-2.1,534466300.0,10483557800.0
6068,新能源车,2022-01-21,2194.449,2196.496,2171.691,2175.469,-1.2,428078550.0,8020933700.0
6069,新能源车,2022-01-24,2162.26,2172.621,2149.228,2161.39,-0.65,403556150.0,8320076300.0
6070,新能源车,2022-01-25,2155.893,2174.496,2079.291,2079.628,-3.78,575180920.0,11074372700.0
6071,新能源车,2022-01-26,2089.175,2104.026,2070.988,2089.868,0.49,407978430.0,9430736600.0
6072,新能源车,2022-01-27,2095.551,2095.551,2026.034,2027.783,-2.97,510653490.0,9305825300.0
6073,新能源车,2022-01-28,2034.248,2060.377,1999.0,2040.233,0.61,527933820.0,13527034000.0
6074,新能源车,2022-02-07,2069.787,2095.313,2066.975,2072.104,1.56,584991740.0,12095723600.0
6075,新能源车,2022-02-08,2065.338,2092.528,2058.603,2092.528,0.99,472093760.0,9704533300.0
6076,新能源车,2022-02-09,2098.71,2121.581,2089.954,2118.196,1.23,500819760.0,10814250500.0
6077,新能源车,2022-02-10,2118.91,2118.91,2092.687,2103.932,-0.67,425451960.0,8522576200.0
6078,新能源车,2022-02-11,2091.631,2092.957,2062.651,2065.307,-1.84,469449260.0,9965667700.0
6079,新能源车,2022-02-14,2056.809,2066.203,2037.718,2047.932,-0.84,442570370.0,8320075500.0
6080,新能源车,2022-02-15,2046.78,2077.265,2040.49,2066.674,0.92,536084610.0,9934592200.0
6081,新能源车,2022-02-16,2080.021,2104.217,2077.552,2091.064,1.18,584047750.0,9247649100.0
6082,新能源车,2022-02-17,2088.936,2091.108,2069.637,2073.252,-0.85,528901020.0,9910199900.0
6083,新能源车,2022-02-18,2059.933,2080.529,2051.109,2079.373,0.3,388937030.0,6906109600.0
6084,新能源车,2022-02-21,2074.749,2090.604,2070.445,2089.578,0.49,387304620.0,6812815100.0
6085,新能源车,2022-02-22,2076.467,2076.467,2054.345,2060.678,-1.38,470693320.0,8123774400.0
6086,新能源车,2022-02-23,2063.979,2104.784,2063.979,2103.836,2.09,578556940.0,14220541000.0
6087,新能源车,2022-02-24,2090.304,2100.083,2011.43,2032.924,-3.37,750746090.0,14135222000.0
6088,新能源车,2022-02-25,2049.647,2076.456,2048.718,2059.244,1.29,563129560.0,10405459500.0
6089,新能源车,2022-02-28,2058.027,2059.429,2022.294,2046.629,-0.61,456621370.0,8077501100.0
6090,新能源车,2022-03-01,2058.769,2073.29,2050.948,2062.668,0.78,517326190.0,10539332000.0
6091,新能源车,2022-03-02,2051.894,2063.937,2047.271,2060.735,-0.09,418618890.0,7602799300.0
6092,新能源车,2022-03-03,2066.882,2068.4,2033.5,2038.456,-1.08,491958110.0,8634629900.0
6093,新能源车,2022-03-04,2026.103,2026.103,1994.079,2000.709,-1.85,579427300.0,13281652400.0
6094,新能源车,2022-03-07,1986.299,1986.299,1940.744,1945.712,-2.75,528889730.0,10771066700.0
6095,新能源车,2022-03-08,1942.956,1950.744,1864.469,1874.416,-3.66,638614560.0,12982837100.0
6096,新能源车,2022-03-09,1880.386,1885.655,1765.967,1845.242,-1.56,751223010.0,12977074500.0
6097,新能源车,2022-03-10,1883.531,1890.084,1870.301,1872.481,1.48,496771100.0,11037857100.0
6098,新能源车,2022-03-11,1850.837,1894.14,1826.102,1891.045,0.99,509331520.0,9303194000.0
6099,新能源车,2022-03-14,1874.02,1900.876,1860.546,1860.652,-1.61,440012840.0,7648348900.0
6100,新能源车,2022-03-15,1849.648,1849.648,1757.102,1757.118,-5.56,676914700.0,10456046100.0
6101,新能源车,2022-03-16,1786.255,1821.315,1727.529,1819.986,3.58,753008630.0,14799390000.0
6102,新能源车,2022-03-17,1839.458,1871.331,1837.749,1840.935,1.15,690501290.0,14462110000.0
6103,新能源车,2022-03-18,1832.733,1871.928,1829.076,1866.824,1.41,548785110.0,8918443300.0
6104,新能源车,2022-03-21,1872.255,1909.595,1869.45,1888.828,1.18,592704340.0,12665350800.0
6105,新能源车,2022-03-22,1882.072,1905.074,1873.837,1894.322,0.29,479869470.0,7876217600.0
6106,新能源车,2022-03-23,1910.06,1921.181,1899.108,1905.467,0.59,502748210.0,8774588500.0
6107,新能源车,2022-03-24,1893.7,1898.391,1876.615,1887.908,-0.92,479000870.0,7326749700.0
6108,新能源车,2022-03-25,1885.277,1888.676,1863.075,1870.145,-0.94,526015960.0,9782667200.0
6109,新能源车,2022-03-28,1863.582,1905.937,1843.167,1891.727,1.15,703940120.0,9935285900.0
6110,新能源车,2022-03-29,1895.932,1912.311,1872.729,1877.761,-0.74,578194360.0,8369068500.0
6111,新能源车,2022-03-30,1882.935,1912.432,1873.649,1910.371,1.74,705460950.0,12504815400.0
6112,新能源车,2022-03-31,1905.366,1915.515,1880.771,1884.103,-1.38,630514470.0,9692649300.0
6113,新能源车,2022-04-01,1874.903,1896.728,1869.297,1891.972,0.42,568981670.0,9975704700.0
6114,新能源车,2022-04-06,1897.511,1903.89,1883.751,1893.743,0.09,553056570.0,10492729400.0
6115,新能源车,2022-04-07,1882.467,1887.908,1837.588,1837.588,-2.97,510792090.0,7955772100.0
6116,新能源车,2022-04-08,1838.987,1856.545,1811.247,1855.218,0.96,600566770.0,9884781900.0
6117,新能源车,2022-04-11,1845.553,1845.553,1769.55,1776.729,-4.23,711697110.0,11182869600.0
6118,新能源车,2022-04-12,1768.621,1822.684,1764.344,1820.199,2.45,593148880.0,8488533600.0
6119,新能源车,2022-04-13,1814.939,1843.265,1802.143,1818.032,-0.12,521515600.0,7137820100.0
6120,新能源车,2022-04-14,1846.195,1896.14,1846.11,1858.527,2.23,689861630.0,9336435000.0
6121,新能源车,2022-04-15,1828.122,1852.324,1803.399,1831.283,-1.47,604838370.0,8537594700.0
6122,新能源车,2022-04-18,1828.103,1852.667,1810.68,1851.531,1.11,537816160.0,8473094200.0
6123,新能源车,2022-04-19,1851.515,1877.443,1833.081,1841.811,-0.52,508555640.0,10591947600.0
6124,新能源车,2022-04-20,1842.137,1870.072,1824.053,1834.124,-0.42,611188800.0,9301520500.0
6125,新能源车,2022-04-21,1814.439,1817.734,1756.642,1761.107,-3.98,626010220.0,9389800600.0
6126,新能源车,2022-04-22,1749.963,1754.732,1720.948,1737.328,-1.35,472605460.0,6702223200.0
6127,新能源车,2022-04-25,1709.525,1709.525,1609.122,1609.538,-7.36,695616770.0,9627384500.0
6128,新能源车,2022-04-26,1617.755,1624.619,1543.627,1548.489,-3.79,666410420.0,9202510800.0
6129,新能源车,2022-04-27,1514.206,1579.066,1484.909,1577.645,1.88,696596790.0,11764320000.0
6130,新能源车,2022-04-28,1572.565,1587.284,1538.571,1561.115,-1.05,548556830.0,8246427900.0
6131,新能源车,2022-04-29,1580.876,1650.626,1580.876,1647.663,5.54,636813150.0,11570323500.0
6132,新能源车,2022-05-05,1650.318,1702.742,1648.007,1685.837,2.32,719676010.0,13022585400.0
6133,新能源车,2022-05-06,1648.65,1669.532,1639.39,1650.924,-2.07,826615710.0,11819922300.0
6134,新能源车,2022-05-09,1639.545,1659.218,1627.237,1636.234,-0.89,605902170.0,9736130400.0
6135,新能源车,2022-05-10,1607.251,1647.509,1594.543,1646.178,0.61,655196570.0,10535844600.0
6136,新能源车,2022-05-11,1638.994,1735.609,1638.994,1688.642,2.58,1092369960.0,22140746000.0
6137,新能源车,2022-05-12,1672.906,1705.266,1669.748,1689.13,0.03,795899810.0,15291899000.0
6138,新能源车,2022-05-13,1695.693,1802.186,1695.377,1801.369,6.64,1437443000.0,25735692000.0
6139,新能源车,2022-05-16,1821.53,1821.947,1773.523,1776.465,-1.38,1217711830.0,19728024000.0
6140,新能源车,2022-05-17,1770.554,1889.121,1769.485,1863.456,4.9,1549841400.0,25286286000.0
6141,新能源车,2022-05-18,1871.186,1938.84,1846.099,1889.261,1.38,1632000000.0,25649261000.0
6142,新能源车,2022-05-19,1858.185,1943.467,1857.203,1942.907,2.84,1336064500.0,20853546000.0
6143,新能源车,2022-05-20,1947.511,1995.154,1937.656,1980.482,1.93,1250839300.0,19604887000.0
6144,新能源车,2022-05-23,1996.536,2084.358,1986.041,2063.831,4.21,1611253000.0,25520258000.0
6145,新能源车,2022-05-24,2106.157,2138.718,2038.415,2039.34,-1.19,2191340200.0,34043125000.0
6146,新能源车,2022-05-25,2022.633,2138.494,2004.857,2126.798,4.29,2006795500.0,28092525000.0
6147,新能源车,2022-05-26,2122.601,2141.717,2070.32,2117.027,-0.46,1683464100.0,20936400000.0
6148,新能源车,2022-05-27,2112.207,2192.193,2108.011,2165.83,2.31,1602532200.0,20894269000.0
6149,新能源车,2022-05-30,2177.067,2243.13,2149.752,2209.689,2.03,1658832600.0,24692931000.0
6150,新能源车,2022-05-31,2202.965,2212.511,2162.206,2179.752,-1.35,1541269600.0,23390403000.0
